decade,genre,mood,genre_album_count,album_count,album_share
1950,Avant-Garde Jazz,aggressive,1,0,0.000000
1950,Avant-Garde Jazz,angry,1,0,0.000000
1950,Avant-Garde Jazz,anxious,1,0,0.000000
1950,Avant-Garde Jazz,bittersweet,1,0,0.000000
1950,Avant-Garde Jazz,calm,1,0,0.000000
1950,Avant-Garde Jazz,dark,1,0,0.000000
1950,Avant-Garde Jazz,depressive,1,0,0.000000
1950,Avant-Garde Jazz,happy,1,0,0.000000
1950,Avant-Garde Jazz,melancholic,1,0,0.000000
1950,Avant-Garde Jazz,optimistic,1,0,0.000000
1950,Avant-Garde Jazz,peaceful,1,0,0.000000
1950,Avant-Garde Jazz,playful,1,1,1.000000
1950,Avant-Garde Jazz,sad,1,0,0.000000
1950,Avant-Garde Jazz,sombre,1,0,0.000000
1950,Avant-Garde Jazz,uplifting,1,0,0.000000
1950,Baroque Music,aggressive,1,0,0.000000
1950,Baroque Music,angry,1,0,0.000000
1950,Baroque Music,anxious,1,0,0.000000
1950,Baroque Music,bittersweet,1,0,0.000000
1950,Baroque Music,calm,1,0,0.000000
1950,Baroque Music,dark,1,0,0.000000
1950,Baroque Music,depressive,1,0,0.000000
1950,Baroque Music,happy,1,0,0.000000
1950,Baroque Music,melancholic,1,0,0.000000
1950,Baroque Music,optimistic,1,0,0.000000
1950,Baroque Music,peaceful,1,0,0.000000
1950,Baroque Music,playful,1,0,0.000000
1950,Baroque Music,sad,1,0,0.000000
1950,Baroque Music,sombre,1,0,0.000000
1950,Baroque Music,uplifting,1,1,1.000000
1950,Big Band,aggressive,1,0,0.000000
1950,Big Band,angry,1,0,0.000000
1950,Big Band,anxious,1,0,0.000000
1950,Big Band,bittersweet,1,0,0.000000
1950,Big Band,calm,1,0,0.000000
1950,Big Band,dark,1,0,0.000000
1950,Big Band,depressive,1,0,0.000000
1950,Big Band,happy,1,0,0.000000
1950,Big Band,melancholic,1,1,1.000000
1950,Big Band,optimistic,1,0,0.000000
1950,Big Band,peaceful,1,0,0.000000
1950,Big Band,playful,1,0,0.000000
1950,Big Band,sad,1,0,0.000000
1950,Big Band,sombre,1,0,0.000000
1950,Big Band,uplifting,1,0,0.000000
1950,Bossanova,aggressive,1,0,0.000000
1950,Bossanova,angry,1,0,0.000000
1950,Bossanova,anxious,1,0,0.000000
1950,Bossanova,bittersweet,1,0,0.000000
1950,Bossanova,calm,1,1,1.000000
1950,Bossanova,dark,1,0,0.000000
1950,Bossanova,depressive,1,0,0.000000
1950,Bossanova,happy,1,0,0.000000
1950,Bossanova,melancholic,1,0,0.000000
1950,Bossanova,optimistic,1,0,0.000000
1950,Bossanova,peaceful,1,1,1.000000
1950,Bossanova,playful,1,0,0.000000
1950,Bossanova,sad,1,0,0.000000
1950,Bossanova,sombre,1,0,0.000000
1950,Bossanova,uplifting,1,1,1.000000
1950,Cool Jazz,aggressive,5,0,0.000000
1950,Cool Jazz,angry,5,0,0.000000
1950,Cool Jazz,anxious,5,0,0.000000
1950,Cool Jazz,bittersweet,5,1,0.200000
1950,Cool Jazz,calm,5,3,0.600000
1950,Cool Jazz,dark,5,0,0.000000
1950,Cool Jazz,depressive,5,0,0.000000
1950,Cool Jazz,happy,5,0,0.000000
1950,Cool Jazz,melancholic,5,2,0.400000
1950,Cool Jazz,optimistic,5,0,0.000000
1950,Cool Jazz,peaceful,5,0,0.000000
1950,Cool Jazz,playful,5,1,0.200000
1950,Cool Jazz,sad,5,0,0.000000
1950,Cool Jazz,sombre,5,1,0.200000
1950,Cool Jazz,uplifting,5,0,0.000000
1950,Country,aggressive,1,0,0.000000
1950,Country,angry,1,0,0.000000
1950,Country,anxious,1,0,0.000000
1950,Country,bittersweet,1,0,0.000000
1950,Country,calm,1,0,0.000000
1950,Country,dark,1,0,0.000000
1950,Country,depressive,1,0,0.000000
1950,Country,happy,1,0,0.000000
1950,Country,melancholic,1,0,0.000000
1950,Country,optimistic,1,0,0.000000
1950,Country,peaceful,1,0,0.000000
1950,Country,playful,1,0,0.000000
1950,Country,sad,1,0,0.000000
1950,Country,sombre,1,0,0.000000
1950,Country,uplifting,1,0,0.000000
1950,Cowboy,aggressive,1,0,0.000000
1950,Cowboy,angry,1,0,0.000000
1950,Cowboy,anxious,1,0,0.000000
1950,Cowboy,bittersweet,1,0,0.000000
1950,Cowboy,calm,1,0,0.000000
1950,Cowboy,dark,1,0,0.000000
1950,Cowboy,depressive,1,0,0.000000
1950,Cowboy,happy,1,0,0.000000
1950,Cowboy,melancholic,1,0,0.000000
1950,Cowboy,optimistic,1,0,0.000000
1950,Cowboy,peaceful,1,0,0.000000
1950,Cowboy,playful,1,0,0.000000
1950,Cowboy,sad,1,0,0.000000
1950,Cowboy,sombre,1,0,0.000000
1950,Cowboy,uplifting,1,0,0.000000
1950,Film Score,aggressive,1,0,0.000000
1950,Film Score,angry,1,0,0.000000
1950,Film Score,anxious,1,0,0.000000
1950,Film Score,bittersweet,1,0,0.000000
1950,Film Score,calm,1,0,0.000000
1950,Film Score,dark,1,0,0.000000
1950,Film Score,depressive,1,0,0.000000
1950,Film Score,happy,1,0,0.000000
1950,Film Score,melancholic,1,1,1.000000
1950,Film Score,optimistic,1,0,0.000000
1950,Film Score,peaceful,1,0,0.000000
1950,Film Score,playful,1,0,0.000000
1950,Film Score,sad,1,0,0.000000
1950,Film Score,sombre,1,1,1.000000
1950,Film Score,uplifting,1,0,0.000000
1950,Hard Bop,aggressive,12,0,0.000000
1950,Hard Bop,angry,12,0,0.000000
1950,Hard Bop,anxious,12,0,0.000000
1950,Hard Bop,bittersweet,12,0,0.000000
1950,Hard Bop,calm,12,0,0.000000
1950,Hard Bop,dark,12,0,0.000000
1950,Hard Bop,depressive,12,0,0.000000
1950,Hard Bop,happy,12,2,0.166667
1950,Hard Bop,melancholic,12,1,0.083333
1950,Hard Bop,optimistic,12,0,0.000000
1950,Hard Bop,peaceful,12,0,0.000000
1950,Hard Bop,playful,12,3,0.250000
1950,Hard Bop,sad,12,0,0.000000
1950,Hard Bop,sombre,12,0,0.000000
1950,Hard Bop,uplifting,12,3,0.250000
1950,Modal Jazz,aggressive,1,0,0.000000
1950,Modal Jazz,angry,1,0,0.000000
1950,Modal Jazz,anxious,1,0,0.000000
1950,Modal Jazz,bittersweet,1,0,0.000000
1950,Modal Jazz,calm,1,1,1.000000
1950,Modal Jazz,dark,1,0,0.000000
1950,Modal Jazz,depressive,1,0,0.000000
1950,Modal Jazz,happy,1,0,0.000000
1950,Modal Jazz,melancholic,1,0,0.000000
1950,Modal Jazz,optimistic,1,0,0.000000
1950,Modal Jazz,peaceful,1,0,0.000000
1950,Modal Jazz,playful,1,0,0.000000
1950,Modal Jazz,sad,1,0,0.000000
1950,Modal Jazz,sombre,1,0,0.000000
1950,Modal Jazz,uplifting,1,0,0.000000
1950,Modern Classical,aggressive,1,0,0.000000
1950,Modern Classical,angry,1,0,0.000000
1950,Modern Classical,anxious,1,0,0.000000
1950,Modern Classical,bittersweet,1,0,0.000000
1950,Modern Classical,calm,1,0,0.000000
1950,Modern Classical,dark,1,0,0.000000
1950,Modern Classical,depressive,1,0,0.000000
1950,Modern Classical,happy,1,0,0.000000
1950,Modern Classical,melancholic,1,0,0.000000
1950,Modern Classical,optimistic,1,0,0.000000
1950,Modern Classical,peaceful,1,0,0.000000
1950,Modern Classical,playful,1,0,0.000000
1950,Modern Classical,sad,1,0,0.000000
1950,Modern Classical,sombre,1,0,0.000000
1950,Modern Classical,uplifting,1,0,0.000000
1950,Orchestral,aggressive,1,0,0.000000
1950,Orchestral,angry,1,0,0.000000
1950,Orchestral,anxious,1,0,0.000000
1950,Orchestral,bittersweet,1,0,0.000000
1950,Orchestral,calm,1,0,0.000000
1950,Orchestral,dark,1,0,0.000000
1950,Orchestral,depressive,1,0,0.000000
1950,Orchestral,happy,1,0,0.000000
1950,Orchestral,melancholic,1,0,0.000000
1950,Orchestral,optimistic,1,0,0.000000
1950,Orchestral,peaceful,1,0,0.000000
1950,Orchestral,playful,1,0,0.000000
1950,Orchestral,sad,1,0,0.000000
1950,Orchestral,sombre,1,0,0.000000
1950,Orchestral,uplifting,1,0,0.000000
1950,Post-Bop,aggressive,4,0,0.000000
1950,Post-Bop,angry,4,0,0.000000
1950,Post-Bop,anxious,4,0,0.000000
1950,Post-Bop,bittersweet,4,0,0.000000
1950,Post-Bop,calm,4,0,0.000000
1950,Post-Bop,dark,4,0,0.000000
1950,Post-Bop,depressive,4,0,0.000000
1950,Post-Bop,happy,4,0,0.000000
1950,Post-Bop,melancholic,4,0,0.000000
1950,Post-Bop,optimistic,4,0,0.000000
1950,Post-Bop,peaceful,4,0,0.000000
1950,Post-Bop,playful,4,3,0.750000
1950,Post-Bop,sad,4,0,0.000000
1950,Post-Bop,sombre,4,0,0.000000
1950,Post-Bop,uplifting,4,1,0.250000
1950,Progressive Big Band,aggressive,1,0,0.000000
1950,Progressive Big Band,angry,1,0,0.000000
1950,Progressive Big Band,anxious,1,0,0.000000
1950,Progressive Big Band,bittersweet,1,0,0.000000
1950,Progressive Big Band,calm,1,0,0.000000
1950,Progressive Big Band,dark,1,0,0.000000
1950,Progressive Big Band,depressive,1,0,0.000000
1950,Progressive Big Band,happy,1,0,0.000000
1950,Progressive Big Band,melancholic,1,1,1.000000
1950,Progressive Big Band,optimistic,1,0,0.000000
1950,Progressive Big Band,peaceful,1,0,0.000000
1950,Progressive Big Band,playful,1,0,0.000000
1950,Progressive Big Band,sad,1,0,0.000000
1950,Progressive Big Band,sombre,1,0,0.000000
1950,Progressive Big Band,uplifting,1,0,0.000000
1950,Rhythm & Blues,aggressive,1,0,0.000000
1950,Rhythm & Blues,angry,1,0,0.000000
1950,Rhythm & Blues,anxious,1,0,0.000000
1950,Rhythm & Blues,bittersweet,1,0,0.000000
1950,Rhythm & Blues,calm,1,0,0.000000
1950,Rhythm & Blues,dark,1,0,0.000000
1950,Rhythm & Blues,depressive,1,0,0.000000
1950,Rhythm & Blues,happy,1,1,1.000000
1950,Rhythm & Blues,melancholic,1,0,0.000000
1950,Rhythm & Blues,optimistic,1,0,0.000000
1950,Rhythm & Blues,peaceful,1,0,0.000000
1950,Rhythm & Blues,playful,1,1,1.000000
1950,Rhythm & Blues,sad,1,0,0.000000
1950,Rhythm & Blues,sombre,1,0,0.000000
1950,Rhythm & Blues,uplifting,1,1,1.000000
1950,Rock & Roll,aggressive,4,0,0.000000
1950,Rock & Roll,angry,4,0,0.000000
1950,Rock & Roll,anxious,4,0,0.000000
1950,Rock & Roll,bittersweet,4,0,0.000000
1950,Rock & Roll,calm,4,0,0.000000
1950,Rock & Roll,dark,4,0,0.000000
1950,Rock & Roll,depressive,4,0,0.000000
1950,Rock & Roll,happy,4,2,0.500000
1950,Rock & Roll,melancholic,4,0,0.000000
1950,Rock & Roll,optimistic,4,0,0.000000
1950,Rock & Roll,peaceful,4,0,0.000000
1950,Rock & Roll,playful,4,3,0.750000
1950,Rock & Roll,sad,4,0,0.000000
1950,Rock & Roll,sombre,4,0,0.000000
1950,Rock & Roll,uplifting,4,4,1.000000
1950,Rockabilly,aggressive,3,0,0.000000
1950,Rockabilly,angry,3,0,0.000000
1950,Rockabilly,anxious,3,0,0.000000
1950,Rockabilly,bittersweet,3,0,0.000000
1950,Rockabilly,calm,3,0,0.000000
1950,Rockabilly,dark,3,0,0.000000
1950,Rockabilly,depressive,3,0,0.000000
1950,Rockabilly,happy,3,1,0.333333
1950,Rockabilly,melancholic,3,0,0.000000
1950,Rockabilly,optimistic,3,0,0.000000
1950,Rockabilly,peaceful,3,0,0.000000
1950,Rockabilly,playful,3,1,0.333333
1950,Rockabilly,sad,3,0,0.000000
1950,Rockabilly,sombre,3,0,0.000000
1950,Rockabilly,uplifting,3,2,0.666667
1950,Standards,aggressive,3,0,0.000000
1950,Standards,angry,3,0,0.000000
1950,Standards,anxious,3,0,0.000000
1950,Standards,bittersweet,3,1,0.333333
1950,Standards,calm,3,1,0.333333
1950,Standards,dark,3,0,0.000000
1950,Standards,depressive,3,0,0.000000
1950,Standards,happy,3,1,0.333333
1950,Standards,melancholic,3,2,0.666667
1950,Standards,optimistic,3,1,0.333333
1950,Standards,peaceful,3,0,0.000000
1950,Standards,playful,3,1,0.333333
1950,Standards,sad,3,0,0.000000
1950,Standards,sombre,3,0,0.000000
1950,Standards,uplifting,3,1,0.333333
1950,Vocal Jazz,aggressive,6,0,0.000000
1950,Vocal Jazz,angry,6,0,0.000000
1950,Vocal Jazz,anxious,6,0,0.000000
1950,Vocal Jazz,bittersweet,6,3,0.500000
1950,Vocal Jazz,calm,6,1,0.166667
1950,Vocal Jazz,dark,6,0,0.000000
1950,Vocal Jazz,depressive,6,0,0.000000
1950,Vocal Jazz,happy,6,1,0.166667
1950,Vocal Jazz,melancholic,6,4,0.666667
1950,Vocal Jazz,optimistic,6,1,0.166667
1950,Vocal Jazz,peaceful,6,0,0.000000
1950,Vocal Jazz,playful,6,1,0.166667
1950,Vocal Jazz,sad,6,1,0.166667
1950,Vocal Jazz,sombre,6,0,0.000000
1950,Vocal Jazz,uplifting,6,1,0.166667
1960,Acid Rock,aggressive,7,0,0.000000
1960,Acid Rock,angry,7,0,0.000000
1960,Acid Rock,anxious,7,0,0.000000
1960,Acid Rock,bittersweet,7,0,0.000000
1960,Acid Rock,calm,7,0,0.000000
1960,Acid Rock,dark,7,2,0.285714
1960,Acid Rock,depressive,7,0,0.000000
1960,Acid Rock,happy,7,0,0.000000
1960,Acid Rock,melancholic,7,0,0.000000
1960,Acid Rock,optimistic,7,0,0.000000
1960,Acid Rock,peaceful,7,0,0.000000
1960,Acid Rock,playful,7,0,0.000000
1960,Acid Rock,sad,7,0,0.000000
1960,Acid Rock,sombre,7,0,0.000000
1960,Acid Rock,uplifting,7,0,0.000000
1960,American Primitivism,aggressive,2,0,0.000000
1960,American Primitivism,angry,2,0,0.000000
1960,American Primitivism,anxious,2,0,0.000000
1960,American Primitivism,bittersweet,2,0,0.000000
1960,American Primitivism,calm,2,0,0.000000
1960,American Primitivism,dark,2,0,0.000000
1960,American Primitivism,depressive,2,0,0.000000
1960,American Primitivism,happy,2,0,0.000000
1960,American Primitivism,melancholic,2,1,0.500000
1960,American Primitivism,optimistic,2,0,0.000000
1960,American Primitivism,peaceful,2,0,0.000000
1960,American Primitivism,playful,2,1,0.500000
1960,American Primitivism,sad,2,0,0.000000
1960,American Primitivism,sombre,2,0,0.000000
1960,American Primitivism,uplifting,2,0,0.000000
1960,Art Pop,aggressive,2,0,0.000000
1960,Art Pop,angry,2,0,0.000000
1960,Art Pop,anxious,2,0,0.000000
1960,Art Pop,bittersweet,2,0,0.000000
1960,Art Pop,calm,2,0,0.000000
1960,Art Pop,dark,2,0,0.000000
1960,Art Pop,depressive,2,0,0.000000
1960,Art Pop,happy,2,0,0.000000
1960,Art Pop,melancholic,2,1,0.500000
1960,Art Pop,optimistic,2,0,0.000000
1960,Art Pop,peaceful,2,0,0.000000
1960,Art Pop,playful,2,1,0.500000
1960,Art Pop,sad,2,0,0.000000
1960,Art Pop,sombre,2,1,0.500000
1960,Art Pop,uplifting,2,0,0.000000
1960,Art Rock,aggressive,4,0,0.000000
1960,Art Rock,angry,4,0,0.000000
1960,Art Rock,anxious,4,0,0.000000
1960,Art Rock,bittersweet,4,0,0.000000
1960,Art Rock,calm,4,0,0.000000
1960,Art Rock,dark,4,0,0.000000
1960,Art Rock,depressive,4,0,0.000000
1960,Art Rock,happy,4,0,0.000000
1960,Art Rock,melancholic,4,1,0.250000
1960,Art Rock,optimistic,4,0,0.000000
1960,Art Rock,peaceful,4,0,0.000000
1960,Art Rock,playful,4,0,0.000000
1960,Art Rock,sad,4,0,0.000000
1960,Art Rock,sombre,4,0,0.000000
1960,Art Rock,uplifting,4,1,0.250000
1960,Avant-Folk,aggressive,1,0,0.000000
1960,Avant-Folk,angry,1,0,0.000000
1960,Avant-Folk,anxious,1,0,0.000000
1960,Avant-Folk,bittersweet,1,0,0.000000
1960,Avant-Folk,calm,1,0,0.000000
1960,Avant-Folk,dark,1,1,1.000000
1960,Avant-Folk,depressive,1,0,0.000000
1960,Avant-Folk,happy,1,0,0.000000
1960,Avant-Folk,melancholic,1,0,0.000000
1960,Avant-Folk,optimistic,1,0,0.000000
1960,Avant-Folk,peaceful,1,0,0.000000
1960,Avant-Folk,playful,1,0,0.000000
1960,Avant-Folk,sad,1,0,0.000000
1960,Avant-Folk,sombre,1,1,1.000000
1960,Avant-Folk,uplifting,1,0,0.000000
1960,Avant-Garde Jazz,aggressive,6,0,0.000000
1960,Avant-Garde Jazz,angry,6,0,0.000000
1960,Avant-Garde Jazz,anxious,6,1,0.166667
1960,Avant-Garde Jazz,bittersweet,6,0,0.000000
1960,Avant-Garde Jazz,calm,6,0,0.000000
1960,Avant-Garde Jazz,dark,6,0,0.000000
1960,Avant-Garde Jazz,depressive,6,0,0.000000
1960,Avant-Garde Jazz,happy,6,0,0.000000
1960,Avant-Garde Jazz,melancholic,6,0,0.000000
1960,Avant-Garde Jazz,optimistic,6,0,0.000000
1960,Avant-Garde Jazz,peaceful,6,0,0.000000
1960,Avant-Garde Jazz,playful,6,1,0.166667
1960,Avant-Garde Jazz,sad,6,0,0.000000
1960,Avant-Garde Jazz,sombre,6,0,0.000000
1960,Avant-Garde Jazz,uplifting,6,0,0.000000
1960,Avant-Prog,aggressive,1,0,0.000000
1960,Avant-Prog,angry,1,0,0.000000
1960,Avant-Prog,anxious,1,0,0.000000
1960,Avant-Prog,bittersweet,1,0,0.000000
1960,Avant-Prog,calm,1,0,0.000000
1960,Avant-Prog,dark,1,0,0.000000
1960,Avant-Prog,depressive,1,0,0.000000
1960,Avant-Prog,happy,1,0,0.000000
1960,Avant-Prog,melancholic,1,0,0.000000
1960,Avant-Prog,optimistic,1,0,0.000000
1960,Avant-Prog,peaceful,1,0,0.000000
1960,Avant-Prog,playful,1,1,1.000000
1960,Avant-Prog,sad,1,0,0.000000
1960,Avant-Prog,sombre,1,0,0.000000
1960,Avant-Prog,uplifting,1,0,0.000000
1960,Baroque Pop,aggressive,16,0,0.000000
1960,Baroque Pop,angry,16,0,0.000000
1960,Baroque Pop,anxious,16,0,0.000000
1960,Baroque Pop,bittersweet,16,6,0.375000
1960,Baroque Pop,calm,16,0,0.000000
1960,Baroque Pop,dark,16,0,0.000000
1960,Baroque Pop,depressive,16,0,0.000000
1960,Baroque Pop,happy,16,2,0.125000
1960,Baroque Pop,melancholic,16,5,0.312500
1960,Baroque Pop,optimistic,16,3,0.187500
1960,Baroque Pop,peaceful,16,2,0.125000
1960,Baroque Pop,playful,16,4,0.250000
1960,Baroque Pop,sad,16,0,0.000000
1960,Baroque Pop,sombre,16,2,0.125000
1960,Baroque Pop,uplifting,16,4,0.250000
1960,Beat Music,aggressive,2,0,0.000000
1960,Beat Music,angry,2,0,0.000000
1960,Beat Music,anxious,2,0,0.000000
1960,Beat Music,bittersweet,2,0,0.000000
1960,Beat Music,calm,2,0,0.000000
1960,Beat Music,dark,2,0,0.000000
1960,Beat Music,depressive,2,0,0.000000
1960,Beat Music,happy,2,0,0.000000
1960,Beat Music,melancholic,2,0,0.000000
1960,Beat Music,optimistic,2,0,0.000000
1960,Beat Music,peaceful,2,0,0.000000
1960,Beat Music,playful,2,1,0.500000
1960,Beat Music,sad,2,0,0.000000
1960,Beat Music,sombre,2,0,0.000000
1960,Beat Music,uplifting,2,0,0.000000
1960,Big Band,aggressive,1,0,0.000000
1960,Big Band,angry,1,0,0.000000
1960,Big Band,anxious,1,0,0.000000
1960,Big Band,bittersweet,1,0,0.000000
1960,Big Band,calm,1,0,0.000000
1960,Big Band,dark,1,0,0.000000
1960,Big Band,depressive,1,0,0.000000
1960,Big Band,happy,1,0,0.000000
1960,Big Band,melancholic,1,0,0.000000
1960,Big Band,optimistic,1,0,0.000000
1960,Big Band,peaceful,1,0,0.000000
1960,Big Band,playful,1,0,0.000000
1960,Big Band,sad,1,0,0.000000
1960,Big Band,sombre,1,0,0.000000
1960,Big Band,uplifting,1,0,0.000000
1960,Blue-Eyed Soul,aggressive,3,0,0.000000
1960,Blue-Eyed Soul,angry,3,0,0.000000
1960,Blue-Eyed Soul,anxious,3,0,0.000000
1960,Blue-Eyed Soul,bittersweet,3,1,0.333333
1960,Blue-Eyed Soul,calm,3,0,0.000000
1960,Blue-Eyed Soul,dark,3,0,0.000000
1960,Blue-Eyed Soul,depressive,3,0,0.000000
1960,Blue-Eyed Soul,happy,3,0,0.000000
1960,Blue-Eyed Soul,melancholic,3,0,0.000000
1960,Blue-Eyed Soul,optimistic,3,1,0.333333
1960,Blue-Eyed Soul,peaceful,3,0,0.000000
1960,Blue-Eyed Soul,playful,3,1,0.333333
1960,Blue-Eyed Soul,sad,3,0,0.000000
1960,Blue-Eyed Soul,sombre,3,0,0.000000
1960,Blue-Eyed Soul,uplifting,3,2,0.666667
1960,Blues,aggressive,1,0,0.000000
1960,Blues,angry,1,0,0.000000
1960,Blues,anxious,1,0,0.000000
1960,Blues,bittersweet,1,0,0.000000
1960,Blues,calm,1,0,0.000000
1960,Blues,dark,1,0,0.000000
1960,Blues,depressive,1,0,0.000000
1960,Blues,happy,1,0,0.000000
1960,Blues,melancholic,1,1,1.000000
1960,Blues,optimistic,1,0,0.000000
1960,Blues,peaceful,1,0,0.000000
1960,Blues,playful,1,1,1.000000
1960,Blues,sad,1,0,0.000000
1960,Blues,sombre,1,0,0.000000
1960,Blues,uplifting,1,0,0.000000
1960,Blues Rock,aggressive,28,0,0.000000
1960,Blues Rock,angry,28,0,0.000000
1960,Blues Rock,anxious,28,1,0.035714
1960,Blues Rock,bittersweet,28,5,0.178571
1960,Blues Rock,calm,28,0,0.000000
1960,Blues Rock,dark,28,0,0.000000
1960,Blues Rock,depressive,28,0,0.000000
1960,Blues Rock,happy,28,0,0.000000
1960,Blues Rock,melancholic,28,1,0.035714
1960,Blues Rock,optimistic,28,0,0.000000
1960,Blues Rock,peaceful,28,0,0.000000
1960,Blues Rock,playful,28,10,0.357143
1960,Blues Rock,sad,28,0,0.000000
1960,Blues Rock,sombre,28,0,0.000000
1960,Blues Rock,uplifting,28,1,0.035714
1960,Bossanova,aggressive,2,0,0.000000
1960,Bossanova,angry,2,0,0.000000
1960,Bossanova,anxious,2,0,0.000000
1960,Bossanova,bittersweet,2,0,0.000000
1960,Bossanova,calm,2,2,1.000000
1960,Bossanova,dark,2,0,0.000000
1960,Bossanova,depressive,2,0,0.000000
1960,Bossanova,happy,2,0,0.000000
1960,Bossanova,melancholic,2,0,0.000000
1960,Bossanova,optimistic,2,0,0.000000
1960,Bossanova,peaceful,2,1,0.500000
1960,Bossanova,playful,2,0,0.000000
1960,Bossanova,sad,2,0,0.000000
1960,Bossanova,sombre,2,0,0.000000
1960,Bossanova,uplifting,2,0,0.000000
1960,Brill Building,aggressive,2,0,0.000000
1960,Brill Building,angry,2,0,0.000000
1960,Brill Building,anxious,2,0,0.000000
1960,Brill Building,bittersweet,2,0,0.000000
1960,Brill Building,calm,2,0,0.000000
1960,Brill Building,dark,2,0,0.000000
1960,Brill Building,depressive,2,0,0.000000
1960,Brill Building,happy,2,2,1.000000
1960,Brill Building,melancholic,2,0,0.000000
1960,Brill Building,optimistic,2,0,0.000000
1960,Brill Building,peaceful,2,0,0.000000
1960,Brill Building,playful,2,0,0.000000
1960,Brill Building,sad,2,0,0.000000
1960,Brill Building,sombre,2,0,0.000000
1960,Brill Building,uplifting,2,2,1.000000
1960,British Blues,aggressive,2,0,0.000000
1960,British Blues,angry,2,0,0.000000
1960,British Blues,anxious,2,0,0.000000
1960,British Blues,bittersweet,2,0,0.000000
1960,British Blues,calm,2,0,0.000000
1960,British Blues,dark,2,0,0.000000
1960,British Blues,depressive,2,0,0.000000
1960,British Blues,happy,2,0,0.000000
1960,British Blues,melancholic,2,0,0.000000
1960,British Blues,optimistic,2,0,0.000000
1960,British Blues,peaceful,2,0,0.000000
1960,British Blues,playful,2,1,0.500000
1960,British Blues,sad,2,0,0.000000
1960,British Blues,sombre,2,0,0.000000
1960,British Blues,uplifting,2,0,0.000000
1960,British Folk Rock,aggressive,4,0,0.000000
1960,British Folk Rock,angry,4,0,0.000000
1960,British Folk Rock,anxious,4,0,0.000000
1960,British Folk Rock,bittersweet,4,2,0.500000
1960,British Folk Rock,calm,4,0,0.000000
1960,British Folk Rock,dark,4,0,0.000000
1960,British Folk Rock,depressive,4,0,0.000000
1960,British Folk Rock,happy,4,0,0.000000
1960,British Folk Rock,melancholic,4,0,0.000000
1960,British Folk Rock,optimistic,4,0,0.000000
1960,British Folk Rock,peaceful,4,0,0.000000
1960,British Folk Rock,playful,4,2,0.500000
1960,British Folk Rock,sad,4,0,0.000000
1960,British Folk Rock,sombre,4,0,0.000000
1960,British Folk Rock,uplifting,4,1,0.250000
1960,British Rhythm & Blues,aggressive,4,0,0.000000
1960,British Rhythm & Blues,angry,4,0,0.000000
1960,British Rhythm & Blues,anxious,4,0,0.000000
1960,British Rhythm & Blues,bittersweet,4,1,0.250000
1960,British Rhythm & Blues,calm,4,0,0.000000
1960,British Rhythm & Blues,dark,4,0,0.000000
1960,British Rhythm & Blues,depressive,4,0,0.000000
1960,British Rhythm & Blues,happy,4,0,0.000000
1960,British Rhythm & Blues,melancholic,4,0,0.000000
1960,British Rhythm & Blues,optimistic,4,0,0.000000
1960,British Rhythm & Blues,peaceful,4,0,0.000000
1960,British Rhythm & Blues,playful,4,3,0.750000
1960,British Rhythm & Blues,sad,4,0,0.000000
1960,British Rhythm & Blues,sombre,4,0,0.000000
1960,British Rhythm & Blues,uplifting,4,0,0.000000
1960,Canterbury Scene,aggressive,3,0,0.000000
1960,Canterbury Scene,angry,3,0,0.000000
1960,Canterbury Scene,anxious,3,0,0.000000
1960,Canterbury Scene,bittersweet,3,0,0.000000
1960,Canterbury Scene,calm,3,0,0.000000
1960,Canterbury Scene,dark,3,0,0.000000
1960,Canterbury Scene,depressive,3,0,0.000000
1960,Canterbury Scene,happy,3,0,0.000000
1960,Canterbury Scene,melancholic,3,0,0.000000
1960,Canterbury Scene,optimistic,3,0,0.000000
1960,Canterbury Scene,peaceful,3,0,0.000000
1960,Canterbury Scene,playful,3,3,1.000000
1960,Canterbury Scene,sad,3,0,0.000000
1960,Canterbury Scene,sombre,3,0,0.000000
1960,Canterbury Scene,uplifting,3,0,0.000000
1960,Chamber Folk,aggressive,3,0,0.000000
1960,Chamber Folk,angry,3,0,0.000000
1960,Chamber Folk,anxious,3,0,0.000000
1960,Chamber Folk,bittersweet,3,2,0.666667
1960,Chamber Folk,calm,3,0,0.000000
1960,Chamber Folk,dark,3,0,0.000000
1960,Chamber Folk,depressive,3,0,0.000000
1960,Chamber Folk,happy,3,0,0.000000
1960,Chamber Folk,melancholic,3,2,0.666667
1960,Chamber Folk,optimistic,3,0,0.000000
1960,Chamber Folk,peaceful,3,2,0.666667
1960,Chamber Folk,playful,3,0,0.000000
1960,Chamber Folk,sad,3,0,0.000000
1960,Chamber Folk,sombre,3,0,0.000000
1960,Chamber Folk,uplifting,3,0,0.000000
1960,Chamber Jazz,aggressive,1,0,0.000000
1960,Chamber Jazz,angry,1,0,0.000000
1960,Chamber Jazz,anxious,1,0,0.000000
1960,Chamber Jazz,bittersweet,1,0,0.000000
1960,Chamber Jazz,calm,1,1,1.000000
1960,Chamber Jazz,dark,1,0,0.000000
1960,Chamber Jazz,depressive,1,0,0.000000
1960,Chamber Jazz,happy,1,0,0.000000
1960,Chamber Jazz,melancholic,1,0,0.000000
1960,Chamber Jazz,optimistic,1,0,0.000000
1960,Chamber Jazz,peaceful,1,0,0.000000
1960,Chamber Jazz,playful,1,0,0.000000
1960,Chamber Jazz,sad,1,0,0.000000
1960,Chamber Jazz,sombre,1,0,0.000000
1960,Chamber Jazz,uplifting,1,0,0.000000
1960,Christmas Music,aggressive,2,0,0.000000
1960,Christmas Music,angry,2,0,0.000000
1960,Christmas Music,anxious,2,0,0.000000
1960,Christmas Music,bittersweet,2,0,0.000000
1960,Christmas Music,calm,2,0,0.000000
1960,Christmas Music,dark,2,0,0.000000
1960,Christmas Music,depressive,2,0,0.000000
1960,Christmas Music,happy,2,1,0.500000
1960,Christmas Music,melancholic,2,0,0.000000
1960,Christmas Music,optimistic,2,0,0.000000
1960,Christmas Music,peaceful,2,1,0.500000
1960,Christmas Music,playful,2,0,0.000000
1960,Christmas Music,sad,2,0,0.000000
1960,Christmas Music,sombre,2,0,0.000000
1960,Christmas Music,uplifting,2,1,0.500000
1960,Contemporary Folk,aggressive,16,0,0.000000
1960,Contemporary Folk,angry,16,0,0.000000
1960,Contemporary Folk,anxious,16,0,0.000000
1960,Contemporary Folk,bittersweet,16,6,0.375000
1960,Contemporary Folk,calm,16,0,0.000000
1960,Contemporary Folk,dark,16,0,0.000000
1960,Contemporary Folk,depressive,16,1,0.062500
1960,Contemporary Folk,happy,16,0,0.000000
1960,Contemporary Folk,melancholic,16,8,0.500000
1960,Contemporary Folk,optimistic,16,0,0.000000
1960,Contemporary Folk,peaceful,16,3,0.187500
1960,Contemporary Folk,playful,16,1,0.062500
1960,Contemporary Folk,sad,16,1,0.062500
1960,Contemporary Folk,sombre,16,3,0.187500
1960,Contemporary Folk,uplifting,16,0,0.000000
1960,Cool Jazz,aggressive,5,0,0.000000
1960,Cool Jazz,angry,5,0,0.000000
1960,Cool Jazz,anxious,5,0,0.000000
1960,Cool Jazz,bittersweet,5,0,0.000000
1960,Cool Jazz,calm,5,3,0.600000
1960,Cool Jazz,dark,5,0,0.000000
1960,Cool Jazz,depressive,5,0,0.000000
1960,Cool Jazz,happy,5,0,0.000000
1960,Cool Jazz,melancholic,5,0,0.000000
1960,Cool Jazz,optimistic,5,0,0.000000
1960,Cool Jazz,peaceful,5,2,0.400000
1960,Cool Jazz,playful,5,0,0.000000
1960,Cool Jazz,sad,5,0,0.000000
1960,Cool Jazz,sombre,5,0,0.000000
1960,Cool Jazz,uplifting,5,0,0.000000
1960,Country,aggressive,4,0,0.000000
1960,Country,angry,4,0,0.000000
1960,Country,anxious,4,0,0.000000
1960,Country,bittersweet,4,3,0.750000
1960,Country,calm,4,0,0.000000
1960,Country,dark,4,0,0.000000
1960,Country,depressive,4,0,0.000000
1960,Country,happy,4,0,0.000000
1960,Country,melancholic,4,2,0.500000
1960,Country,optimistic,4,0,0.000000
1960,Country,peaceful,4,1,0.250000
1960,Country,playful,4,1,0.250000
1960,Country,sad,4,1,0.250000
1960,Country,sombre,4,0,0.000000
1960,Country,uplifting,4,0,0.000000
1960,Country Pop,aggressive,1,0,0.000000
1960,Country Pop,angry,1,0,0.000000
1960,Country Pop,anxious,1,0,0.000000
1960,Country Pop,bittersweet,1,0,0.000000
1960,Country Pop,calm,1,0,0.000000
1960,Country Pop,dark,1,0,0.000000
1960,Country Pop,depressive,1,0,0.000000
1960,Country Pop,happy,1,0,0.000000
1960,Country Pop,melancholic,1,0,0.000000
1960,Country Pop,optimistic,1,0,0.000000
1960,Country Pop,peaceful,1,0,0.000000
1960,Country Pop,playful,1,0,0.000000
1960,Country Pop,sad,1,0,0.000000
1960,Country Pop,sombre,1,0,0.000000
1960,Country Pop,uplifting,1,0,0.000000
1960,Country Rock,aggressive,6,0,0.000000
1960,Country Rock,angry,6,0,0.000000
1960,Country Rock,anxious,6,0,0.000000
1960,Country Rock,bittersweet,6,4,0.666667
1960,Country Rock,calm,6,0,0.000000
1960,Country Rock,dark,6,0,0.000000
1960,Country Rock,depressive,6,0,0.000000
1960,Country Rock,happy,6,0,0.000000
1960,Country Rock,melancholic,6,1,0.166667
1960,Country Rock,optimistic,6,0,0.000000
1960,Country Rock,peaceful,6,1,0.166667
1960,Country Rock,playful,6,1,0.166667
1960,Country Rock,sad,6,0,0.000000
1960,Country Rock,sombre,6,0,0.000000
1960,Country Rock,uplifting,6,0,0.000000
1960,Country Soul,aggressive,1,0,0.000000
1960,Country Soul,angry,1,0,0.000000
1960,Country Soul,anxious,1,0,0.000000
1960,Country Soul,bittersweet,1,1,1.000000
1960,Country Soul,calm,1,0,0.000000
1960,Country Soul,dark,1,0,0.000000
1960,Country Soul,depressive,1,0,0.000000
1960,Country Soul,happy,1,0,0.000000
1960,Country Soul,melancholic,1,0,0.000000
1960,Country Soul,optimistic,1,0,0.000000
1960,Country Soul,peaceful,1,0,0.000000
1960,Country Soul,playful,1,0,0.000000
1960,Country Soul,sad,1,0,0.000000
1960,Country Soul,sombre,1,0,0.000000
1960,Country Soul,uplifting,1,0,0.000000
1960,Deep Soul,aggressive,3,0,0.000000
1960,Deep Soul,angry,3,0,0.000000
1960,Deep Soul,anxious,3,0,0.000000
1960,Deep Soul,bittersweet,3,2,0.666667
1960,Deep Soul,calm,3,0,0.000000
1960,Deep Soul,dark,3,0,0.000000
1960,Deep Soul,depressive,3,0,0.000000
1960,Deep Soul,happy,3,0,0.000000
1960,Deep Soul,melancholic,3,0,0.000000
1960,Deep Soul,optimistic,3,0,0.000000
1960,Deep Soul,peaceful,3,0,0.000000
1960,Deep Soul,playful,3,0,0.000000
1960,Deep Soul,sad,3,0,0.000000
1960,Deep Soul,sombre,3,0,0.000000
1960,Deep Soul,uplifting,3,1,0.333333
1960,Doo-Wop,aggressive,1,0,0.000000
1960,Doo-Wop,angry,1,0,0.000000
1960,Doo-Wop,anxious,1,0,0.000000
1960,Doo-Wop,bittersweet,1,0,0.000000
1960,Doo-Wop,calm,1,0,0.000000
1960,Doo-Wop,dark,1,1,1.000000
1960,Doo-Wop,depressive,1,0,0.000000
1960,Doo-Wop,happy,1,0,0.000000
1960,Doo-Wop,melancholic,1,0,0.000000
1960,Doo-Wop,optimistic,1,0,0.000000
1960,Doo-Wop,peaceful,1,0,0.000000
1960,Doo-Wop,playful,1,1,1.000000
1960,Doo-Wop,sad,1,0,0.000000
1960,Doo-Wop,sombre,1,0,0.000000
1960,Doo-Wop,uplifting,1,0,0.000000
1960,Electronic,aggressive,2,0,0.000000
1960,Electronic,angry,2,0,0.000000
1960,Electronic,anxious,2,1,0.500000
1960,Electronic,bittersweet,2,0,0.000000
1960,Electronic,calm,2,0,0.000000
1960,Electronic,dark,2,0,0.000000
1960,Electronic,depressive,2,0,0.000000
1960,Electronic,happy,2,0,0.000000
1960,Electronic,melancholic,2,0,0.000000
1960,Electronic,optimistic,2,0,0.000000
1960,Electronic,peaceful,2,0,0.000000
1960,Electronic,playful,2,0,0.000000
1960,Electronic,sad,2,0,0.000000
1960,Electronic,sombre,2,0,0.000000
1960,Electronic,uplifting,2,1,0.500000
1960,European Free Jazz,aggressive,1,1,1.000000
1960,European Free Jazz,angry,1,0,0.000000
1960,European Free Jazz,anxious,1,0,0.000000
1960,European Free Jazz,bittersweet,1,0,0.000000
1960,European Free Jazz,calm,1,0,0.000000
1960,European Free Jazz,dark,1,0,0.000000
1960,European Free Jazz,depressive,1,0,0.000000
1960,European Free Jazz,happy,1,0,0.000000
1960,European Free Jazz,melancholic,1,0,0.000000
1960,European Free Jazz,optimistic,1,0,0.000000
1960,European Free Jazz,peaceful,1,0,0.000000
1960,European Free Jazz,playful,1,0,0.000000
1960,European Free Jazz,sad,1,0,0.000000
1960,European Free Jazz,sombre,1,0,0.000000
1960,European Free Jazz,uplifting,1,0,0.000000
1960,Experimental,aggressive,2,0,0.000000
1960,Experimental,angry,2,0,0.000000
1960,Experimental,anxious,2,0,0.000000
1960,Experimental,bittersweet,2,0,0.000000
1960,Experimental,calm,2,0,0.000000
1960,Experimental,dark,2,0,0.000000
1960,Experimental,depressive,2,0,0.000000
1960,Experimental,happy,2,0,0.000000
1960,Experimental,melancholic,2,0,0.000000
1960,Experimental,optimistic,2,0,0.000000
1960,Experimental,peaceful,2,0,0.000000
1960,Experimental,playful,2,0,0.000000
1960,Experimental,sad,2,0,0.000000
1960,Experimental,sombre,2,0,0.000000
1960,Experimental,uplifting,2,0,0.000000
1960,Experimental Rock,aggressive,12,0,0.000000
1960,Experimental Rock,angry,12,0,0.000000
1960,Experimental Rock,anxious,12,1,0.083333
1960,Experimental Rock,bittersweet,12,0,0.000000
1960,Experimental Rock,calm,12,0,0.000000
1960,Experimental Rock,dark,12,0,0.000000
1960,Experimental Rock,depressive,12,0,0.000000
1960,Experimental Rock,happy,12,0,0.000000
1960,Experimental Rock,melancholic,12,0,0.000000
1960,Experimental Rock,optimistic,12,0,0.000000
1960,Experimental Rock,peaceful,12,0,0.000000
1960,Experimental Rock,playful,12,7,0.583333
1960,Experimental Rock,sad,12,0,0.000000
1960,Experimental Rock,sombre,12,0,0.000000
1960,Experimental Rock,uplifting,12,0,0.000000
1960,Film Score,aggressive,3,0,0.000000
1960,Film Score,angry,3,0,0.000000
1960,Film Score,anxious,3,0,0.000000
1960,Film Score,bittersweet,3,0,0.000000
1960,Film Score,calm,3,0,0.000000
1960,Film Score,dark,3,0,0.000000
1960,Film Score,depressive,3,0,0.000000
1960,Film Score,happy,3,0,0.000000
1960,Film Score,melancholic,3,0,0.000000
1960,Film Score,optimistic,3,0,0.000000
1960,Film Score,peaceful,3,0,0.000000
1960,Film Score,playful,3,1,0.333333
1960,Film Score,sad,3,0,0.000000
1960,Film Score,sombre,3,1,0.333333
1960,Film Score,uplifting,3,1,0.333333
1960,Film Soundtrack,aggressive,2,0,0.000000
1960,Film Soundtrack,angry,2,0,0.000000
1960,Film Soundtrack,anxious,2,0,0.000000
1960,Film Soundtrack,bittersweet,2,0,0.000000
1960,Film Soundtrack,calm,2,0,0.000000
1960,Film Soundtrack,dark,2,0,0.000000
1960,Film Soundtrack,depressive,2,0,0.000000
1960,Film Soundtrack,happy,2,0,0.000000
1960,Film Soundtrack,melancholic,2,0,0.000000
1960,Film Soundtrack,optimistic,2,0,0.000000
1960,Film Soundtrack,peaceful,2,0,0.000000
1960,Film Soundtrack,playful,2,2,1.000000
1960,Film Soundtrack,sad,2,0,0.000000
1960,Film Soundtrack,sombre,2,0,0.000000
1960,Film Soundtrack,uplifting,2,1,0.500000
1960,Folk Baroque,aggressive,2,0,0.000000
1960,Folk Baroque,angry,2,0,0.000000
1960,Folk Baroque,anxious,2,0,0.000000
1960,Folk Baroque,bittersweet,2,1,0.500000
1960,Folk Baroque,calm,2,0,0.000000
1960,Folk Baroque,dark,2,0,0.000000
1960,Folk Baroque,depressive,2,0,0.000000
1960,Folk Baroque,happy,2,0,0.000000
1960,Folk Baroque,melancholic,2,1,0.500000
1960,Folk Baroque,optimistic,2,0,0.000000
1960,Folk Baroque,peaceful,2,0,0.000000
1960,Folk Baroque,playful,2,0,0.000000
1960,Folk Baroque,sad,2,0,0.000000
1960,Folk Baroque,sombre,2,0,0.000000
1960,Folk Baroque,uplifting,2,1,0.500000
1960,Folk Pop,aggressive,4,0,0.000000
1960,Folk Pop,angry,4,0,0.000000
1960,Folk Pop,anxious,4,0,0.000000
1960,Folk Pop,bittersweet,4,4,1.000000
1960,Folk Pop,calm,4,1,0.250000
1960,Folk Pop,dark,4,0,0.000000
1960,Folk Pop,depressive,4,0,0.000000
1960,Folk Pop,happy,4,0,0.000000
1960,Folk Pop,melancholic,4,1,0.250000
1960,Folk Pop,optimistic,4,0,0.000000
1960,Folk Pop,peaceful,4,1,0.250000
1960,Folk Pop,playful,4,0,0.000000
1960,Folk Pop,sad,4,0,0.000000
1960,Folk Pop,sombre,4,0,0.000000
1960,Folk Pop,uplifting,4,0,0.000000
1960,Folk Rock,aggressive,24,0,0.000000
1960,Folk Rock,angry,24,0,0.000000
1960,Folk Rock,anxious,24,0,0.000000
1960,Folk Rock,bittersweet,24,14,0.583333
1960,Folk Rock,calm,24,2,0.083333
1960,Folk Rock,dark,24,0,0.000000
1960,Folk Rock,depressive,24,0,0.000000
1960,Folk Rock,happy,24,0,0.000000
1960,Folk Rock,melancholic,24,3,0.125000
1960,Folk Rock,optimistic,24,0,0.000000
1960,Folk Rock,peaceful,24,4,0.166667
1960,Folk Rock,playful,24,4,0.166667
1960,Folk Rock,sad,24,0,0.000000
1960,Folk Rock,sombre,24,0,0.000000
1960,Folk Rock,uplifting,24,2,0.083333
1960,Freakbeat,aggressive,2,0,0.000000
1960,Freakbeat,angry,2,0,0.000000
1960,Freakbeat,anxious,2,0,0.000000
1960,Freakbeat,bittersweet,2,0,0.000000
1960,Freakbeat,calm,2,0,0.000000
1960,Freakbeat,dark,2,0,0.000000
1960,Freakbeat,depressive,2,0,0.000000
1960,Freakbeat,happy,2,0,0.000000
1960,Freakbeat,melancholic,2,0,0.000000
1960,Freakbeat,optimistic,2,0,0.000000
1960,Freakbeat,peaceful,2,0,0.000000
1960,Freakbeat,playful,2,2,1.000000
1960,Freakbeat,sad,2,0,0.000000
1960,Freakbeat,sombre,2,0,0.000000
1960,Freakbeat,uplifting,2,0,0.000000
1960,Free Improvisation,aggressive,1,0,0.000000
1960,Free Improvisation,angry,1,0,0.000000
1960,Free Improvisation,anxious,1,0,0.000000
1960,Free Improvisation,bittersweet,1,0,0.000000
1960,Free Improvisation,calm,1,0,0.000000
1960,Free Improvisation,dark,1,0,0.000000
1960,Free Improvisation,depressive,1,0,0.000000
1960,Free Improvisation,happy,1,0,0.000000
1960,Free Improvisation,melancholic,1,0,0.000000
1960,Free Improvisation,optimistic,1,0,0.000000
1960,Free Improvisation,peaceful,1,0,0.000000
1960,Free Improvisation,playful,1,1,1.000000
1960,Free Improvisation,sad,1,0,0.000000
1960,Free Improvisation,sombre,1,0,0.000000
1960,Free Improvisation,uplifting,1,0,0.000000
1960,Free Jazz,aggressive,8,0,0.000000
1960,Free Jazz,angry,8,0,0.000000
1960,Free Jazz,anxious,8,2,0.250000
1960,Free Jazz,bittersweet,8,0,0.000000
1960,Free Jazz,calm,8,0,0.000000
1960,Free Jazz,dark,8,0,0.000000
1960,Free Jazz,depressive,8,0,0.000000
1960,Free Jazz,happy,8,0,0.000000
1960,Free Jazz,melancholic,8,0,0.000000
1960,Free Jazz,optimistic,8,0,0.000000
1960,Free Jazz,peaceful,8,0,0.000000
1960,Free Jazz,playful,8,0,0.000000
1960,Free Jazz,sad,8,0,0.000000
1960,Free Jazz,sombre,8,0,0.000000
1960,Free Jazz,uplifting,8,0,0.000000
1960,Funk,aggressive,1,0,0.000000
1960,Funk,angry,1,0,0.000000
1960,Funk,anxious,1,0,0.000000
1960,Funk,bittersweet,1,0,0.000000
1960,Funk,calm,1,0,0.000000
1960,Funk,dark,1,0,0.000000
1960,Funk,depressive,1,0,0.000000
1960,Funk,happy,1,1,1.000000
1960,Funk,melancholic,1,0,0.000000
1960,Funk,optimistic,1,1,1.000000
1960,Funk,peaceful,1,0,0.000000
1960,Funk,playful,1,0,0.000000
1960,Funk,sad,1,0,0.000000
1960,Funk,sombre,1,0,0.000000
1960,Funk,uplifting,1,1,1.000000
1960,Garage Rock,aggressive,7,0,0.000000
1960,Garage Rock,angry,7,1,0.142857
1960,Garage Rock,anxious,7,1,0.142857
1960,Garage Rock,bittersweet,7,1,0.142857
1960,Garage Rock,calm,7,0,0.000000
1960,Garage Rock,dark,7,0,0.000000
1960,Garage Rock,depressive,7,0,0.000000
1960,Garage Rock,happy,7,0,0.000000
1960,Garage Rock,melancholic,7,1,0.142857
1960,Garage Rock,optimistic,7,0,0.000000
1960,Garage Rock,peaceful,7,0,0.000000
1960,Garage Rock,playful,7,4,0.571429
1960,Garage Rock,sad,7,0,0.000000
1960,Garage Rock,sombre,7,0,0.000000
1960,Garage Rock,uplifting,7,0,0.000000
1960,Girl Group,aggressive,2,0,0.000000
1960,Girl Group,angry,2,0,0.000000
1960,Girl Group,anxious,2,0,0.000000
1960,Girl Group,bittersweet,2,0,0.000000
1960,Girl Group,calm,2,0,0.000000
1960,Girl Group,dark,2,0,0.000000
1960,Girl Group,depressive,2,0,0.000000
1960,Girl Group,happy,2,2,1.000000
1960,Girl Group,melancholic,2,0,0.000000
1960,Girl Group,optimistic,2,0,0.000000
1960,Girl Group,peaceful,2,0,0.000000
1960,Girl Group,playful,2,0,0.000000
1960,Girl Group,sad,2,0,0.000000
1960,Girl Group,sombre,2,0,0.000000
1960,Girl Group,uplifting,2,2,1.000000
1960,Hard Bop,aggressive,13,0,0.000000
1960,Hard Bop,angry,13,0,0.000000
1960,Hard Bop,anxious,13,0,0.000000
1960,Hard Bop,bittersweet,13,0,0.000000
1960,Hard Bop,calm,13,3,0.230769
1960,Hard Bop,dark,13,0,0.000000
1960,Hard Bop,depressive,13,0,0.000000
1960,Hard Bop,happy,13,1,0.076923
1960,Hard Bop,melancholic,13,1,0.076923
1960,Hard Bop,optimistic,13,0,0.000000
1960,Hard Bop,peaceful,13,1,0.076923
1960,Hard Bop,playful,13,4,0.307692
1960,Hard Bop,sad,13,0,0.000000
1960,Hard Bop,sombre,13,0,0.000000
1960,Hard Bop,uplifting,13,1,0.076923
1960,Hard Rock,aggressive,6,0,0.000000
1960,Hard Rock,angry,6,0,0.000000
1960,Hard Rock,anxious,6,0,0.000000
1960,Hard Rock,bittersweet,6,1,0.166667
1960,Hard Rock,calm,6,0,0.000000
1960,Hard Rock,dark,6,0,0.000000
1960,Hard Rock,depressive,6,0,0.000000
1960,Hard Rock,happy,6,0,0.000000
1960,Hard Rock,melancholic,6,0,0.000000
1960,Hard Rock,optimistic,6,0,0.000000
1960,Hard Rock,peaceful,6,0,0.000000
1960,Hard Rock,playful,6,0,0.000000
1960,Hard Rock,sad,6,0,0.000000
1960,Hard Rock,sombre,6,0,0.000000
1960,Hard Rock,uplifting,6,0,0.000000
1960,Heavy Psych,aggressive,2,0,0.000000
1960,Heavy Psych,angry,2,0,0.000000
1960,Heavy Psych,anxious,2,0,0.000000
1960,Heavy Psych,bittersweet,2,0,0.000000
1960,Heavy Psych,calm,2,0,0.000000
1960,Heavy Psych,dark,2,0,0.000000
1960,Heavy Psych,depressive,2,0,0.000000
1960,Heavy Psych,happy,2,0,0.000000
1960,Heavy Psych,melancholic,2,0,0.000000
1960,Heavy Psych,optimistic,2,0,0.000000
1960,Heavy Psych,peaceful,2,0,0.000000
1960,Heavy Psych,playful,2,0,0.000000
1960,Heavy Psych,sad,2,0,0.000000
1960,Heavy Psych,sombre,2,0,0.000000
1960,Heavy Psych,uplifting,2,0,0.000000
1960,Indeterminacy,aggressive,1,0,0.000000
1960,Indeterminacy,angry,1,0,0.000000
1960,Indeterminacy,anxious,1,0,0.000000
1960,Indeterminacy,bittersweet,1,0,0.000000
1960,Indeterminacy,calm,1,0,0.000000
1960,Indeterminacy,dark,1,0,0.000000
1960,Indeterminacy,depressive,1,0,0.000000
1960,Indeterminacy,happy,1,0,0.000000
1960,Indeterminacy,melancholic,1,0,0.000000
1960,Indeterminacy,optimistic,1,0,0.000000
1960,Indeterminacy,peaceful,1,0,0.000000
1960,Indeterminacy,playful,1,1,1.000000
1960,Indeterminacy,sad,1,0,0.000000
1960,Indeterminacy,sombre,1,0,0.000000
1960,Indeterminacy,uplifting,1,1,1.000000
1960,Jam Band,aggressive,1,0,0.000000
1960,Jam Band,angry,1,0,0.000000
1960,Jam Band,anxious,1,0,0.000000
1960,Jam Band,bittersweet,1,0,0.000000
1960,Jam Band,calm,1,0,0.000000
1960,Jam Band,dark,1,0,0.000000
1960,Jam Band,depressive,1,0,0.000000
1960,Jam Band,happy,1,0,0.000000
1960,Jam Band,melancholic,1,0,0.000000
1960,Jam Band,optimistic,1,0,0.000000
1960,Jam Band,peaceful,1,0,0.000000
1960,Jam Band,playful,1,0,0.000000
1960,Jam Band,sad,1,0,0.000000
1960,Jam Band,sombre,1,0,0.000000
1960,Jam Band,uplifting,1,0,0.000000
1960,Jazz Fusion,aggressive,2,0,0.000000
1960,Jazz Fusion,angry,2,0,0.000000
1960,Jazz Fusion,anxious,2,0,0.000000
1960,Jazz Fusion,bittersweet,2,0,0.000000
1960,Jazz Fusion,calm,2,1,0.500000
1960,Jazz Fusion,dark,2,0,0.000000
1960,Jazz Fusion,depressive,2,0,0.000000
1960,Jazz Fusion,happy,2,0,0.000000
1960,Jazz Fusion,melancholic,2,0,0.000000
1960,Jazz Fusion,optimistic,2,0,0.000000
1960,Jazz Fusion,peaceful,2,0,0.000000
1960,Jazz Fusion,playful,2,1,0.500000
1960,Jazz Fusion,sad,2,0,0.000000
1960,Jazz Fusion,sombre,2,0,0.000000
1960,Jazz Fusion,uplifting,2,0,0.000000
1960,Jazz-Rock,aggressive,5,0,0.000000
1960,Jazz-Rock,angry,5,0,0.000000
1960,Jazz-Rock,anxious,5,0,0.000000
1960,Jazz-Rock,bittersweet,5,0,0.000000
1960,Jazz-Rock,calm,5,0,0.000000
1960,Jazz-Rock,dark,5,0,0.000000
1960,Jazz-Rock,depressive,5,0,0.000000
1960,Jazz-Rock,happy,5,0,0.000000
1960,Jazz-Rock,melancholic,5,0,0.000000
1960,Jazz-Rock,optimistic,5,0,0.000000
1960,Jazz-Rock,peaceful,5,0,0.000000
1960,Jazz-Rock,playful,5,4,0.800000
1960,Jazz-Rock,sad,5,0,0.000000
1960,Jazz-Rock,sombre,5,0,0.000000
1960,Jazz-Rock,uplifting,5,0,0.000000
1960,Jazzmanouche,aggressive,1,0,0.000000
1960,Jazzmanouche,angry,1,0,0.000000
1960,Jazzmanouche,anxious,1,0,0.000000
1960,Jazzmanouche,bittersweet,1,0,0.000000
1960,Jazzmanouche,calm,1,1,1.000000
1960,Jazzmanouche,dark,1,0,0.000000
1960,Jazzmanouche,depressive,1,0,0.000000
1960,Jazzmanouche,happy,1,0,0.000000
1960,Jazzmanouche,melancholic,1,0,0.000000
1960,Jazzmanouche,optimistic,1,0,0.000000
1960,Jazzmanouche,peaceful,1,0,0.000000
1960,Jazzmanouche,playful,1,0,0.000000
1960,Jazzmanouche,sad,1,0,0.000000
1960,Jazzmanouche,sombre,1,0,0.000000
1960,Jazzmanouche,uplifting,1,0,0.000000
1960,Krautrock,aggressive,2,0,0.000000
1960,Krautrock,angry,2,0,0.000000
1960,Krautrock,anxious,2,0,0.000000
1960,Krautrock,bittersweet,2,0,0.000000
1960,Krautrock,calm,2,0,0.000000
1960,Krautrock,dark,2,0,0.000000
1960,Krautrock,depressive,2,0,0.000000
1960,Krautrock,happy,2,0,0.000000
1960,Krautrock,melancholic,2,0,0.000000
1960,Krautrock,optimistic,2,0,0.000000
1960,Krautrock,peaceful,2,0,0.000000
1960,Krautrock,playful,2,0,0.000000
1960,Krautrock,sad,2,0,0.000000
1960,Krautrock,sombre,2,0,0.000000
1960,Krautrock,uplifting,2,0,0.000000
1960,Latin Rock,aggressive,1,0,0.000000
1960,Latin Rock,angry,1,0,0.000000
1960,Latin Rock,anxious,1,0,0.000000
1960,Latin Rock,bittersweet,1,0,0.000000
1960,Latin Rock,calm,1,0,0.000000
1960,Latin Rock,dark,1,0,0.000000
1960,Latin Rock,depressive,1,0,0.000000
1960,Latin Rock,happy,1,0,0.000000
1960,Latin Rock,melancholic,1,0,0.000000
1960,Latin Rock,optimistic,1,0,0.000000
1960,Latin Rock,peaceful,1,0,0.000000
1960,Latin Rock,playful,1,0,0.000000
1960,Latin Rock,sad,1,0,0.000000
1960,Latin Rock,sombre,1,0,0.000000
1960,Latin Rock,uplifting,1,0,0.000000
1960,Merseybeat,aggressive,4,0,0.000000
1960,Merseybeat,angry,4,0,0.000000
1960,Merseybeat,anxious,4,0,0.000000
1960,Merseybeat,bittersweet,4,4,1.000000
1960,Merseybeat,calm,4,0,0.000000
1960,Merseybeat,dark,4,0,0.000000
1960,Merseybeat,depressive,4,0,0.000000
1960,Merseybeat,happy,4,3,0.750000
1960,Merseybeat,melancholic,4,0,0.000000
1960,Merseybeat,optimistic,4,1,0.250000
1960,Merseybeat,peaceful,4,0,0.000000
1960,Merseybeat,playful,4,0,0.000000
1960,Merseybeat,sad,4,0,0.000000
1960,Merseybeat,sombre,4,0,0.000000
1960,Merseybeat,uplifting,4,3,0.750000
1960,Minimalism,aggressive,2,0,0.000000
1960,Minimalism,angry,2,0,0.000000
1960,Minimalism,anxious,2,0,0.000000
1960,Minimalism,bittersweet,2,0,0.000000
1960,Minimalism,calm,2,0,0.000000
1960,Minimalism,dark,2,0,0.000000
1960,Minimalism,depressive,2,0,0.000000
1960,Minimalism,happy,2,0,0.000000
1960,Minimalism,melancholic,2,0,0.000000
1960,Minimalism,optimistic,2,0,0.000000
1960,Minimalism,peaceful,2,0,0.000000
1960,Minimalism,playful,2,1,0.500000
1960,Minimalism,sad,2,0,0.000000
1960,Minimalism,sombre,2,0,0.000000
1960,Minimalism,uplifting,2,2,1.000000
1960,Mod,aggressive,6,0,0.000000
1960,Mod,angry,6,0,0.000000
1960,Mod,anxious,6,0,0.000000
1960,Mod,bittersweet,6,0,0.000000
1960,Mod,calm,6,0,0.000000
1960,Mod,dark,6,0,0.000000
1960,Mod,depressive,6,0,0.000000
1960,Mod,happy,6,1,0.166667
1960,Mod,melancholic,6,1,0.166667
1960,Mod,optimistic,6,0,0.000000
1960,Mod,peaceful,6,0,0.000000
1960,Mod,playful,6,3,0.500000
1960,Mod,sad,6,0,0.000000
1960,Mod,sombre,6,0,0.000000
1960,Mod,uplifting,6,0,0.000000
1960,Modal Jazz,aggressive,12,0,0.000000
1960,Modal Jazz,angry,12,0,0.000000
1960,Modal Jazz,anxious,12,0,0.000000
1960,Modal Jazz,bittersweet,12,1,0.083333
1960,Modal Jazz,calm,12,2,0.166667
1960,Modal Jazz,dark,12,0,0.000000
1960,Modal Jazz,depressive,12,0,0.000000
1960,Modal Jazz,happy,12,0,0.000000
1960,Modal Jazz,melancholic,12,1,0.083333
1960,Modal Jazz,optimistic,12,0,0.000000
1960,Modal Jazz,peaceful,12,1,0.083333
1960,Modal Jazz,playful,12,3,0.250000
1960,Modal Jazz,sad,12,0,0.000000
1960,Modal Jazz,sombre,12,0,0.000000
1960,Modal Jazz,uplifting,12,1,0.083333
1960,Modern Classical,aggressive,1,0,0.000000
1960,Modern Classical,angry,1,0,0.000000
1960,Modern Classical,anxious,1,0,0.000000
1960,Modern Classical,bittersweet,1,0,0.000000
1960,Modern Classical,calm,1,0,0.000000
1960,Modern Classical,dark,1,0,0.000000
1960,Modern Classical,depressive,1,0,0.000000
1960,Modern Classical,happy,1,0,0.000000
1960,Modern Classical,melancholic,1,0,0.000000
1960,Modern Classical,optimistic,1,0,0.000000
1960,Modern Classical,peaceful,1,0,0.000000
1960,Modern Classical,playful,1,0,0.000000
1960,Modern Classical,sad,1,0,0.000000
1960,Modern Classical,sombre,1,0,0.000000
1960,Modern Classical,uplifting,1,1,1.000000
1960,Musiqueconcrète,aggressive,1,0,0.000000
1960,Musiqueconcrète,angry,1,0,0.000000
1960,Musiqueconcrète,anxious,1,0,0.000000
1960,Musiqueconcrète,bittersweet,1,0,0.000000
1960,Musiqueconcrète,calm,1,0,0.000000
1960,Musiqueconcrète,dark,1,0,0.000000
1960,Musiqueconcrète,depressive,1,0,0.000000
1960,Musiqueconcrète,happy,1,0,0.000000
1960,Musiqueconcrète,melancholic,1,0,0.000000
1960,Musiqueconcrète,optimistic,1,0,0.000000
1960,Musiqueconcrète,peaceful,1,0,0.000000
1960,Musiqueconcrète,playful,1,1,1.000000
1960,Musiqueconcrète,sad,1,0,0.000000
1960,Musiqueconcrète,sombre,1,0,0.000000
1960,Musiqueconcrète,uplifting,1,0,0.000000
1960,New Orleans R&B,aggressive,1,0,0.000000
1960,New Orleans R&B,angry,1,0,0.000000
1960,New Orleans R&B,anxious,1,0,0.000000
1960,New Orleans R&B,bittersweet,1,0,0.000000
1960,New Orleans R&B,calm,1,0,0.000000
1960,New Orleans R&B,dark,1,0,0.000000
1960,New Orleans R&B,depressive,1,0,0.000000
1960,New Orleans R&B,happy,1,0,0.000000
1960,New Orleans R&B,melancholic,1,0,0.000000
1960,New Orleans R&B,optimistic,1,0,0.000000
1960,New Orleans R&B,peaceful,1,0,0.000000
1960,New Orleans R&B,playful,1,0,0.000000
1960,New Orleans R&B,sad,1,0,0.000000
1960,New Orleans R&B,sombre,1,0,0.000000
1960,New Orleans R&B,uplifting,1,0,0.000000
1960,Noise Rock,aggressive,1,0,0.000000
1960,Noise Rock,angry,1,0,0.000000
1960,Noise Rock,anxious,1,0,0.000000
1960,Noise Rock,bittersweet,1,0,0.000000
1960,Noise Rock,calm,1,0,0.000000
1960,Noise Rock,dark,1,0,0.000000
1960,Noise Rock,depressive,1,0,0.000000
1960,Noise Rock,happy,1,0,0.000000
1960,Noise Rock,melancholic,1,0,0.000000
1960,Noise Rock,optimistic,1,0,0.000000
1960,Noise Rock,peaceful,1,0,0.000000
1960,Noise Rock,playful,1,0,0.000000
1960,Noise Rock,sad,1,0,0.000000
1960,Noise Rock,sombre,1,0,0.000000
1960,Noise Rock,uplifting,1,0,0.000000
1960,Pop Rock,aggressive,33,0,0.000000
1960,Pop Rock,angry,33,0,0.000000
1960,Pop Rock,anxious,33,0,0.000000
1960,Pop Rock,bittersweet,33,15,0.454545
1960,Pop Rock,calm,33,0,0.000000
1960,Pop Rock,dark,33,0,0.000000
1960,Pop Rock,depressive,33,0,0.000000
1960,Pop Rock,happy,33,10,0.303030
1960,Pop Rock,melancholic,33,3,0.090909
1960,Pop Rock,optimistic,33,6,0.181818
1960,Pop Rock,peaceful,33,1,0.030303
1960,Pop Rock,playful,33,15,0.454545
1960,Pop Rock,sad,33,0,0.000000
1960,Pop Rock,sombre,33,0,0.000000
1960,Pop Rock,uplifting,33,14,0.424242
1960,Pop Soul,aggressive,2,0,0.000000
1960,Pop Soul,angry,2,0,0.000000
1960,Pop Soul,anxious,2,0,0.000000
1960,Pop Soul,bittersweet,2,0,0.000000
1960,Pop Soul,calm,2,0,0.000000
1960,Pop Soul,dark,2,0,0.000000
1960,Pop Soul,depressive,2,0,0.000000
1960,Pop Soul,happy,2,0,0.000000
1960,Pop Soul,melancholic,2,0,0.000000
1960,Pop Soul,optimistic,2,0,0.000000
1960,Pop Soul,peaceful,2,0,0.000000
1960,Pop Soul,playful,2,0,0.000000
1960,Pop Soul,sad,2,0,0.000000
1960,Pop Soul,sombre,2,0,0.000000
1960,Pop Soul,uplifting,2,2,1.000000
1960,Post-Bop,aggressive,18,0,0.000000
1960,Post-Bop,angry,18,0,0.000000
1960,Post-Bop,anxious,18,0,0.000000
1960,Post-Bop,bittersweet,18,3,0.166667
1960,Post-Bop,calm,18,1,0.055556
1960,Post-Bop,dark,18,0,0.000000
1960,Post-Bop,depressive,18,0,0.000000
1960,Post-Bop,happy,18,0,0.000000
1960,Post-Bop,melancholic,18,2,0.111111
1960,Post-Bop,optimistic,18,0,0.000000
1960,Post-Bop,peaceful,18,1,0.055556
1960,Post-Bop,playful,18,5,0.277778
1960,Post-Bop,sad,18,0,0.000000
1960,Post-Bop,sombre,18,0,0.000000
1960,Post-Bop,uplifting,18,2,0.111111
1960,Progressive Electronic,aggressive,1,0,0.000000
1960,Progressive Electronic,angry,1,0,0.000000
1960,Progressive Electronic,anxious,1,0,0.000000
1960,Progressive Electronic,bittersweet,1,0,0.000000
1960,Progressive Electronic,calm,1,0,0.000000
1960,Progressive Electronic,dark,1,0,0.000000
1960,Progressive Electronic,depressive,1,0,0.000000
1960,Progressive Electronic,happy,1,0,0.000000
1960,Progressive Electronic,melancholic,1,0,0.000000
1960,Progressive Electronic,optimistic,1,0,0.000000
1960,Progressive Electronic,peaceful,1,0,0.000000
1960,Progressive Electronic,playful,1,0,0.000000
1960,Progressive Electronic,sad,1,0,0.000000
1960,Progressive Electronic,sombre,1,0,0.000000
1960,Progressive Electronic,uplifting,1,1,1.000000
1960,Progressive Pop,aggressive,5,0,0.000000
1960,Progressive Pop,angry,5,0,0.000000
1960,Progressive Pop,anxious,5,0,0.000000
1960,Progressive Pop,bittersweet,5,0,0.000000
1960,Progressive Pop,calm,5,0,0.000000
1960,Progressive Pop,dark,5,0,0.000000
1960,Progressive Pop,depressive,5,0,0.000000
1960,Progressive Pop,happy,5,0,0.000000
1960,Progressive Pop,melancholic,5,0,0.000000
1960,Progressive Pop,optimistic,5,0,0.000000
1960,Progressive Pop,peaceful,5,0,0.000000
1960,Progressive Pop,playful,5,2,0.400000
1960,Progressive Pop,sad,5,0,0.000000
1960,Progressive Pop,sombre,5,0,0.000000
1960,Progressive Pop,uplifting,5,2,0.400000
1960,Progressive Rock,aggressive,5,0,0.000000
1960,Progressive Rock,angry,5,0,0.000000
1960,Progressive Rock,anxious,5,0,0.000000
1960,Progressive Rock,bittersweet,5,1,0.200000
1960,Progressive Rock,calm,5,0,0.000000
1960,Progressive Rock,dark,5,0,0.000000
1960,Progressive Rock,depressive,5,0,0.000000
1960,Progressive Rock,happy,5,0,0.000000
1960,Progressive Rock,melancholic,5,1,0.200000
1960,Progressive Rock,optimistic,5,0,0.000000
1960,Progressive Rock,peaceful,5,0,0.000000
1960,Progressive Rock,playful,5,1,0.200000
1960,Progressive Rock,sad,5,0,0.000000
1960,Progressive Rock,sombre,5,0,0.000000
1960,Progressive Rock,uplifting,5,0,0.000000
1960,Proto-Punk,aggressive,4,0,0.000000
1960,Proto-Punk,angry,4,1,0.250000
1960,Proto-Punk,anxious,4,1,0.250000
1960,Proto-Punk,bittersweet,4,0,0.000000
1960,Proto-Punk,calm,4,0,0.000000
1960,Proto-Punk,dark,4,0,0.000000
1960,Proto-Punk,depressive,4,0,0.000000
1960,Proto-Punk,happy,4,0,0.000000
1960,Proto-Punk,melancholic,4,0,0.000000
1960,Proto-Punk,optimistic,4,0,0.000000
1960,Proto-Punk,peaceful,4,0,0.000000
1960,Proto-Punk,playful,4,2,0.500000
1960,Proto-Punk,sad,4,0,0.000000
1960,Proto-Punk,sombre,4,0,0.000000
1960,Proto-Punk,uplifting,4,0,0.000000
1960,Psychedelic Folk,aggressive,7,0,0.000000
1960,Psychedelic Folk,angry,7,0,0.000000
1960,Psychedelic Folk,anxious,7,1,0.142857
1960,Psychedelic Folk,bittersweet,7,2,0.285714
1960,Psychedelic Folk,calm,7,1,0.142857
1960,Psychedelic Folk,dark,7,1,0.142857
1960,Psychedelic Folk,depressive,7,0,0.000000
1960,Psychedelic Folk,happy,7,1,0.142857
1960,Psychedelic Folk,melancholic,7,2,0.285714
1960,Psychedelic Folk,optimistic,7,0,0.000000
1960,Psychedelic Folk,peaceful,7,1,0.142857
1960,Psychedelic Folk,playful,7,1,0.142857
1960,Psychedelic Folk,sad,7,1,0.142857
1960,Psychedelic Folk,sombre,7,0,0.000000
1960,Psychedelic Folk,uplifting,7,0,0.000000
1960,Psychedelic Pop,aggressive,22,0,0.000000
1960,Psychedelic Pop,angry,22,0,0.000000
1960,Psychedelic Pop,anxious,22,0,0.000000
1960,Psychedelic Pop,bittersweet,22,5,0.227273
1960,Psychedelic Pop,calm,22,0,0.000000
1960,Psychedelic Pop,dark,22,0,0.000000
1960,Psychedelic Pop,depressive,22,0,0.000000
1960,Psychedelic Pop,happy,22,4,0.181818
1960,Psychedelic Pop,melancholic,22,1,0.045455
1960,Psychedelic Pop,optimistic,22,2,0.090909
1960,Psychedelic Pop,peaceful,22,1,0.045455
1960,Psychedelic Pop,playful,22,13,0.590909
1960,Psychedelic Pop,sad,22,0,0.000000
1960,Psychedelic Pop,sombre,22,0,0.000000
1960,Psychedelic Pop,uplifting,22,4,0.181818
1960,Psychedelic Rock,aggressive,54,0,0.000000
1960,Psychedelic Rock,angry,54,0,0.000000
1960,Psychedelic Rock,anxious,54,1,0.018519
1960,Psychedelic Rock,bittersweet,54,7,0.129630
1960,Psychedelic Rock,calm,54,2,0.037037
1960,Psychedelic Rock,dark,54,3,0.055556
1960,Psychedelic Rock,depressive,54,0,0.000000
1960,Psychedelic Rock,happy,54,1,0.018519
1960,Psychedelic Rock,melancholic,54,2,0.037037
1960,Psychedelic Rock,optimistic,54,0,0.000000
1960,Psychedelic Rock,peaceful,54,1,0.018519
1960,Psychedelic Rock,playful,54,20,0.370370
1960,Psychedelic Rock,sad,54,0,0.000000
1960,Psychedelic Rock,sombre,54,0,0.000000
1960,Psychedelic Rock,uplifting,54,2,0.037037
1960,Psychedelic Soul,aggressive,2,0,0.000000
1960,Psychedelic Soul,angry,2,0,0.000000
1960,Psychedelic Soul,anxious,2,0,0.000000
1960,Psychedelic Soul,bittersweet,2,0,0.000000
1960,Psychedelic Soul,calm,2,0,0.000000
1960,Psychedelic Soul,dark,2,0,0.000000
1960,Psychedelic Soul,depressive,2,0,0.000000
1960,Psychedelic Soul,happy,2,1,0.500000
1960,Psychedelic Soul,melancholic,2,0,0.000000
1960,Psychedelic Soul,optimistic,2,1,0.500000
1960,Psychedelic Soul,peaceful,2,0,0.000000
1960,Psychedelic Soul,playful,2,0,0.000000
1960,Psychedelic Soul,sad,2,0,0.000000
1960,Psychedelic Soul,sombre,2,0,0.000000
1960,Psychedelic Soul,uplifting,2,1,0.500000
1960,Rhythm & Blues,aggressive,2,0,0.000000
1960,Rhythm & Blues,angry,2,0,0.000000
1960,Rhythm & Blues,anxious,2,0,0.000000
1960,Rhythm & Blues,bittersweet,2,0,0.000000
1960,Rhythm & Blues,calm,2,0,0.000000
1960,Rhythm & Blues,dark,2,0,0.000000
1960,Rhythm & Blues,depressive,2,0,0.000000
1960,Rhythm & Blues,happy,2,0,0.000000
1960,Rhythm & Blues,melancholic,2,1,0.500000
1960,Rhythm & Blues,optimistic,2,0,0.000000
1960,Rhythm & Blues,peaceful,2,0,0.000000
1960,Rhythm & Blues,playful,2,0,0.000000
1960,Rhythm & Blues,sad,2,0,0.000000
1960,Rhythm & Blues,sombre,2,1,0.500000
1960,Rhythm & Blues,uplifting,2,0,0.000000
1960,Rock,aggressive,3,0,0.000000
1960,Rock,angry,3,0,0.000000
1960,Rock,anxious,3,1,0.333333
1960,Rock,bittersweet,3,1,0.333333
1960,Rock,calm,3,0,0.000000
1960,Rock,dark,3,0,0.000000
1960,Rock,depressive,3,0,0.000000
1960,Rock,happy,3,0,0.000000
1960,Rock,melancholic,3,0,0.000000
1960,Rock,optimistic,3,0,0.000000
1960,Rock,peaceful,3,0,0.000000
1960,Rock,playful,3,2,0.666667
1960,Rock,sad,3,0,0.000000
1960,Rock,sombre,3,0,0.000000
1960,Rock,uplifting,3,0,0.000000
1960,Rock & Roll,aggressive,2,0,0.000000
1960,Rock & Roll,angry,2,0,0.000000
1960,Rock & Roll,anxious,2,0,0.000000
1960,Rock & Roll,bittersweet,2,0,0.000000
1960,Rock & Roll,calm,2,0,0.000000
1960,Rock & Roll,dark,2,0,0.000000
1960,Rock & Roll,depressive,2,0,0.000000
1960,Rock & Roll,happy,2,0,0.000000
1960,Rock & Roll,melancholic,2,0,0.000000
1960,Rock & Roll,optimistic,2,0,0.000000
1960,Rock & Roll,peaceful,2,0,0.000000
1960,Rock & Roll,playful,2,2,1.000000
1960,Rock & Roll,sad,2,0,0.000000
1960,Rock & Roll,sombre,2,0,0.000000
1960,Rock & Roll,uplifting,2,0,0.000000
1960,Rock Opera,aggressive,2,0,0.000000
1960,Rock Opera,angry,2,0,0.000000
1960,Rock Opera,anxious,2,0,0.000000
1960,Rock Opera,bittersweet,2,0,0.000000
1960,Rock Opera,calm,2,0,0.000000
1960,Rock Opera,dark,2,0,0.000000
1960,Rock Opera,depressive,2,0,0.000000
1960,Rock Opera,happy,2,0,0.000000
1960,Rock Opera,melancholic,2,0,0.000000
1960,Rock Opera,optimistic,2,0,0.000000
1960,Rock Opera,peaceful,2,0,0.000000
1960,Rock Opera,playful,2,0,0.000000
1960,Rock Opera,sad,2,0,0.000000
1960,Rock Opera,sombre,2,0,0.000000
1960,Rock Opera,uplifting,2,0,0.000000
1960,Romanticism,aggressive,1,0,0.000000
1960,Romanticism,angry,1,0,0.000000
1960,Romanticism,anxious,1,0,0.000000
1960,Romanticism,bittersweet,1,0,0.000000
1960,Romanticism,calm,1,0,0.000000
1960,Romanticism,dark,1,0,0.000000
1960,Romanticism,depressive,1,0,0.000000
1960,Romanticism,happy,1,0,0.000000
1960,Romanticism,melancholic,1,1,1.000000
1960,Romanticism,optimistic,1,0,0.000000
1960,Romanticism,peaceful,1,1,1.000000
1960,Romanticism,playful,1,0,0.000000
1960,Romanticism,sad,1,0,0.000000
1960,Romanticism,sombre,1,0,0.000000
1960,Romanticism,uplifting,1,0,0.000000
1960,Roots Rock,aggressive,3,0,0.000000
1960,Roots Rock,angry,3,0,0.000000
1960,Roots Rock,anxious,3,0,0.000000
1960,Roots Rock,bittersweet,3,2,0.666667
1960,Roots Rock,calm,3,0,0.000000
1960,Roots Rock,dark,3,0,0.000000
1960,Roots Rock,depressive,3,0,0.000000
1960,Roots Rock,happy,3,0,0.000000
1960,Roots Rock,melancholic,3,0,0.000000
1960,Roots Rock,optimistic,3,0,0.000000
1960,Roots Rock,peaceful,3,1,0.333333
1960,Roots Rock,playful,3,1,0.333333
1960,Roots Rock,sad,3,0,0.000000
1960,Roots Rock,sombre,3,0,0.000000
1960,Roots Rock,uplifting,3,0,0.000000
1960,Samba,aggressive,1,0,0.000000
1960,Samba,angry,1,0,0.000000
1960,Samba,anxious,1,0,0.000000
1960,Samba,bittersweet,1,0,0.000000
1960,Samba,calm,1,0,0.000000
1960,Samba,dark,1,0,0.000000
1960,Samba,depressive,1,0,0.000000
1960,Samba,happy,1,1,1.000000
1960,Samba,melancholic,1,0,0.000000
1960,Samba,optimistic,1,0,0.000000
1960,Samba,peaceful,1,0,0.000000
1960,Samba,playful,1,1,1.000000
1960,Samba,sad,1,0,0.000000
1960,Samba,sombre,1,0,0.000000
1960,Samba,uplifting,1,1,1.000000
1960,Samba-jazz,aggressive,1,0,0.000000
1960,Samba-jazz,angry,1,0,0.000000
1960,Samba-jazz,anxious,1,0,0.000000
1960,Samba-jazz,bittersweet,1,0,0.000000
1960,Samba-jazz,calm,1,1,1.000000
1960,Samba-jazz,dark,1,0,0.000000
1960,Samba-jazz,depressive,1,0,0.000000
1960,Samba-jazz,happy,1,0,0.000000
1960,Samba-jazz,melancholic,1,0,0.000000
1960,Samba-jazz,optimistic,1,0,0.000000
1960,Samba-jazz,peaceful,1,1,1.000000
1960,Samba-jazz,playful,1,0,0.000000
1960,Samba-jazz,sad,1,0,0.000000
1960,Samba-jazz,sombre,1,0,0.000000
1960,Samba-jazz,uplifting,1,0,0.000000
1960,Satire,aggressive,2,0,0.000000
1960,Satire,angry,2,0,0.000000
1960,Satire,anxious,2,0,0.000000
1960,Satire,bittersweet,2,0,0.000000
1960,Satire,calm,2,0,0.000000
1960,Satire,dark,2,0,0.000000
1960,Satire,depressive,2,0,0.000000
1960,Satire,happy,2,0,0.000000
1960,Satire,melancholic,2,0,0.000000
1960,Satire,optimistic,2,0,0.000000
1960,Satire,peaceful,2,0,0.000000
1960,Satire,playful,2,1,0.500000
1960,Satire,sad,2,0,0.000000
1960,Satire,sombre,2,0,0.000000
1960,Satire,uplifting,2,0,0.000000
1960,Singer-Songwriter,aggressive,28,0,0.000000
1960,Singer-Songwriter,angry,28,0,0.000000
1960,Singer-Songwriter,anxious,28,1,0.035714
1960,Singer-Songwriter,bittersweet,28,10,0.357143
1960,Singer-Songwriter,calm,28,1,0.035714
1960,Singer-Songwriter,dark,28,1,0.035714
1960,Singer-Songwriter,depressive,28,1,0.035714
1960,Singer-Songwriter,happy,28,1,0.035714
1960,Singer-Songwriter,melancholic,28,14,0.500000
1960,Singer-Songwriter,optimistic,28,0,0.000000
1960,Singer-Songwriter,peaceful,28,4,0.142857
1960,Singer-Songwriter,playful,28,3,0.107143
1960,Singer-Songwriter,sad,28,2,0.071429
1960,Singer-Songwriter,sombre,28,5,0.178571
1960,Singer-Songwriter,uplifting,28,1,0.035714
1960,Soul,aggressive,5,0,0.000000
1960,Soul,angry,5,1,0.200000
1960,Soul,anxious,5,0,0.000000
1960,Soul,bittersweet,5,0,0.000000
1960,Soul,calm,5,0,0.000000
1960,Soul,dark,5,0,0.000000
1960,Soul,depressive,5,0,0.000000
1960,Soul,happy,5,0,0.000000
1960,Soul,melancholic,5,3,0.600000
1960,Soul,optimistic,5,0,0.000000
1960,Soul,peaceful,5,0,0.000000
1960,Soul,playful,5,1,0.200000
1960,Soul,sad,5,0,0.000000
1960,Soul,sombre,5,2,0.400000
1960,Soul,uplifting,5,0,0.000000
1960,Soul Blues,aggressive,2,0,0.000000
1960,Soul Blues,angry,2,0,0.000000
1960,Soul Blues,anxious,2,0,0.000000
1960,Soul Blues,bittersweet,2,0,0.000000
1960,Soul Blues,calm,2,0,0.000000
1960,Soul Blues,dark,2,0,0.000000
1960,Soul Blues,depressive,2,0,0.000000
1960,Soul Blues,happy,2,0,0.000000
1960,Soul Blues,melancholic,2,1,0.500000
1960,Soul Blues,optimistic,2,0,0.000000
1960,Soul Blues,peaceful,2,0,0.000000
1960,Soul Blues,playful,2,1,0.500000
1960,Soul Blues,sad,2,0,0.000000
1960,Soul Blues,sombre,2,0,0.000000
1960,Soul Blues,uplifting,2,0,0.000000
1960,Sound Collage,aggressive,2,0,0.000000
1960,Sound Collage,angry,2,0,0.000000
1960,Sound Collage,anxious,2,0,0.000000
1960,Sound Collage,bittersweet,2,0,0.000000
1960,Sound Collage,calm,2,0,0.000000
1960,Sound Collage,dark,2,0,0.000000
1960,Sound Collage,depressive,2,0,0.000000
1960,Sound Collage,happy,2,0,0.000000
1960,Sound Collage,melancholic,2,0,0.000000
1960,Sound Collage,optimistic,2,0,0.000000
1960,Sound Collage,peaceful,2,0,0.000000
1960,Sound Collage,playful,2,1,0.500000
1960,Sound Collage,sad,2,0,0.000000
1960,Sound Collage,sombre,2,0,0.000000
1960,Sound Collage,uplifting,2,0,0.000000
1960,Southern Rock,aggressive,1,0,0.000000
1960,Southern Rock,angry,1,0,0.000000
1960,Southern Rock,anxious,1,0,0.000000
1960,Southern Rock,bittersweet,1,0,0.000000
1960,Southern Rock,calm,1,0,0.000000
1960,Southern Rock,dark,1,0,0.000000
1960,Southern Rock,depressive,1,0,0.000000
1960,Southern Rock,happy,1,0,0.000000
1960,Southern Rock,melancholic,1,0,0.000000
1960,Southern Rock,optimistic,1,0,0.000000
1960,Southern Rock,peaceful,1,0,0.000000
1960,Southern Rock,playful,1,0,0.000000
1960,Southern Rock,sad,1,0,0.000000
1960,Southern Rock,sombre,1,0,0.000000
1960,Southern Rock,uplifting,1,0,0.000000
1960,Southern Soul,aggressive,4,0,0.000000
1960,Southern Soul,angry,4,0,0.000000
1960,Southern Soul,anxious,4,0,0.000000
1960,Southern Soul,bittersweet,4,2,0.500000
1960,Southern Soul,calm,4,0,0.000000
1960,Southern Soul,dark,4,0,0.000000
1960,Southern Soul,depressive,4,0,0.000000
1960,Southern Soul,happy,4,0,0.000000
1960,Southern Soul,melancholic,4,0,0.000000
1960,Southern Soul,optimistic,4,0,0.000000
1960,Southern Soul,peaceful,4,0,0.000000
1960,Southern Soul,playful,4,0,0.000000
1960,Southern Soul,sad,4,0,0.000000
1960,Southern Soul,sombre,4,0,0.000000
1960,Southern Soul,uplifting,4,2,0.500000
1960,Spaghetti Western,aggressive,2,0,0.000000
1960,Spaghetti Western,angry,2,0,0.000000
1960,Spaghetti Western,anxious,2,0,0.000000
1960,Spaghetti Western,bittersweet,2,0,0.000000
1960,Spaghetti Western,calm,2,0,0.000000
1960,Spaghetti Western,dark,2,0,0.000000
1960,Spaghetti Western,depressive,2,0,0.000000
1960,Spaghetti Western,happy,2,0,0.000000
1960,Spaghetti Western,melancholic,2,0,0.000000
1960,Spaghetti Western,optimistic,2,0,0.000000
1960,Spaghetti Western,peaceful,2,0,0.000000
1960,Spaghetti Western,playful,2,0,0.000000
1960,Spaghetti Western,sad,2,0,0.000000
1960,Spaghetti Western,sombre,2,1,0.500000
1960,Spaghetti Western,uplifting,2,0,0.000000
1960,Spiritual Jazz,aggressive,6,0,0.000000
1960,Spiritual Jazz,angry,6,0,0.000000
1960,Spiritual Jazz,anxious,6,0,0.000000
1960,Spiritual Jazz,bittersweet,6,0,0.000000
1960,Spiritual Jazz,calm,6,0,0.000000
1960,Spiritual Jazz,dark,6,0,0.000000
1960,Spiritual Jazz,depressive,6,0,0.000000
1960,Spiritual Jazz,happy,6,0,0.000000
1960,Spiritual Jazz,melancholic,6,0,0.000000
1960,Spiritual Jazz,optimistic,6,0,0.000000
1960,Spiritual Jazz,peaceful,6,0,0.000000
1960,Spiritual Jazz,playful,6,0,0.000000
1960,Spiritual Jazz,sad,6,0,0.000000
1960,Spiritual Jazz,sombre,6,0,0.000000
1960,Spiritual Jazz,uplifting,6,1,0.166667
1960,Sunshine Pop,aggressive,5,0,0.000000
1960,Sunshine Pop,angry,5,0,0.000000
1960,Sunshine Pop,anxious,5,0,0.000000
1960,Sunshine Pop,bittersweet,5,0,0.000000
1960,Sunshine Pop,calm,5,0,0.000000
1960,Sunshine Pop,dark,5,0,0.000000
1960,Sunshine Pop,depressive,5,0,0.000000
1960,Sunshine Pop,happy,5,4,0.800000
1960,Sunshine Pop,melancholic,5,0,0.000000
1960,Sunshine Pop,optimistic,5,3,0.600000
1960,Sunshine Pop,peaceful,5,1,0.200000
1960,Sunshine Pop,playful,5,1,0.200000
1960,Sunshine Pop,sad,5,0,0.000000
1960,Sunshine Pop,sombre,5,0,0.000000
1960,Sunshine Pop,uplifting,5,2,0.400000
1960,Surf Rock,aggressive,3,0,0.000000
1960,Surf Rock,angry,3,0,0.000000
1960,Surf Rock,anxious,3,0,0.000000
1960,Surf Rock,bittersweet,3,1,0.333333
1960,Surf Rock,calm,3,0,0.000000
1960,Surf Rock,dark,3,0,0.000000
1960,Surf Rock,depressive,3,0,0.000000
1960,Surf Rock,happy,3,3,1.000000
1960,Surf Rock,melancholic,3,0,0.000000
1960,Surf Rock,optimistic,3,3,1.000000
1960,Surf Rock,peaceful,3,0,0.000000
1960,Surf Rock,playful,3,1,0.333333
1960,Surf Rock,sad,3,0,0.000000
1960,Surf Rock,sombre,3,0,0.000000
1960,Surf Rock,uplifting,3,3,1.000000
1960,Swamp Rock,aggressive,4,0,0.000000
1960,Swamp Rock,angry,4,0,0.000000
1960,Swamp Rock,anxious,4,0,0.000000
1960,Swamp Rock,bittersweet,4,1,0.250000
1960,Swamp Rock,calm,4,0,0.000000
1960,Swamp Rock,dark,4,0,0.000000
1960,Swamp Rock,depressive,4,0,0.000000
1960,Swamp Rock,happy,4,0,0.000000
1960,Swamp Rock,melancholic,4,0,0.000000
1960,Swamp Rock,optimistic,4,0,0.000000
1960,Swamp Rock,peaceful,4,0,0.000000
1960,Swamp Rock,playful,4,0,0.000000
1960,Swamp Rock,sad,4,0,0.000000
1960,Swamp Rock,sombre,4,0,0.000000
1960,Swamp Rock,uplifting,4,2,0.500000
1960,Symphonic Prog,aggressive,1,0,0.000000
1960,Symphonic Prog,angry,1,0,0.000000
1960,Symphonic Prog,anxious,1,0,0.000000
1960,Symphonic Prog,bittersweet,1,0,0.000000
1960,Symphonic Prog,calm,1,0,0.000000
1960,Symphonic Prog,dark,1,0,0.000000
1960,Symphonic Prog,depressive,1,0,0.000000
1960,Symphonic Prog,happy,1,0,0.000000
1960,Symphonic Prog,melancholic,1,0,0.000000
1960,Symphonic Prog,optimistic,1,0,0.000000
1960,Symphonic Prog,peaceful,1,0,0.000000
1960,Symphonic Prog,playful,1,0,0.000000
1960,Symphonic Prog,sad,1,0,0.000000
1960,Symphonic Prog,sombre,1,0,0.000000
1960,Symphonic Prog,uplifting,1,1,1.000000
1960,Television Music,aggressive,1,0,0.000000
1960,Television Music,angry,1,0,0.000000
1960,Television Music,anxious,1,0,0.000000
1960,Television Music,bittersweet,1,0,0.000000
1960,Television Music,calm,1,0,0.000000
1960,Television Music,dark,1,0,0.000000
1960,Television Music,depressive,1,0,0.000000
1960,Television Music,happy,1,0,0.000000
1960,Television Music,melancholic,1,0,0.000000
1960,Television Music,optimistic,1,0,0.000000
1960,Television Music,peaceful,1,1,1.000000
1960,Television Music,playful,1,0,0.000000
1960,Television Music,sad,1,0,0.000000
1960,Television Music,sombre,1,0,0.000000
1960,Television Music,uplifting,1,0,0.000000
1960,Third Stream,aggressive,3,0,0.000000
1960,Third Stream,angry,3,0,0.000000
1960,Third Stream,anxious,3,0,0.000000
1960,Third Stream,bittersweet,3,0,0.000000
1960,Third Stream,calm,3,0,0.000000
1960,Third Stream,dark,3,0,0.000000
1960,Third Stream,depressive,3,0,0.000000
1960,Third Stream,happy,3,0,0.000000
1960,Third Stream,melancholic,3,0,0.000000
1960,Third Stream,optimistic,3,0,0.000000
1960,Third Stream,peaceful,3,0,0.000000
1960,Third Stream,playful,3,0,0.000000
1960,Third Stream,sad,3,0,0.000000
1960,Third Stream,sombre,3,0,0.000000
1960,Third Stream,uplifting,3,1,0.333333
1960,Tropicália,aggressive,4,0,0.000000
1960,Tropicália,angry,4,0,0.000000
1960,Tropicália,anxious,4,0,0.000000
1960,Tropicália,bittersweet,4,0,0.000000
1960,Tropicália,calm,4,0,0.000000
1960,Tropicália,dark,4,0,0.000000
1960,Tropicália,depressive,4,0,0.000000
1960,Tropicália,happy,4,1,0.250000
1960,Tropicália,melancholic,4,0,0.000000
1960,Tropicália,optimistic,4,0,0.000000
1960,Tropicália,peaceful,4,0,0.000000
1960,Tropicália,playful,4,3,0.750000
1960,Tropicália,sad,4,0,0.000000
1960,Tropicália,sombre,4,0,0.000000
1960,Tropicália,uplifting,4,1,0.250000
1960,Vocal Jazz,aggressive,3,0,0.000000
1960,Vocal Jazz,angry,3,1,0.333333
1960,Vocal Jazz,anxious,3,0,0.000000
1960,Vocal Jazz,bittersweet,3,0,0.000000
1960,Vocal Jazz,calm,3,0,0.000000
1960,Vocal Jazz,dark,3,0,0.000000
1960,Vocal Jazz,depressive,3,0,0.000000
1960,Vocal Jazz,happy,3,0,0.000000
1960,Vocal Jazz,melancholic,3,3,1.000000
1960,Vocal Jazz,optimistic,3,0,0.000000
1960,Vocal Jazz,peaceful,3,0,0.000000
1960,Vocal Jazz,playful,3,1,0.333333
1960,Vocal Jazz,sad,3,0,0.000000
1960,Vocal Jazz,sombre,3,2,0.666667
1960,Vocal Jazz,uplifting,3,0,0.000000
1960,Vocal Surf,aggressive,4,0,0.000000
1960,Vocal Surf,angry,4,0,0.000000
1960,Vocal Surf,anxious,4,0,0.000000
1960,Vocal Surf,bittersweet,4,1,0.250000
1960,Vocal Surf,calm,4,0,0.000000
1960,Vocal Surf,dark,4,0,0.000000
1960,Vocal Surf,depressive,4,0,0.000000
1960,Vocal Surf,happy,4,4,1.000000
1960,Vocal Surf,melancholic,4,0,0.000000
1960,Vocal Surf,optimistic,4,3,0.750000
1960,Vocal Surf,peaceful,4,0,0.000000
1960,Vocal Surf,playful,4,2,0.500000
1960,Vocal Surf,sad,4,0,0.000000
1960,Vocal Surf,sombre,4,0,0.000000
1960,Vocal Surf,uplifting,4,4,1.000000
1960,Yé-yé,aggressive,1,0,0.000000
1960,Yé-yé,angry,1,0,0.000000
1960,Yé-yé,anxious,1,0,0.000000
1960,Yé-yé,bittersweet,1,0,0.000000
1960,Yé-yé,calm,1,0,0.000000
1960,Yé-yé,dark,1,0,0.000000
1960,Yé-yé,depressive,1,0,0.000000
1960,Yé-yé,happy,1,0,0.000000
1960,Yé-yé,melancholic,1,1,1.000000
1960,Yé-yé,optimistic,1,0,0.000000
1960,Yé-yé,peaceful,1,0,0.000000
1960,Yé-yé,playful,1,0,0.000000
1960,Yé-yé,sad,1,0,0.000000
1960,Yé-yé,sombre,1,0,0.000000
1960,Yé-yé,uplifting,1,0,0.000000
1970,2Tone,aggressive,2,0,0.000000
1970,2Tone,angry,2,1,0.500000
1970,2Tone,anxious,2,1,0.500000
1970,2Tone,bittersweet,2,0,0.000000
1970,2Tone,calm,2,0,0.000000
1970,2Tone,dark,2,0,0.000000
1970,2Tone,depressive,2,0,0.000000
1970,2Tone,happy,2,0,0.000000
1970,2Tone,melancholic,2,0,0.000000
1970,2Tone,optimistic,2,0,0.000000
1970,2Tone,peaceful,2,0,0.000000
1970,2Tone,playful,2,2,1.000000
1970,2Tone,sad,2,0,0.000000
1970,2Tone,sombre,2,0,0.000000
1970,2Tone,uplifting,2,0,0.000000
1970,AOR,aggressive,1,0,0.000000
1970,AOR,angry,1,0,0.000000
1970,AOR,anxious,1,0,0.000000
1970,AOR,bittersweet,1,1,1.000000
1970,AOR,calm,1,0,0.000000
1970,AOR,dark,1,0,0.000000
1970,AOR,depressive,1,0,0.000000
1970,AOR,happy,1,1,1.000000
1970,AOR,melancholic,1,0,0.000000
1970,AOR,optimistic,1,0,0.000000
1970,AOR,peaceful,1,0,0.000000
1970,AOR,playful,1,0,0.000000
1970,AOR,sad,1,0,0.000000
1970,AOR,sombre,1,0,0.000000
1970,AOR,uplifting,1,1,1.000000
1970,Acid Rock,aggressive,1,0,0.000000
1970,Acid Rock,angry,1,0,0.000000
1970,Acid Rock,anxious,1,0,0.000000
1970,Acid Rock,bittersweet,1,0,0.000000
1970,Acid Rock,calm,1,0,0.000000
1970,Acid Rock,dark,1,0,0.000000
1970,Acid Rock,depressive,1,0,0.000000
1970,Acid Rock,happy,1,0,0.000000
1970,Acid Rock,melancholic,1,0,0.000000
1970,Acid Rock,optimistic,1,0,0.000000
1970,Acid Rock,peaceful,1,0,0.000000
1970,Acid Rock,playful,1,0,0.000000
1970,Acid Rock,sad,1,0,0.000000
1970,Acid Rock,sombre,1,0,0.000000
1970,Acid Rock,uplifting,1,0,0.000000
1970,Afrobeat,aggressive,4,0,0.000000
1970,Afrobeat,angry,4,1,0.250000
1970,Afrobeat,anxious,4,0,0.000000
1970,Afrobeat,bittersweet,4,0,0.000000
1970,Afrobeat,calm,4,0,0.000000
1970,Afrobeat,dark,4,0,0.000000
1970,Afrobeat,depressive,4,0,0.000000
1970,Afrobeat,happy,4,0,0.000000
1970,Afrobeat,melancholic,4,0,0.000000
1970,Afrobeat,optimistic,4,0,0.000000
1970,Afrobeat,peaceful,4,0,0.000000
1970,Afrobeat,playful,4,1,0.250000
1970,Afrobeat,sad,4,0,0.000000
1970,Afrobeat,sombre,4,0,0.000000
1970,Afrobeat,uplifting,4,0,0.000000
1970,Ambient,aggressive,11,0,0.000000
1970,Ambient,angry,11,0,0.000000
1970,Ambient,anxious,11,0,0.000000
1970,Ambient,bittersweet,11,0,0.000000
1970,Ambient,calm,11,7,0.636364
1970,Ambient,dark,11,2,0.181818
1970,Ambient,depressive,11,0,0.000000
1970,Ambient,happy,11,0,0.000000
1970,Ambient,melancholic,11,1,0.090909
1970,Ambient,optimistic,11,0,0.000000
1970,Ambient,peaceful,11,4,0.363636
1970,Ambient,playful,11,0,0.000000
1970,Ambient,sad,11,0,0.000000
1970,Ambient,sombre,11,0,0.000000
1970,Ambient,uplifting,11,0,0.000000
1970,American Primitivism,aggressive,3,0,0.000000
1970,American Primitivism,angry,3,0,0.000000
1970,American Primitivism,anxious,3,0,0.000000
1970,American Primitivism,bittersweet,3,0,0.000000
1970,American Primitivism,calm,3,1,0.333333
1970,American Primitivism,dark,3,0,0.000000
1970,American Primitivism,depressive,3,0,0.000000
1970,American Primitivism,happy,3,0,0.000000
1970,American Primitivism,melancholic,3,0,0.000000
1970,American Primitivism,optimistic,3,0,0.000000
1970,American Primitivism,peaceful,3,1,0.333333
1970,American Primitivism,playful,3,0,0.000000
1970,American Primitivism,sad,3,0,0.000000
1970,American Primitivism,sombre,3,0,0.000000
1970,American Primitivism,uplifting,3,0,0.000000
1970,Anarcho-Punk,aggressive,1,0,0.000000
1970,Anarcho-Punk,angry,1,1,1.000000
1970,Anarcho-Punk,anxious,1,0,0.000000
1970,Anarcho-Punk,bittersweet,1,0,0.000000
1970,Anarcho-Punk,calm,1,0,0.000000
1970,Anarcho-Punk,dark,1,0,0.000000
1970,Anarcho-Punk,depressive,1,0,0.000000
1970,Anarcho-Punk,happy,1,0,0.000000
1970,Anarcho-Punk,melancholic,1,0,0.000000
1970,Anarcho-Punk,optimistic,1,0,0.000000
1970,Anarcho-Punk,peaceful,1,0,0.000000
1970,Anarcho-Punk,playful,1,0,0.000000
1970,Anarcho-Punk,sad,1,0,0.000000
1970,Anarcho-Punk,sombre,1,0,0.000000
1970,Anarcho-Punk,uplifting,1,0,0.000000
1970,Art Pop,aggressive,10,0,0.000000
1970,Art Pop,angry,10,0,0.000000
1970,Art Pop,anxious,10,0,0.000000
1970,Art Pop,bittersweet,10,2,0.200000
1970,Art Pop,calm,10,0,0.000000
1970,Art Pop,dark,10,1,0.100000
1970,Art Pop,depressive,10,0,0.000000
1970,Art Pop,happy,10,0,0.000000
1970,Art Pop,melancholic,10,2,0.200000
1970,Art Pop,optimistic,10,0,0.000000
1970,Art Pop,peaceful,10,0,0.000000
1970,Art Pop,playful,10,5,0.500000
1970,Art Pop,sad,10,0,0.000000
1970,Art Pop,sombre,10,0,0.000000
1970,Art Pop,uplifting,10,0,0.000000
1970,Art Punk,aggressive,17,0,0.000000
1970,Art Punk,angry,17,1,0.058824
1970,Art Punk,anxious,17,11,0.647059
1970,Art Punk,bittersweet,17,0,0.000000
1970,Art Punk,calm,17,0,0.000000
1970,Art Punk,dark,17,2,0.117647
1970,Art Punk,depressive,17,0,0.000000
1970,Art Punk,happy,17,0,0.000000
1970,Art Punk,melancholic,17,0,0.000000
1970,Art Punk,optimistic,17,0,0.000000
1970,Art Punk,peaceful,17,0,0.000000
1970,Art Punk,playful,17,7,0.411765
1970,Art Punk,sad,17,0,0.000000
1970,Art Punk,sombre,17,0,0.000000
1970,Art Punk,uplifting,17,0,0.000000
1970,Art Rock,aggressive,43,0,0.000000
1970,Art Rock,angry,43,0,0.000000
1970,Art Rock,anxious,43,10,0.232558
1970,Art Rock,bittersweet,43,5,0.116279
1970,Art Rock,calm,43,1,0.023256
1970,Art Rock,dark,43,6,0.139535
1970,Art Rock,depressive,43,1,0.023256
1970,Art Rock,happy,43,0,0.000000
1970,Art Rock,melancholic,43,5,0.116279
1970,Art Rock,optimistic,43,1,0.023256
1970,Art Rock,peaceful,43,1,0.023256
1970,Art Rock,playful,43,17,0.395349
1970,Art Rock,sad,43,1,0.023256
1970,Art Rock,sombre,43,4,0.093023
1970,Art Rock,uplifting,43,1,0.023256
1970,Avant-Folk,aggressive,4,0,0.000000
1970,Avant-Folk,angry,4,0,0.000000
1970,Avant-Folk,anxious,4,0,0.000000
1970,Avant-Folk,bittersweet,4,0,0.000000
1970,Avant-Folk,calm,4,0,0.000000
1970,Avant-Folk,dark,4,2,0.500000
1970,Avant-Folk,depressive,4,0,0.000000
1970,Avant-Folk,happy,4,0,0.000000
1970,Avant-Folk,melancholic,4,0,0.000000
1970,Avant-Folk,optimistic,4,0,0.000000
1970,Avant-Folk,peaceful,4,0,0.000000
1970,Avant-Folk,playful,4,0,0.000000
1970,Avant-Folk,sad,4,0,0.000000
1970,Avant-Folk,sombre,4,2,0.500000
1970,Avant-Folk,uplifting,4,0,0.000000
1970,Avant-Garde Jazz,aggressive,8,0,0.000000
1970,Avant-Garde Jazz,angry,8,0,0.000000
1970,Avant-Garde Jazz,anxious,8,1,0.125000
1970,Avant-Garde Jazz,bittersweet,8,0,0.000000
1970,Avant-Garde Jazz,calm,8,0,0.000000
1970,Avant-Garde Jazz,dark,8,0,0.000000
1970,Avant-Garde Jazz,depressive,8,0,0.000000
1970,Avant-Garde Jazz,happy,8,0,0.000000
1970,Avant-Garde Jazz,melancholic,8,0,0.000000
1970,Avant-Garde Jazz,optimistic,8,0,0.000000
1970,Avant-Garde Jazz,peaceful,8,0,0.000000
1970,Avant-Garde Jazz,playful,8,0,0.000000
1970,Avant-Garde Jazz,sad,8,0,0.000000
1970,Avant-Garde Jazz,sombre,8,0,0.000000
1970,Avant-Garde Jazz,uplifting,8,0,0.000000
1970,Avant-Prog,aggressive,3,0,0.000000
1970,Avant-Prog,angry,3,0,0.000000
1970,Avant-Prog,anxious,3,0,0.000000
1970,Avant-Prog,bittersweet,3,0,0.000000
1970,Avant-Prog,calm,3,0,0.000000
1970,Avant-Prog,dark,3,0,0.000000
1970,Avant-Prog,depressive,3,0,0.000000
1970,Avant-Prog,happy,3,0,0.000000
1970,Avant-Prog,melancholic,3,0,0.000000
1970,Avant-Prog,optimistic,3,0,0.000000
1970,Avant-Prog,peaceful,3,0,0.000000
1970,Avant-Prog,playful,3,2,0.666667
1970,Avant-Prog,sad,3,0,0.000000
1970,Avant-Prog,sombre,3,0,0.000000
1970,Avant-Prog,uplifting,3,0,0.000000
1970,Baroque Pop,aggressive,1,0,0.000000
1970,Baroque Pop,angry,1,0,0.000000
1970,Baroque Pop,anxious,1,0,0.000000
1970,Baroque Pop,bittersweet,1,1,1.000000
1970,Baroque Pop,calm,1,0,0.000000
1970,Baroque Pop,dark,1,0,0.000000
1970,Baroque Pop,depressive,1,0,0.000000
1970,Baroque Pop,happy,1,0,0.000000
1970,Baroque Pop,melancholic,1,1,1.000000
1970,Baroque Pop,optimistic,1,0,0.000000
1970,Baroque Pop,peaceful,1,0,0.000000
1970,Baroque Pop,playful,1,0,0.000000
1970,Baroque Pop,sad,1,0,0.000000
1970,Baroque Pop,sombre,1,0,0.000000
1970,Baroque Pop,uplifting,1,0,0.000000
1970,Berlin School,aggressive,5,0,0.000000
1970,Berlin School,angry,5,0,0.000000
1970,Berlin School,anxious,5,0,0.000000
1970,Berlin School,bittersweet,5,0,0.000000
1970,Berlin School,calm,5,1,0.200000
1970,Berlin School,dark,5,0,0.000000
1970,Berlin School,depressive,5,0,0.000000
1970,Berlin School,happy,5,0,0.000000
1970,Berlin School,melancholic,5,1,0.200000
1970,Berlin School,optimistic,5,0,0.000000
1970,Berlin School,peaceful,5,0,0.000000
1970,Berlin School,playful,5,0,0.000000
1970,Berlin School,sad,5,0,0.000000
1970,Berlin School,sombre,5,0,0.000000
1970,Berlin School,uplifting,5,0,0.000000
1970,Blue-Eyed Soul,aggressive,2,0,0.000000
1970,Blue-Eyed Soul,angry,2,0,0.000000
1970,Blue-Eyed Soul,anxious,2,0,0.000000
1970,Blue-Eyed Soul,bittersweet,2,1,0.500000
1970,Blue-Eyed Soul,calm,2,0,0.000000
1970,Blue-Eyed Soul,dark,2,0,0.000000
1970,Blue-Eyed Soul,depressive,2,0,0.000000
1970,Blue-Eyed Soul,happy,2,0,0.000000
1970,Blue-Eyed Soul,melancholic,2,0,0.000000
1970,Blue-Eyed Soul,optimistic,2,0,0.000000
1970,Blue-Eyed Soul,peaceful,2,0,0.000000
1970,Blue-Eyed Soul,playful,2,0,0.000000
1970,Blue-Eyed Soul,sad,2,0,0.000000
1970,Blue-Eyed Soul,sombre,2,0,0.000000
1970,Blue-Eyed Soul,uplifting,2,1,0.500000
1970,Blues Rock,aggressive,17,0,0.000000
1970,Blues Rock,angry,17,0,0.000000
1970,Blues Rock,anxious,17,0,0.000000
1970,Blues Rock,bittersweet,17,1,0.058824
1970,Blues Rock,calm,17,0,0.000000
1970,Blues Rock,dark,17,2,0.117647
1970,Blues Rock,depressive,17,0,0.000000
1970,Blues Rock,happy,17,0,0.000000
1970,Blues Rock,melancholic,17,0,0.000000
1970,Blues Rock,optimistic,17,0,0.000000
1970,Blues Rock,peaceful,17,0,0.000000
1970,Blues Rock,playful,17,9,0.529412
1970,Blues Rock,sad,17,0,0.000000
1970,Blues Rock,sombre,17,0,0.000000
1970,Blues Rock,uplifting,17,2,0.117647
1970,Bossanova,aggressive,3,0,0.000000
1970,Bossanova,angry,3,0,0.000000
1970,Bossanova,anxious,3,0,0.000000
1970,Bossanova,bittersweet,3,0,0.000000
1970,Bossanova,calm,3,1,0.333333
1970,Bossanova,dark,3,0,0.000000
1970,Bossanova,depressive,3,0,0.000000
1970,Bossanova,happy,3,0,0.000000
1970,Bossanova,melancholic,3,2,0.666667
1970,Bossanova,optimistic,3,0,0.000000
1970,Bossanova,peaceful,3,1,0.333333
1970,Bossanova,playful,3,0,0.000000
1970,Bossanova,sad,3,0,0.000000
1970,Bossanova,sombre,3,0,0.000000
1970,Bossanova,uplifting,3,0,0.000000
1970,Brill Building,aggressive,1,0,0.000000
1970,Brill Building,angry,1,0,0.000000
1970,Brill Building,anxious,1,0,0.000000
1970,Brill Building,bittersweet,1,1,1.000000
1970,Brill Building,calm,1,0,0.000000
1970,Brill Building,dark,1,0,0.000000
1970,Brill Building,depressive,1,0,0.000000
1970,Brill Building,happy,1,0,0.000000
1970,Brill Building,melancholic,1,0,0.000000
1970,Brill Building,optimistic,1,0,0.000000
1970,Brill Building,peaceful,1,0,0.000000
1970,Brill Building,playful,1,0,0.000000
1970,Brill Building,sad,1,0,0.000000
1970,Brill Building,sombre,1,0,0.000000
1970,Brill Building,uplifting,1,0,0.000000
1970,British Folk Rock,aggressive,2,0,0.000000
1970,British Folk Rock,angry,2,0,0.000000
1970,British Folk Rock,anxious,2,0,0.000000
1970,British Folk Rock,bittersweet,2,1,0.500000
1970,British Folk Rock,calm,2,0,0.000000
1970,British Folk Rock,dark,2,0,0.000000
1970,British Folk Rock,depressive,2,0,0.000000
1970,British Folk Rock,happy,2,0,0.000000
1970,British Folk Rock,melancholic,2,1,0.500000
1970,British Folk Rock,optimistic,2,0,0.000000
1970,British Folk Rock,peaceful,2,0,0.000000
1970,British Folk Rock,playful,2,0,0.000000
1970,British Folk Rock,sad,2,0,0.000000
1970,British Folk Rock,sombre,2,1,0.500000
1970,British Folk Rock,uplifting,2,0,0.000000
1970,Bulgarian Folk Music,aggressive,1,0,0.000000
1970,Bulgarian Folk Music,angry,1,0,0.000000
1970,Bulgarian Folk Music,anxious,1,0,0.000000
1970,Bulgarian Folk Music,bittersweet,1,0,0.000000
1970,Bulgarian Folk Music,calm,1,0,0.000000
1970,Bulgarian Folk Music,dark,1,0,0.000000
1970,Bulgarian Folk Music,depressive,1,0,0.000000
1970,Bulgarian Folk Music,happy,1,0,0.000000
1970,Bulgarian Folk Music,melancholic,1,1,1.000000
1970,Bulgarian Folk Music,optimistic,1,0,0.000000
1970,Bulgarian Folk Music,peaceful,1,0,0.000000
1970,Bulgarian Folk Music,playful,1,0,0.000000
1970,Bulgarian Folk Music,sad,1,0,0.000000
1970,Bulgarian Folk Music,sombre,1,0,0.000000
1970,Bulgarian Folk Music,uplifting,1,0,0.000000
1970,Canterbury Scene,aggressive,9,0,0.000000
1970,Canterbury Scene,angry,9,0,0.000000
1970,Canterbury Scene,anxious,9,0,0.000000
1970,Canterbury Scene,bittersweet,9,0,0.000000
1970,Canterbury Scene,calm,9,0,0.000000
1970,Canterbury Scene,dark,9,0,0.000000
1970,Canterbury Scene,depressive,9,0,0.000000
1970,Canterbury Scene,happy,9,1,0.111111
1970,Canterbury Scene,melancholic,9,1,0.111111
1970,Canterbury Scene,optimistic,9,1,0.111111
1970,Canterbury Scene,peaceful,9,0,0.000000
1970,Canterbury Scene,playful,9,6,0.666667
1970,Canterbury Scene,sad,9,0,0.000000
1970,Canterbury Scene,sombre,9,1,0.111111
1970,Canterbury Scene,uplifting,9,0,0.000000
1970,Caribbean Folk Music,aggressive,1,0,0.000000
1970,Caribbean Folk Music,angry,1,0,0.000000
1970,Caribbean Folk Music,anxious,1,0,0.000000
1970,Caribbean Folk Music,bittersweet,1,0,0.000000
1970,Caribbean Folk Music,calm,1,0,0.000000
1970,Caribbean Folk Music,dark,1,0,0.000000
1970,Caribbean Folk Music,depressive,1,0,0.000000
1970,Caribbean Folk Music,happy,1,0,0.000000
1970,Caribbean Folk Music,melancholic,1,0,0.000000
1970,Caribbean Folk Music,optimistic,1,0,0.000000
1970,Caribbean Folk Music,peaceful,1,0,0.000000
1970,Caribbean Folk Music,playful,1,0,0.000000
1970,Caribbean Folk Music,sad,1,0,0.000000
1970,Caribbean Folk Music,sombre,1,0,0.000000
1970,Caribbean Folk Music,uplifting,1,0,0.000000
1970,Celtic New Age,aggressive,1,0,0.000000
1970,Celtic New Age,angry,1,0,0.000000
1970,Celtic New Age,anxious,1,0,0.000000
1970,Celtic New Age,bittersweet,1,0,0.000000
1970,Celtic New Age,calm,1,1,1.000000
1970,Celtic New Age,dark,1,0,0.000000
1970,Celtic New Age,depressive,1,0,0.000000
1970,Celtic New Age,happy,1,0,0.000000
1970,Celtic New Age,melancholic,1,0,0.000000
1970,Celtic New Age,optimistic,1,0,0.000000
1970,Celtic New Age,peaceful,1,0,0.000000
1970,Celtic New Age,playful,1,0,0.000000
1970,Celtic New Age,sad,1,0,0.000000
1970,Celtic New Age,sombre,1,0,0.000000
1970,Celtic New Age,uplifting,1,1,1.000000
1970,Chamber Folk,aggressive,4,0,0.000000
1970,Chamber Folk,angry,4,0,0.000000
1970,Chamber Folk,anxious,4,0,0.000000
1970,Chamber Folk,bittersweet,4,1,0.250000
1970,Chamber Folk,calm,4,0,0.000000
1970,Chamber Folk,dark,4,1,0.250000
1970,Chamber Folk,depressive,4,0,0.000000
1970,Chamber Folk,happy,4,0,0.000000
1970,Chamber Folk,melancholic,4,1,0.250000
1970,Chamber Folk,optimistic,4,0,0.000000
1970,Chamber Folk,peaceful,4,1,0.250000
1970,Chamber Folk,playful,4,0,0.000000
1970,Chamber Folk,sad,4,0,0.000000
1970,Chamber Folk,sombre,4,1,0.250000
1970,Chamber Folk,uplifting,4,0,0.000000
1970,Chamber Jazz,aggressive,1,0,0.000000
1970,Chamber Jazz,angry,1,0,0.000000
1970,Chamber Jazz,anxious,1,0,0.000000
1970,Chamber Jazz,bittersweet,1,0,0.000000
1970,Chamber Jazz,calm,1,1,1.000000
1970,Chamber Jazz,dark,1,1,1.000000
1970,Chamber Jazz,depressive,1,0,0.000000
1970,Chamber Jazz,happy,1,0,0.000000
1970,Chamber Jazz,melancholic,1,0,0.000000
1970,Chamber Jazz,optimistic,1,0,0.000000
1970,Chamber Jazz,peaceful,1,0,0.000000
1970,Chamber Jazz,playful,1,0,0.000000
1970,Chamber Jazz,sad,1,0,0.000000
1970,Chamber Jazz,sombre,1,0,0.000000
1970,Chamber Jazz,uplifting,1,0,0.000000
1970,Chamber Music,aggressive,1,0,0.000000
1970,Chamber Music,angry,1,0,0.000000
1970,Chamber Music,anxious,1,0,0.000000
1970,Chamber Music,bittersweet,1,1,1.000000
1970,Chamber Music,calm,1,0,0.000000
1970,Chamber Music,dark,1,0,0.000000
1970,Chamber Music,depressive,1,0,0.000000
1970,Chamber Music,happy,1,0,0.000000
1970,Chamber Music,melancholic,1,0,0.000000
1970,Chamber Music,optimistic,1,0,0.000000
1970,Chamber Music,peaceful,1,1,1.000000
1970,Chamber Music,playful,1,0,0.000000
1970,Chamber Music,sad,1,0,0.000000
1970,Chamber Music,sombre,1,0,0.000000
1970,Chamber Music,uplifting,1,0,0.000000
1970,Chanson,aggressive,1,0,0.000000
1970,Chanson,angry,1,0,0.000000
1970,Chanson,anxious,1,0,0.000000
1970,Chanson,bittersweet,1,0,0.000000
1970,Chanson,calm,1,0,0.000000
1970,Chanson,dark,1,0,0.000000
1970,Chanson,depressive,1,0,0.000000
1970,Chanson,happy,1,0,0.000000
1970,Chanson,melancholic,1,1,1.000000
1970,Chanson,optimistic,1,0,0.000000
1970,Chanson,peaceful,1,0,0.000000
1970,Chanson,playful,1,0,0.000000
1970,Chanson,sad,1,0,0.000000
1970,Chanson,sombre,1,0,0.000000
1970,Chanson,uplifting,1,0,0.000000
1970,Chicago Soul,aggressive,5,0,0.000000
1970,Chicago Soul,angry,5,0,0.000000
1970,Chicago Soul,anxious,5,0,0.000000
1970,Chicago Soul,bittersweet,5,0,0.000000
1970,Chicago Soul,calm,5,0,0.000000
1970,Chicago Soul,dark,5,0,0.000000
1970,Chicago Soul,depressive,5,0,0.000000
1970,Chicago Soul,happy,5,0,0.000000
1970,Chicago Soul,melancholic,5,0,0.000000
1970,Chicago Soul,optimistic,5,2,0.400000
1970,Chicago Soul,peaceful,5,0,0.000000
1970,Chicago Soul,playful,5,0,0.000000
1970,Chicago Soul,sad,5,0,0.000000
1970,Chicago Soul,sombre,5,0,0.000000
1970,Chicago Soul,uplifting,5,3,0.600000
1970,Christian Rock,aggressive,1,0,0.000000
1970,Christian Rock,angry,1,0,0.000000
1970,Christian Rock,anxious,1,0,0.000000
1970,Christian Rock,bittersweet,1,0,0.000000
1970,Christian Rock,calm,1,0,0.000000
1970,Christian Rock,dark,1,0,0.000000
1970,Christian Rock,depressive,1,0,0.000000
1970,Christian Rock,happy,1,0,0.000000
1970,Christian Rock,melancholic,1,0,0.000000
1970,Christian Rock,optimistic,1,0,0.000000
1970,Christian Rock,peaceful,1,0,0.000000
1970,Christian Rock,playful,1,0,0.000000
1970,Christian Rock,sad,1,0,0.000000
1970,Christian Rock,sombre,1,0,0.000000
1970,Christian Rock,uplifting,1,0,0.000000
1970,Cinematic Classical,aggressive,1,0,0.000000
1970,Cinematic Classical,angry,1,0,0.000000
1970,Cinematic Classical,anxious,1,0,0.000000
1970,Cinematic Classical,bittersweet,1,0,0.000000
1970,Cinematic Classical,calm,1,0,0.000000
1970,Cinematic Classical,dark,1,0,0.000000
1970,Cinematic Classical,depressive,1,0,0.000000
1970,Cinematic Classical,happy,1,0,0.000000
1970,Cinematic Classical,melancholic,1,0,0.000000
1970,Cinematic Classical,optimistic,1,0,0.000000
1970,Cinematic Classical,peaceful,1,0,0.000000
1970,Cinematic Classical,playful,1,0,0.000000
1970,Cinematic Classical,sad,1,0,0.000000
1970,Cinematic Classical,sombre,1,0,0.000000
1970,Cinematic Classical,uplifting,1,1,1.000000
1970,City Pop,aggressive,3,0,0.000000
1970,City Pop,angry,3,0,0.000000
1970,City Pop,anxious,3,0,0.000000
1970,City Pop,bittersweet,3,0,0.000000
1970,City Pop,calm,3,0,0.000000
1970,City Pop,dark,3,0,0.000000
1970,City Pop,depressive,3,0,0.000000
1970,City Pop,happy,3,1,0.333333
1970,City Pop,melancholic,3,0,0.000000
1970,City Pop,optimistic,3,0,0.000000
1970,City Pop,peaceful,3,1,0.333333
1970,City Pop,playful,3,0,0.000000
1970,City Pop,sad,3,0,0.000000
1970,City Pop,sombre,3,0,0.000000
1970,City Pop,uplifting,3,0,0.000000
1970,Comedy Rock,aggressive,3,0,0.000000
1970,Comedy Rock,angry,3,0,0.000000
1970,Comedy Rock,anxious,3,0,0.000000
1970,Comedy Rock,bittersweet,3,0,0.000000
1970,Comedy Rock,calm,3,0,0.000000
1970,Comedy Rock,dark,3,0,0.000000
1970,Comedy Rock,depressive,3,0,0.000000
1970,Comedy Rock,happy,3,0,0.000000
1970,Comedy Rock,melancholic,3,0,0.000000
1970,Comedy Rock,optimistic,3,0,0.000000
1970,Comedy Rock,peaceful,3,0,0.000000
1970,Comedy Rock,playful,3,2,0.666667
1970,Comedy Rock,sad,3,0,0.000000
1970,Comedy Rock,sombre,3,0,0.000000
1970,Comedy Rock,uplifting,3,0,0.000000
1970,Contemporary Folk,aggressive,12,0,0.000000
1970,Contemporary Folk,angry,12,0,0.000000
1970,Contemporary Folk,anxious,12,0,0.000000
1970,Contemporary Folk,bittersweet,12,7,0.583333
1970,Contemporary Folk,calm,12,1,0.083333
1970,Contemporary Folk,dark,12,1,0.083333
1970,Contemporary Folk,depressive,12,2,0.166667
1970,Contemporary Folk,happy,12,0,0.000000
1970,Contemporary Folk,melancholic,12,5,0.416667
1970,Contemporary Folk,optimistic,12,0,0.000000
1970,Contemporary Folk,peaceful,12,1,0.083333
1970,Contemporary Folk,playful,12,0,0.000000
1970,Contemporary Folk,sad,12,0,0.000000
1970,Contemporary Folk,sombre,12,2,0.166667
1970,Contemporary Folk,uplifting,12,1,0.083333
1970,Contemporary R&B,aggressive,1,0,0.000000
1970,Contemporary R&B,angry,1,0,0.000000
1970,Contemporary R&B,anxious,1,0,0.000000
1970,Contemporary R&B,bittersweet,1,0,0.000000
1970,Contemporary R&B,calm,1,0,0.000000
1970,Contemporary R&B,dark,1,0,0.000000
1970,Contemporary R&B,depressive,1,0,0.000000
1970,Contemporary R&B,happy,1,0,0.000000
1970,Contemporary R&B,melancholic,1,0,0.000000
1970,Contemporary R&B,optimistic,1,0,0.000000
1970,Contemporary R&B,peaceful,1,0,0.000000
1970,Contemporary R&B,playful,1,0,0.000000
1970,Contemporary R&B,sad,1,0,0.000000
1970,Contemporary R&B,sombre,1,0,0.000000
1970,Contemporary R&B,uplifting,1,0,0.000000
1970,Country,aggressive,3,0,0.000000
1970,Country,angry,3,0,0.000000
1970,Country,anxious,3,0,0.000000
1970,Country,bittersweet,3,2,0.666667
1970,Country,calm,3,1,0.333333
1970,Country,dark,3,0,0.000000
1970,Country,depressive,3,1,0.333333
1970,Country,happy,3,0,0.000000
1970,Country,melancholic,3,0,0.000000
1970,Country,optimistic,3,0,0.000000
1970,Country,peaceful,3,1,0.333333
1970,Country,playful,3,0,0.000000
1970,Country,sad,3,0,0.000000
1970,Country,sombre,3,0,0.000000
1970,Country,uplifting,3,0,0.000000
1970,Country Rock,aggressive,12,0,0.000000
1970,Country Rock,angry,12,0,0.000000
1970,Country Rock,anxious,12,0,0.000000
1970,Country Rock,bittersweet,12,6,0.500000
1970,Country Rock,calm,12,1,0.083333
1970,Country Rock,dark,12,1,0.083333
1970,Country Rock,depressive,12,1,0.083333
1970,Country Rock,happy,12,0,0.000000
1970,Country Rock,melancholic,12,5,0.416667
1970,Country Rock,optimistic,12,0,0.000000
1970,Country Rock,peaceful,12,2,0.166667
1970,Country Rock,playful,12,1,0.083333
1970,Country Rock,sad,12,0,0.000000
1970,Country Rock,sombre,12,2,0.166667
1970,Country Rock,uplifting,12,0,0.000000
1970,Country Soul,aggressive,1,0,0.000000
1970,Country Soul,angry,1,0,0.000000
1970,Country Soul,anxious,1,0,0.000000
1970,Country Soul,bittersweet,1,1,1.000000
1970,Country Soul,calm,1,0,0.000000
1970,Country Soul,dark,1,0,0.000000
1970,Country Soul,depressive,1,0,0.000000
1970,Country Soul,happy,1,0,0.000000
1970,Country Soul,melancholic,1,1,1.000000
1970,Country Soul,optimistic,1,0,0.000000
1970,Country Soul,peaceful,1,0,0.000000
1970,Country Soul,playful,1,0,0.000000
1970,Country Soul,sad,1,0,0.000000
1970,Country Soul,sombre,1,0,0.000000
1970,Country Soul,uplifting,1,1,1.000000
1970,Dance-Punk,aggressive,1,0,0.000000
1970,Dance-Punk,angry,1,0,0.000000
1970,Dance-Punk,anxious,1,0,0.000000
1970,Dance-Punk,bittersweet,1,0,0.000000
1970,Dance-Punk,calm,1,0,0.000000
1970,Dance-Punk,dark,1,0,0.000000
1970,Dance-Punk,depressive,1,0,0.000000
1970,Dance-Punk,happy,1,0,0.000000
1970,Dance-Punk,melancholic,1,0,0.000000
1970,Dance-Punk,optimistic,1,0,0.000000
1970,Dance-Punk,peaceful,1,0,0.000000
1970,Dance-Punk,playful,1,1,1.000000
1970,Dance-Punk,sad,1,0,0.000000
1970,Dance-Punk,sombre,1,0,0.000000
1970,Dance-Punk,uplifting,1,0,0.000000
1970,Disco,aggressive,1,0,0.000000
1970,Disco,angry,1,0,0.000000
1970,Disco,anxious,1,0,0.000000
1970,Disco,bittersweet,1,0,0.000000
1970,Disco,calm,1,0,0.000000
1970,Disco,dark,1,0,0.000000
1970,Disco,depressive,1,0,0.000000
1970,Disco,happy,1,1,1.000000
1970,Disco,melancholic,1,0,0.000000
1970,Disco,optimistic,1,0,0.000000
1970,Disco,peaceful,1,0,0.000000
1970,Disco,playful,1,0,0.000000
1970,Disco,sad,1,0,0.000000
1970,Disco,sombre,1,0,0.000000
1970,Disco,uplifting,1,0,0.000000
1970,Drone,aggressive,2,0,0.000000
1970,Drone,angry,2,0,0.000000
1970,Drone,anxious,2,0,0.000000
1970,Drone,bittersweet,2,0,0.000000
1970,Drone,calm,2,2,1.000000
1970,Drone,dark,2,0,0.000000
1970,Drone,depressive,2,0,0.000000
1970,Drone,happy,2,0,0.000000
1970,Drone,melancholic,2,0,0.000000
1970,Drone,optimistic,2,0,0.000000
1970,Drone,peaceful,2,1,0.500000
1970,Drone,playful,2,0,0.000000
1970,Drone,sad,2,0,0.000000
1970,Drone,sombre,2,0,0.000000
1970,Drone,uplifting,2,0,0.000000
1970,Dub,aggressive,1,0,0.000000
1970,Dub,angry,1,0,0.000000
1970,Dub,anxious,1,0,0.000000
1970,Dub,bittersweet,1,0,0.000000
1970,Dub,calm,1,0,0.000000
1970,Dub,dark,1,0,0.000000
1970,Dub,depressive,1,0,0.000000
1970,Dub,happy,1,0,0.000000
1970,Dub,melancholic,1,0,0.000000
1970,Dub,optimistic,1,0,0.000000
1970,Dub,peaceful,1,0,0.000000
1970,Dub,playful,1,0,0.000000
1970,Dub,sad,1,0,0.000000
1970,Dub,sombre,1,0,0.000000
1970,Dub,uplifting,1,0,0.000000
1970,Electro-Disco,aggressive,2,0,0.000000
1970,Electro-Disco,angry,2,0,0.000000
1970,Electro-Disco,anxious,2,0,0.000000
1970,Electro-Disco,bittersweet,2,0,0.000000
1970,Electro-Disco,calm,2,0,0.000000
1970,Electro-Disco,dark,2,0,0.000000
1970,Electro-Disco,depressive,2,0,0.000000
1970,Electro-Disco,happy,2,0,0.000000
1970,Electro-Disco,melancholic,2,0,0.000000
1970,Electro-Disco,optimistic,2,0,0.000000
1970,Electro-Disco,peaceful,2,0,0.000000
1970,Electro-Disco,playful,2,1,0.500000
1970,Electro-Disco,sad,2,0,0.000000
1970,Electro-Disco,sombre,2,0,0.000000
1970,Electro-Disco,uplifting,2,0,0.000000
1970,Electronic,aggressive,8,0,0.000000
1970,Electronic,angry,8,0,0.000000
1970,Electronic,anxious,8,0,0.000000
1970,Electronic,bittersweet,8,0,0.000000
1970,Electronic,calm,8,3,0.375000
1970,Electronic,dark,8,1,0.125000
1970,Electronic,depressive,8,0,0.000000
1970,Electronic,happy,8,0,0.000000
1970,Electronic,melancholic,8,1,0.125000
1970,Electronic,optimistic,8,0,0.000000
1970,Electronic,peaceful,8,1,0.125000
1970,Electronic,playful,8,1,0.125000
1970,Electronic,sad,8,0,0.000000
1970,Electronic,sombre,8,0,0.000000
1970,Electronic,uplifting,8,0,0.000000
1970,Euro-Disco,aggressive,1,0,0.000000
1970,Euro-Disco,angry,1,0,0.000000
1970,Euro-Disco,anxious,1,0,0.000000
1970,Euro-Disco,bittersweet,1,0,0.000000
1970,Euro-Disco,calm,1,0,0.000000
1970,Euro-Disco,dark,1,0,0.000000
1970,Euro-Disco,depressive,1,0,0.000000
1970,Euro-Disco,happy,1,0,0.000000
1970,Euro-Disco,melancholic,1,0,0.000000
1970,Euro-Disco,optimistic,1,1,1.000000
1970,Euro-Disco,peaceful,1,0,0.000000
1970,Euro-Disco,playful,1,0,0.000000
1970,Euro-Disco,sad,1,0,0.000000
1970,Euro-Disco,sombre,1,0,0.000000
1970,Euro-Disco,uplifting,1,1,1.000000
1970,Europop,aggressive,2,0,0.000000
1970,Europop,angry,2,0,0.000000
1970,Europop,anxious,2,0,0.000000
1970,Europop,bittersweet,2,0,0.000000
1970,Europop,calm,2,0,0.000000
1970,Europop,dark,2,0,0.000000
1970,Europop,depressive,2,0,0.000000
1970,Europop,happy,2,1,0.500000
1970,Europop,melancholic,2,0,0.000000
1970,Europop,optimistic,2,2,1.000000
1970,Europop,peaceful,2,0,0.000000
1970,Europop,playful,2,1,0.500000
1970,Europop,sad,2,0,0.000000
1970,Europop,sombre,2,0,0.000000
1970,Europop,uplifting,2,2,1.000000
1970,Experimental,aggressive,5,0,0.000000
1970,Experimental,angry,5,0,0.000000
1970,Experimental,anxious,5,2,0.400000
1970,Experimental,bittersweet,5,0,0.000000
1970,Experimental,calm,5,0,0.000000
1970,Experimental,dark,5,3,0.600000
1970,Experimental,depressive,5,0,0.000000
1970,Experimental,happy,5,0,0.000000
1970,Experimental,melancholic,5,0,0.000000
1970,Experimental,optimistic,5,0,0.000000
1970,Experimental,peaceful,5,1,0.200000
1970,Experimental,playful,5,1,0.200000
1970,Experimental,sad,5,0,0.000000
1970,Experimental,sombre,5,0,0.000000
1970,Experimental,uplifting,5,0,0.000000
1970,Experimental Big Band,aggressive,1,0,0.000000
1970,Experimental Big Band,angry,1,0,0.000000
1970,Experimental Big Band,anxious,1,0,0.000000
1970,Experimental Big Band,bittersweet,1,0,0.000000
1970,Experimental Big Band,calm,1,0,0.000000
1970,Experimental Big Band,dark,1,0,0.000000
1970,Experimental Big Band,depressive,1,0,0.000000
1970,Experimental Big Band,happy,1,0,0.000000
1970,Experimental Big Band,melancholic,1,0,0.000000
1970,Experimental Big Band,optimistic,1,0,0.000000
1970,Experimental Big Band,peaceful,1,0,0.000000
1970,Experimental Big Band,playful,1,0,0.000000
1970,Experimental Big Band,sad,1,0,0.000000
1970,Experimental Big Band,sombre,1,0,0.000000
1970,Experimental Big Band,uplifting,1,0,0.000000
1970,Experimental Rock,aggressive,24,0,0.000000
1970,Experimental Rock,angry,24,0,0.000000
1970,Experimental Rock,anxious,24,5,0.208333
1970,Experimental Rock,bittersweet,24,0,0.000000
1970,Experimental Rock,calm,24,0,0.000000
1970,Experimental Rock,dark,24,3,0.125000
1970,Experimental Rock,depressive,24,0,0.000000
1970,Experimental Rock,happy,24,0,0.000000
1970,Experimental Rock,melancholic,24,0,0.000000
1970,Experimental Rock,optimistic,24,0,0.000000
1970,Experimental Rock,peaceful,24,0,0.000000
1970,Experimental Rock,playful,24,11,0.458333
1970,Experimental Rock,sad,24,0,0.000000
1970,Experimental Rock,sombre,24,0,0.000000
1970,Experimental Rock,uplifting,24,0,0.000000
1970,Film Score,aggressive,3,0,0.000000
1970,Film Score,angry,3,0,0.000000
1970,Film Score,anxious,3,0,0.000000
1970,Film Score,bittersweet,3,0,0.000000
1970,Film Score,calm,3,0,0.000000
1970,Film Score,dark,3,1,0.333333
1970,Film Score,depressive,3,0,0.000000
1970,Film Score,happy,3,0,0.000000
1970,Film Score,melancholic,3,0,0.000000
1970,Film Score,optimistic,3,0,0.000000
1970,Film Score,peaceful,3,0,0.000000
1970,Film Score,playful,3,0,0.000000
1970,Film Score,sad,3,0,0.000000
1970,Film Score,sombre,3,0,0.000000
1970,Film Score,uplifting,3,1,0.333333
1970,Film Soundtrack,aggressive,3,0,0.000000
1970,Film Soundtrack,angry,3,0,0.000000
1970,Film Soundtrack,anxious,3,0,0.000000
1970,Film Soundtrack,bittersweet,3,0,0.000000
1970,Film Soundtrack,calm,3,1,0.333333
1970,Film Soundtrack,dark,3,0,0.000000
1970,Film Soundtrack,depressive,3,0,0.000000
1970,Film Soundtrack,happy,3,0,0.000000
1970,Film Soundtrack,melancholic,3,0,0.000000
1970,Film Soundtrack,optimistic,3,0,0.000000
1970,Film Soundtrack,peaceful,3,0,0.000000
1970,Film Soundtrack,playful,3,0,0.000000
1970,Film Soundtrack,sad,3,0,0.000000
1970,Film Soundtrack,sombre,3,0,0.000000
1970,Film Soundtrack,uplifting,3,0,0.000000
1970,Folk Pop,aggressive,6,0,0.000000
1970,Folk Pop,angry,6,0,0.000000
1970,Folk Pop,anxious,6,0,0.000000
1970,Folk Pop,bittersweet,6,5,0.833333
1970,Folk Pop,calm,6,0,0.000000
1970,Folk Pop,dark,6,0,0.000000
1970,Folk Pop,depressive,6,0,0.000000
1970,Folk Pop,happy,6,0,0.000000
1970,Folk Pop,melancholic,6,1,0.166667
1970,Folk Pop,optimistic,6,2,0.333333
1970,Folk Pop,peaceful,6,1,0.166667
1970,Folk Pop,playful,6,1,0.166667
1970,Folk Pop,sad,6,0,0.000000
1970,Folk Pop,sombre,6,0,0.000000
1970,Folk Pop,uplifting,6,2,0.333333
1970,Folk Rock,aggressive,33,0,0.000000
1970,Folk Rock,angry,33,0,0.000000
1970,Folk Rock,anxious,33,0,0.000000
1970,Folk Rock,bittersweet,33,11,0.333333
1970,Folk Rock,calm,33,5,0.151515
1970,Folk Rock,dark,33,1,0.030303
1970,Folk Rock,depressive,33,1,0.030303
1970,Folk Rock,happy,33,0,0.000000
1970,Folk Rock,melancholic,33,7,0.212121
1970,Folk Rock,optimistic,33,1,0.030303
1970,Folk Rock,peaceful,33,6,0.181818
1970,Folk Rock,playful,33,1,0.030303
1970,Folk Rock,sad,33,0,0.000000
1970,Folk Rock,sombre,33,3,0.090909
1970,Folk Rock,uplifting,33,5,0.151515
1970,Freak Folk,aggressive,2,0,0.000000
1970,Freak Folk,angry,2,0,0.000000
1970,Freak Folk,anxious,2,0,0.000000
1970,Freak Folk,bittersweet,2,0,0.000000
1970,Freak Folk,calm,2,0,0.000000
1970,Freak Folk,dark,2,1,0.500000
1970,Freak Folk,depressive,2,0,0.000000
1970,Freak Folk,happy,2,0,0.000000
1970,Freak Folk,melancholic,2,0,0.000000
1970,Freak Folk,optimistic,2,0,0.000000
1970,Freak Folk,peaceful,2,0,0.000000
1970,Freak Folk,playful,2,0,0.000000
1970,Freak Folk,sad,2,0,0.000000
1970,Freak Folk,sombre,2,0,0.000000
1970,Freak Folk,uplifting,2,0,0.000000
1970,Free Folk,aggressive,1,0,0.000000
1970,Free Folk,angry,1,0,0.000000
1970,Free Folk,anxious,1,0,0.000000
1970,Free Folk,bittersweet,1,0,0.000000
1970,Free Folk,calm,1,0,0.000000
1970,Free Folk,dark,1,0,0.000000
1970,Free Folk,depressive,1,0,0.000000
1970,Free Folk,happy,1,0,0.000000
1970,Free Folk,melancholic,1,0,0.000000
1970,Free Folk,optimistic,1,0,0.000000
1970,Free Folk,peaceful,1,0,0.000000
1970,Free Folk,playful,1,0,0.000000
1970,Free Folk,sad,1,0,0.000000
1970,Free Folk,sombre,1,0,0.000000
1970,Free Folk,uplifting,1,0,0.000000
1970,Free Improvisation,aggressive,2,0,0.000000
1970,Free Improvisation,angry,2,0,0.000000
1970,Free Improvisation,anxious,2,0,0.000000
1970,Free Improvisation,bittersweet,2,0,0.000000
1970,Free Improvisation,calm,2,0,0.000000
1970,Free Improvisation,dark,2,0,0.000000
1970,Free Improvisation,depressive,2,0,0.000000
1970,Free Improvisation,happy,2,0,0.000000
1970,Free Improvisation,melancholic,2,0,0.000000
1970,Free Improvisation,optimistic,2,0,0.000000
1970,Free Improvisation,peaceful,2,0,0.000000
1970,Free Improvisation,playful,2,0,0.000000
1970,Free Improvisation,sad,2,0,0.000000
1970,Free Improvisation,sombre,2,0,0.000000
1970,Free Improvisation,uplifting,2,0,0.000000
1970,Free Jazz,aggressive,4,0,0.000000
1970,Free Jazz,angry,4,0,0.000000
1970,Free Jazz,anxious,4,0,0.000000
1970,Free Jazz,bittersweet,4,0,0.000000
1970,Free Jazz,calm,4,0,0.000000
1970,Free Jazz,dark,4,0,0.000000
1970,Free Jazz,depressive,4,0,0.000000
1970,Free Jazz,happy,4,0,0.000000
1970,Free Jazz,melancholic,4,0,0.000000
1970,Free Jazz,optimistic,4,0,0.000000
1970,Free Jazz,peaceful,4,0,0.000000
1970,Free Jazz,playful,4,0,0.000000
1970,Free Jazz,sad,4,0,0.000000
1970,Free Jazz,sombre,4,0,0.000000
1970,Free Jazz,uplifting,4,0,0.000000
1970,French Pop,aggressive,2,0,0.000000
1970,French Pop,angry,2,0,0.000000
1970,French Pop,anxious,2,0,0.000000
1970,French Pop,bittersweet,2,0,0.000000
1970,French Pop,calm,2,0,0.000000
1970,French Pop,dark,2,0,0.000000
1970,French Pop,depressive,2,0,0.000000
1970,French Pop,happy,2,0,0.000000
1970,French Pop,melancholic,2,1,0.500000
1970,French Pop,optimistic,2,0,0.000000
1970,French Pop,peaceful,2,0,0.000000
1970,French Pop,playful,2,0,0.000000
1970,French Pop,sad,2,0,0.000000
1970,French Pop,sombre,2,0,0.000000
1970,French Pop,uplifting,2,0,0.000000
1970,Funk,aggressive,8,1,0.125000
1970,Funk,angry,8,0,0.000000
1970,Funk,anxious,8,0,0.000000
1970,Funk,bittersweet,8,1,0.125000
1970,Funk,calm,8,0,0.000000
1970,Funk,dark,8,0,0.000000
1970,Funk,depressive,8,0,0.000000
1970,Funk,happy,8,1,0.125000
1970,Funk,melancholic,8,0,0.000000
1970,Funk,optimistic,8,1,0.125000
1970,Funk,peaceful,8,0,0.000000
1970,Funk,playful,8,2,0.250000
1970,Funk,sad,8,0,0.000000
1970,Funk,sombre,8,0,0.000000
1970,Funk,uplifting,8,3,0.375000
1970,Funk Rock,aggressive,5,0,0.000000
1970,Funk Rock,angry,5,0,0.000000
1970,Funk Rock,anxious,5,0,0.000000
1970,Funk Rock,bittersweet,5,0,0.000000
1970,Funk Rock,calm,5,0,0.000000
1970,Funk Rock,dark,5,0,0.000000
1970,Funk Rock,depressive,5,0,0.000000
1970,Funk Rock,happy,5,1,0.200000
1970,Funk Rock,melancholic,5,0,0.000000
1970,Funk Rock,optimistic,5,0,0.000000
1970,Funk Rock,peaceful,5,0,0.000000
1970,Funk Rock,playful,5,3,0.600000
1970,Funk Rock,sad,5,0,0.000000
1970,Funk Rock,sombre,5,0,0.000000
1970,Funk Rock,uplifting,5,1,0.200000
1970,Garage Rock,aggressive,4,1,0.250000
1970,Garage Rock,angry,4,0,0.000000
1970,Garage Rock,anxious,4,1,0.250000
1970,Garage Rock,bittersweet,4,0,0.000000
1970,Garage Rock,calm,4,0,0.000000
1970,Garage Rock,dark,4,0,0.000000
1970,Garage Rock,depressive,4,0,0.000000
1970,Garage Rock,happy,4,2,0.500000
1970,Garage Rock,melancholic,4,0,0.000000
1970,Garage Rock,optimistic,4,0,0.000000
1970,Garage Rock,peaceful,4,0,0.000000
1970,Garage Rock,playful,4,1,0.250000
1970,Garage Rock,sad,4,0,0.000000
1970,Garage Rock,sombre,4,0,0.000000
1970,Garage Rock,uplifting,4,0,0.000000
1970,Glam Punk,aggressive,1,0,0.000000
1970,Glam Punk,angry,1,0,0.000000
1970,Glam Punk,anxious,1,0,0.000000
1970,Glam Punk,bittersweet,1,0,0.000000
1970,Glam Punk,calm,1,0,0.000000
1970,Glam Punk,dark,1,0,0.000000
1970,Glam Punk,depressive,1,0,0.000000
1970,Glam Punk,happy,1,0,0.000000
1970,Glam Punk,melancholic,1,0,0.000000
1970,Glam Punk,optimistic,1,0,0.000000
1970,Glam Punk,peaceful,1,0,0.000000
1970,Glam Punk,playful,1,1,1.000000
1970,Glam Punk,sad,1,0,0.000000
1970,Glam Punk,sombre,1,0,0.000000
1970,Glam Punk,uplifting,1,0,0.000000
1970,Glam Rock,aggressive,33,0,0.000000
1970,Glam Rock,angry,33,0,0.000000
1970,Glam Rock,anxious,33,1,0.030303
1970,Glam Rock,bittersweet,33,2,0.060606
1970,Glam Rock,calm,33,0,0.000000
1970,Glam Rock,dark,33,2,0.060606
1970,Glam Rock,depressive,33,0,0.000000
1970,Glam Rock,happy,33,1,0.030303
1970,Glam Rock,melancholic,33,1,0.030303
1970,Glam Rock,optimistic,33,0,0.000000
1970,Glam Rock,peaceful,33,0,0.000000
1970,Glam Rock,playful,33,16,0.484848
1970,Glam Rock,sad,33,0,0.000000
1970,Glam Rock,sombre,33,0,0.000000
1970,Glam Rock,uplifting,33,3,0.090909
1970,Hard Bop,aggressive,1,0,0.000000
1970,Hard Bop,angry,1,0,0.000000
1970,Hard Bop,anxious,1,0,0.000000
1970,Hard Bop,bittersweet,1,0,0.000000
1970,Hard Bop,calm,1,1,1.000000
1970,Hard Bop,dark,1,0,0.000000
1970,Hard Bop,depressive,1,0,0.000000
1970,Hard Bop,happy,1,1,1.000000
1970,Hard Bop,melancholic,1,0,0.000000
1970,Hard Bop,optimistic,1,0,0.000000
1970,Hard Bop,peaceful,1,0,0.000000
1970,Hard Bop,playful,1,1,1.000000
1970,Hard Bop,sad,1,0,0.000000
1970,Hard Bop,sombre,1,0,0.000000
1970,Hard Bop,uplifting,1,0,0.000000
1970,Hard Rock,aggressive,93,6,0.064516
1970,Hard Rock,angry,93,0,0.000000
1970,Hard Rock,anxious,93,1,0.010753
1970,Hard Rock,bittersweet,93,9,0.096774
1970,Hard Rock,calm,93,0,0.000000
1970,Hard Rock,dark,93,8,0.086022
1970,Hard Rock,depressive,93,1,0.010753
1970,Hard Rock,happy,93,3,0.032258
1970,Hard Rock,melancholic,93,3,0.032258
1970,Hard Rock,optimistic,93,2,0.021505
1970,Hard Rock,peaceful,93,0,0.000000
1970,Hard Rock,playful,93,25,0.268817
1970,Hard Rock,sad,93,0,0.000000
1970,Hard Rock,sombre,93,6,0.064516
1970,Hard Rock,uplifting,93,13,0.139785
1970,Hardcore Punk,aggressive,1,1,1.000000
1970,Hardcore Punk,angry,1,1,1.000000
1970,Hardcore Punk,anxious,1,0,0.000000
1970,Hardcore Punk,bittersweet,1,0,0.000000
1970,Hardcore Punk,calm,1,0,0.000000
1970,Hardcore Punk,dark,1,0,0.000000
1970,Hardcore Punk,depressive,1,0,0.000000
1970,Hardcore Punk,happy,1,0,0.000000
1970,Hardcore Punk,melancholic,1,0,0.000000
1970,Hardcore Punk,optimistic,1,0,0.000000
1970,Hardcore Punk,peaceful,1,0,0.000000
1970,Hardcore Punk,playful,1,0,0.000000
1970,Hardcore Punk,sad,1,0,0.000000
1970,Hardcore Punk,sombre,1,0,0.000000
1970,Hardcore Punk,uplifting,1,0,0.000000
1970,Heartland Rock,aggressive,5,0,0.000000
1970,Heartland Rock,angry,5,0,0.000000
1970,Heartland Rock,anxious,5,0,0.000000
1970,Heartland Rock,bittersweet,5,2,0.400000
1970,Heartland Rock,calm,5,0,0.000000
1970,Heartland Rock,dark,5,0,0.000000
1970,Heartland Rock,depressive,5,0,0.000000
1970,Heartland Rock,happy,5,0,0.000000
1970,Heartland Rock,melancholic,5,0,0.000000
1970,Heartland Rock,optimistic,5,1,0.200000
1970,Heartland Rock,peaceful,5,0,0.000000
1970,Heartland Rock,playful,5,0,0.000000
1970,Heartland Rock,sad,5,0,0.000000
1970,Heartland Rock,sombre,5,0,0.000000
1970,Heartland Rock,uplifting,5,4,0.800000
1970,Heavy Metal,aggressive,20,3,0.150000
1970,Heavy Metal,angry,20,0,0.000000
1970,Heavy Metal,anxious,20,0,0.000000
1970,Heavy Metal,bittersweet,20,0,0.000000
1970,Heavy Metal,calm,20,0,0.000000
1970,Heavy Metal,dark,20,7,0.350000
1970,Heavy Metal,depressive,20,0,0.000000
1970,Heavy Metal,happy,20,0,0.000000
1970,Heavy Metal,melancholic,20,1,0.050000
1970,Heavy Metal,optimistic,20,1,0.050000
1970,Heavy Metal,peaceful,20,0,0.000000
1970,Heavy Metal,playful,20,0,0.000000
1970,Heavy Metal,sad,20,1,0.050000
1970,Heavy Metal,sombre,20,5,0.250000
1970,Heavy Metal,uplifting,20,3,0.150000
1970,Heavy Psych,aggressive,3,0,0.000000
1970,Heavy Psych,angry,3,0,0.000000
1970,Heavy Psych,anxious,3,1,0.333333
1970,Heavy Psych,bittersweet,3,0,0.000000
1970,Heavy Psych,calm,3,0,0.000000
1970,Heavy Psych,dark,3,1,0.333333
1970,Heavy Psych,depressive,3,0,0.000000
1970,Heavy Psych,happy,3,0,0.000000
1970,Heavy Psych,melancholic,3,0,0.000000
1970,Heavy Psych,optimistic,3,0,0.000000
1970,Heavy Psych,peaceful,3,0,0.000000
1970,Heavy Psych,playful,3,0,0.000000
1970,Heavy Psych,sad,3,0,0.000000
1970,Heavy Psych,sombre,3,1,0.333333
1970,Heavy Psych,uplifting,3,0,0.000000
1970,Industrial,aggressive,3,0,0.000000
1970,Industrial,angry,3,0,0.000000
1970,Industrial,anxious,3,1,0.333333
1970,Industrial,bittersweet,3,0,0.000000
1970,Industrial,calm,3,0,0.000000
1970,Industrial,dark,3,2,0.666667
1970,Industrial,depressive,3,0,0.000000
1970,Industrial,happy,3,0,0.000000
1970,Industrial,melancholic,3,0,0.000000
1970,Industrial,optimistic,3,0,0.000000
1970,Industrial,peaceful,3,0,0.000000
1970,Industrial,playful,3,0,0.000000
1970,Industrial,sad,3,0,0.000000
1970,Industrial,sombre,3,0,0.000000
1970,Industrial,uplifting,3,0,0.000000
1970,Jam Band,aggressive,1,0,0.000000
1970,Jam Band,angry,1,0,0.000000
1970,Jam Band,anxious,1,0,0.000000
1970,Jam Band,bittersweet,1,0,0.000000
1970,Jam Band,calm,1,0,0.000000
1970,Jam Band,dark,1,0,0.000000
1970,Jam Band,depressive,1,0,0.000000
1970,Jam Band,happy,1,0,0.000000
1970,Jam Band,melancholic,1,0,0.000000
1970,Jam Band,optimistic,1,0,0.000000
1970,Jam Band,peaceful,1,0,0.000000
1970,Jam Band,playful,1,0,0.000000
1970,Jam Band,sad,1,0,0.000000
1970,Jam Band,sombre,1,0,0.000000
1970,Jam Band,uplifting,1,1,1.000000
1970,Jazz Fusion,aggressive,19,0,0.000000
1970,Jazz Fusion,angry,19,0,0.000000
1970,Jazz Fusion,anxious,19,0,0.000000
1970,Jazz Fusion,bittersweet,19,0,0.000000
1970,Jazz Fusion,calm,19,1,0.052632
1970,Jazz Fusion,dark,19,0,0.000000
1970,Jazz Fusion,depressive,19,0,0.000000
1970,Jazz Fusion,happy,19,1,0.052632
1970,Jazz Fusion,melancholic,19,0,0.000000
1970,Jazz Fusion,optimistic,19,0,0.000000
1970,Jazz Fusion,peaceful,19,2,0.105263
1970,Jazz Fusion,playful,19,5,0.263158
1970,Jazz Fusion,sad,19,0,0.000000
1970,Jazz Fusion,sombre,19,0,0.000000
1970,Jazz Fusion,uplifting,19,3,0.157895
1970,Jazz Pop,aggressive,2,0,0.000000
1970,Jazz Pop,angry,2,0,0.000000
1970,Jazz Pop,anxious,2,0,0.000000
1970,Jazz Pop,bittersweet,2,0,0.000000
1970,Jazz Pop,calm,2,0,0.000000
1970,Jazz Pop,dark,2,0,0.000000
1970,Jazz Pop,depressive,2,0,0.000000
1970,Jazz Pop,happy,2,0,0.000000
1970,Jazz Pop,melancholic,2,1,0.500000
1970,Jazz Pop,optimistic,2,0,0.000000
1970,Jazz Pop,peaceful,2,0,0.000000
1970,Jazz Pop,playful,2,0,0.000000
1970,Jazz Pop,sad,2,0,0.000000
1970,Jazz Pop,sombre,2,0,0.000000
1970,Jazz Pop,uplifting,2,0,0.000000
1970,Jazz-Funk,aggressive,4,0,0.000000
1970,Jazz-Funk,angry,4,0,0.000000
1970,Jazz-Funk,anxious,4,0,0.000000
1970,Jazz-Funk,bittersweet,4,0,0.000000
1970,Jazz-Funk,calm,4,0,0.000000
1970,Jazz-Funk,dark,4,0,0.000000
1970,Jazz-Funk,depressive,4,0,0.000000
1970,Jazz-Funk,happy,4,1,0.250000
1970,Jazz-Funk,melancholic,4,0,0.000000
1970,Jazz-Funk,optimistic,4,0,0.000000
1970,Jazz-Funk,peaceful,4,0,0.000000
1970,Jazz-Funk,playful,4,1,0.250000
1970,Jazz-Funk,sad,4,0,0.000000
1970,Jazz-Funk,sombre,4,0,0.000000
1970,Jazz-Funk,uplifting,4,2,0.500000
1970,Jazz-Rock,aggressive,18,0,0.000000
1970,Jazz-Rock,angry,18,0,0.000000
1970,Jazz-Rock,anxious,18,0,0.000000
1970,Jazz-Rock,bittersweet,18,1,0.055556
1970,Jazz-Rock,calm,18,0,0.000000
1970,Jazz-Rock,dark,18,0,0.000000
1970,Jazz-Rock,depressive,18,0,0.000000
1970,Jazz-Rock,happy,18,0,0.000000
1970,Jazz-Rock,melancholic,18,0,0.000000
1970,Jazz-Rock,optimistic,18,0,0.000000
1970,Jazz-Rock,peaceful,18,0,0.000000
1970,Jazz-Rock,playful,18,7,0.388889
1970,Jazz-Rock,sad,18,0,0.000000
1970,Jazz-Rock,sombre,18,0,0.000000
1970,Jazz-Rock,uplifting,18,1,0.055556
1970,Krautrock,aggressive,26,0,0.000000
1970,Krautrock,angry,26,0,0.000000
1970,Krautrock,anxious,26,0,0.000000
1970,Krautrock,bittersweet,26,0,0.000000
1970,Krautrock,calm,26,3,0.115385
1970,Krautrock,dark,26,3,0.115385
1970,Krautrock,depressive,26,0,0.000000
1970,Krautrock,happy,26,0,0.000000
1970,Krautrock,melancholic,26,1,0.038462
1970,Krautrock,optimistic,26,0,0.000000
1970,Krautrock,peaceful,26,1,0.038462
1970,Krautrock,playful,26,7,0.269231
1970,Krautrock,sad,26,0,0.000000
1970,Krautrock,sombre,26,0,0.000000
1970,Krautrock,uplifting,26,0,0.000000
1970,Latin Rock,aggressive,3,0,0.000000
1970,Latin Rock,angry,3,0,0.000000
1970,Latin Rock,anxious,3,0,0.000000
1970,Latin Rock,bittersweet,3,0,0.000000
1970,Latin Rock,calm,3,0,0.000000
1970,Latin Rock,dark,3,0,0.000000
1970,Latin Rock,depressive,3,0,0.000000
1970,Latin Rock,happy,3,0,0.000000
1970,Latin Rock,melancholic,3,0,0.000000
1970,Latin Rock,optimistic,3,0,0.000000
1970,Latin Rock,peaceful,3,0,0.000000
1970,Latin Rock,playful,3,1,0.333333
1970,Latin Rock,sad,3,0,0.000000
1970,Latin Rock,sombre,3,0,0.000000
1970,Latin Rock,uplifting,3,1,0.333333
1970,MPB,aggressive,8,0,0.000000
1970,MPB,angry,8,0,0.000000
1970,MPB,anxious,8,0,0.000000
1970,MPB,bittersweet,8,3,0.375000
1970,MPB,calm,8,0,0.000000
1970,MPB,dark,8,0,0.000000
1970,MPB,depressive,8,0,0.000000
1970,MPB,happy,8,3,0.375000
1970,MPB,melancholic,8,1,0.125000
1970,MPB,optimistic,8,0,0.000000
1970,MPB,peaceful,8,0,0.000000
1970,MPB,playful,8,3,0.375000
1970,MPB,sad,8,0,0.000000
1970,MPB,sombre,8,1,0.125000
1970,MPB,uplifting,8,4,0.500000
1970,Minimal Synth,aggressive,2,0,0.000000
1970,Minimal Synth,angry,2,0,0.000000
1970,Minimal Synth,anxious,2,2,1.000000
1970,Minimal Synth,bittersweet,2,0,0.000000
1970,Minimal Synth,calm,2,0,0.000000
1970,Minimal Synth,dark,2,2,1.000000
1970,Minimal Synth,depressive,2,0,0.000000
1970,Minimal Synth,happy,2,0,0.000000
1970,Minimal Synth,melancholic,2,0,0.000000
1970,Minimal Synth,optimistic,2,0,0.000000
1970,Minimal Synth,peaceful,2,0,0.000000
1970,Minimal Synth,playful,2,0,0.000000
1970,Minimal Synth,sad,2,0,0.000000
1970,Minimal Synth,sombre,2,0,0.000000
1970,Minimal Synth,uplifting,2,0,0.000000
1970,Minimalism,aggressive,2,0,0.000000
1970,Minimalism,angry,2,0,0.000000
1970,Minimalism,anxious,2,0,0.000000
1970,Minimalism,bittersweet,2,0,0.000000
1970,Minimalism,calm,2,1,0.500000
1970,Minimalism,dark,2,0,0.000000
1970,Minimalism,depressive,2,0,0.000000
1970,Minimalism,happy,2,0,0.000000
1970,Minimalism,melancholic,2,0,0.000000
1970,Minimalism,optimistic,2,0,0.000000
1970,Minimalism,peaceful,2,0,0.000000
1970,Minimalism,playful,2,0,0.000000
1970,Minimalism,sad,2,0,0.000000
1970,Minimalism,sombre,2,0,0.000000
1970,Minimalism,uplifting,2,0,0.000000
1970,Mod Revival,aggressive,3,0,0.000000
1970,Mod Revival,angry,3,2,0.666667
1970,Mod Revival,anxious,3,1,0.333333
1970,Mod Revival,bittersweet,3,0,0.000000
1970,Mod Revival,calm,3,0,0.000000
1970,Mod Revival,dark,3,0,0.000000
1970,Mod Revival,depressive,3,0,0.000000
1970,Mod Revival,happy,3,0,0.000000
1970,Mod Revival,melancholic,3,0,0.000000
1970,Mod Revival,optimistic,3,0,0.000000
1970,Mod Revival,peaceful,3,0,0.000000
1970,Mod Revival,playful,3,0,0.000000
1970,Mod Revival,sad,3,0,0.000000
1970,Mod Revival,sombre,3,0,0.000000
1970,Mod Revival,uplifting,3,0,0.000000
1970,Modern Classical,aggressive,1,0,0.000000
1970,Modern Classical,angry,1,0,0.000000
1970,Modern Classical,anxious,1,0,0.000000
1970,Modern Classical,bittersweet,1,0,0.000000
1970,Modern Classical,calm,1,1,1.000000
1970,Modern Classical,dark,1,0,0.000000
1970,Modern Classical,depressive,1,0,0.000000
1970,Modern Classical,happy,1,0,0.000000
1970,Modern Classical,melancholic,1,0,0.000000
1970,Modern Classical,optimistic,1,0,0.000000
1970,Modern Classical,peaceful,1,1,1.000000
1970,Modern Classical,playful,1,0,0.000000
1970,Modern Classical,sad,1,0,0.000000
1970,Modern Classical,sombre,1,0,0.000000
1970,Modern Classical,uplifting,1,0,0.000000
1970,Modern Creative,aggressive,1,0,0.000000
1970,Modern Creative,angry,1,0,0.000000
1970,Modern Creative,anxious,1,0,0.000000
1970,Modern Creative,bittersweet,1,0,0.000000
1970,Modern Creative,calm,1,0,0.000000
1970,Modern Creative,dark,1,0,0.000000
1970,Modern Creative,depressive,1,0,0.000000
1970,Modern Creative,happy,1,0,0.000000
1970,Modern Creative,melancholic,1,0,0.000000
1970,Modern Creative,optimistic,1,0,0.000000
1970,Modern Creative,peaceful,1,0,0.000000
1970,Modern Creative,playful,1,0,0.000000
1970,Modern Creative,sad,1,0,0.000000
1970,Modern Creative,sombre,1,0,0.000000
1970,Modern Creative,uplifting,1,0,0.000000
1970,Musical Parody,aggressive,1,0,0.000000
1970,Musical Parody,angry,1,0,0.000000
1970,Musical Parody,anxious,1,0,0.000000
1970,Musical Parody,bittersweet,1,0,0.000000
1970,Musical Parody,calm,1,0,0.000000
1970,Musical Parody,dark,1,0,0.000000
1970,Musical Parody,depressive,1,0,0.000000
1970,Musical Parody,happy,1,0,0.000000
1970,Musical Parody,melancholic,1,0,0.000000
1970,Musical Parody,optimistic,1,0,0.000000
1970,Musical Parody,peaceful,1,0,0.000000
1970,Musical Parody,playful,1,0,0.000000
1970,Musical Parody,sad,1,0,0.000000
1970,Musical Parody,sombre,1,0,0.000000
1970,Musical Parody,uplifting,1,0,0.000000
1970,Neoclassical New Age,aggressive,1,0,0.000000
1970,Neoclassical New Age,angry,1,0,0.000000
1970,Neoclassical New Age,anxious,1,0,0.000000
1970,Neoclassical New Age,bittersweet,1,0,0.000000
1970,Neoclassical New Age,calm,1,1,1.000000
1970,Neoclassical New Age,dark,1,0,0.000000
1970,Neoclassical New Age,depressive,1,0,0.000000
1970,Neoclassical New Age,happy,1,0,0.000000
1970,Neoclassical New Age,melancholic,1,0,0.000000
1970,Neoclassical New Age,optimistic,1,0,0.000000
1970,Neoclassical New Age,peaceful,1,1,1.000000
1970,Neoclassical New Age,playful,1,0,0.000000
1970,Neoclassical New Age,sad,1,0,0.000000
1970,Neoclassical New Age,sombre,1,0,0.000000
1970,Neoclassical New Age,uplifting,1,0,0.000000
1970,New Age,aggressive,1,0,0.000000
1970,New Age,angry,1,0,0.000000
1970,New Age,anxious,1,0,0.000000
1970,New Age,bittersweet,1,0,0.000000
1970,New Age,calm,1,1,1.000000
1970,New Age,dark,1,0,0.000000
1970,New Age,depressive,1,0,0.000000
1970,New Age,happy,1,0,0.000000
1970,New Age,melancholic,1,0,0.000000
1970,New Age,optimistic,1,0,0.000000
1970,New Age,peaceful,1,0,0.000000
1970,New Age,playful,1,0,0.000000
1970,New Age,sad,1,0,0.000000
1970,New Age,sombre,1,0,0.000000
1970,New Age,uplifting,1,1,1.000000
1970,New Music,aggressive,1,0,0.000000
1970,New Music,angry,1,0,0.000000
1970,New Music,anxious,1,0,0.000000
1970,New Music,bittersweet,1,0,0.000000
1970,New Music,calm,1,0,0.000000
1970,New Music,dark,1,0,0.000000
1970,New Music,depressive,1,0,0.000000
1970,New Music,happy,1,0,0.000000
1970,New Music,melancholic,1,0,0.000000
1970,New Music,optimistic,1,0,0.000000
1970,New Music,peaceful,1,0,0.000000
1970,New Music,playful,1,0,0.000000
1970,New Music,sad,1,0,0.000000
1970,New Music,sombre,1,0,0.000000
1970,New Music,uplifting,1,0,0.000000
1970,New Wave,aggressive,27,0,0.000000
1970,New Wave,angry,27,4,0.148148
1970,New Wave,anxious,27,13,0.481481
1970,New Wave,bittersweet,27,0,0.000000
1970,New Wave,calm,27,0,0.000000
1970,New Wave,dark,27,0,0.000000
1970,New Wave,depressive,27,0,0.000000
1970,New Wave,happy,27,2,0.074074
1970,New Wave,melancholic,27,1,0.037037
1970,New Wave,optimistic,27,0,0.000000
1970,New Wave,peaceful,27,0,0.000000
1970,New Wave,playful,27,17,0.629630
1970,New Wave,sad,27,0,0.000000
1970,New Wave,sombre,27,1,0.037037
1970,New Wave,uplifting,27,1,0.037037
1970,No Wave,aggressive,2,1,0.500000
1970,No Wave,angry,2,1,0.500000
1970,No Wave,anxious,2,1,0.500000
1970,No Wave,bittersweet,2,0,0.000000
1970,No Wave,calm,2,0,0.000000
1970,No Wave,dark,2,0,0.000000
1970,No Wave,depressive,2,0,0.000000
1970,No Wave,happy,2,0,0.000000
1970,No Wave,melancholic,2,0,0.000000
1970,No Wave,optimistic,2,0,0.000000
1970,No Wave,peaceful,2,0,0.000000
1970,No Wave,playful,2,0,0.000000
1970,No Wave,sad,2,0,0.000000
1970,No Wave,sombre,2,0,0.000000
1970,No Wave,uplifting,2,0,0.000000
1970,Noise,aggressive,1,0,0.000000
1970,Noise,angry,1,0,0.000000
1970,Noise,anxious,1,0,0.000000
1970,Noise,bittersweet,1,0,0.000000
1970,Noise,calm,1,0,0.000000
1970,Noise,dark,1,0,0.000000
1970,Noise,depressive,1,0,0.000000
1970,Noise,happy,1,0,0.000000
1970,Noise,melancholic,1,0,0.000000
1970,Noise,optimistic,1,0,0.000000
1970,Noise,peaceful,1,0,0.000000
1970,Noise,playful,1,0,0.000000
1970,Noise,sad,1,0,0.000000
1970,Noise,sombre,1,0,0.000000
1970,Noise,uplifting,1,0,0.000000
1970,Noise Rock,aggressive,2,0,0.000000
1970,Noise Rock,angry,2,0,0.000000
1970,Noise Rock,anxious,2,0,0.000000
1970,Noise Rock,bittersweet,2,0,0.000000
1970,Noise Rock,calm,2,0,0.000000
1970,Noise Rock,dark,2,0,0.000000
1970,Noise Rock,depressive,2,0,0.000000
1970,Noise Rock,happy,2,0,0.000000
1970,Noise Rock,melancholic,2,0,0.000000
1970,Noise Rock,optimistic,2,0,0.000000
1970,Noise Rock,peaceful,2,0,0.000000
1970,Noise Rock,playful,2,0,0.000000
1970,Noise Rock,sad,2,0,0.000000
1970,Noise Rock,sombre,2,0,0.000000
1970,Noise Rock,uplifting,2,0,0.000000
1970,Nyahbinghi,aggressive,1,0,0.000000
1970,Nyahbinghi,angry,1,0,0.000000
1970,Nyahbinghi,anxious,1,0,0.000000
1970,Nyahbinghi,bittersweet,1,0,0.000000
1970,Nyahbinghi,calm,1,0,0.000000
1970,Nyahbinghi,dark,1,0,0.000000
1970,Nyahbinghi,depressive,1,0,0.000000
1970,Nyahbinghi,happy,1,0,0.000000
1970,Nyahbinghi,melancholic,1,0,0.000000
1970,Nyahbinghi,optimistic,1,0,0.000000
1970,Nyahbinghi,peaceful,1,0,0.000000
1970,Nyahbinghi,playful,1,0,0.000000
1970,Nyahbinghi,sad,1,0,0.000000
1970,Nyahbinghi,sombre,1,0,0.000000
1970,Nyahbinghi,uplifting,1,0,0.000000
1970,Orchestral,aggressive,1,0,0.000000
1970,Orchestral,angry,1,0,0.000000
1970,Orchestral,anxious,1,0,0.000000
1970,Orchestral,bittersweet,1,0,0.000000
1970,Orchestral,calm,1,0,0.000000
1970,Orchestral,dark,1,0,0.000000
1970,Orchestral,depressive,1,0,0.000000
1970,Orchestral,happy,1,0,0.000000
1970,Orchestral,melancholic,1,0,0.000000
1970,Orchestral,optimistic,1,0,0.000000
1970,Orchestral,peaceful,1,0,0.000000
1970,Orchestral,playful,1,0,0.000000
1970,Orchestral,sad,1,0,0.000000
1970,Orchestral,sombre,1,0,0.000000
1970,Orchestral,uplifting,1,1,1.000000
1970,Outlaw Country,aggressive,1,0,0.000000
1970,Outlaw Country,angry,1,0,0.000000
1970,Outlaw Country,anxious,1,0,0.000000
1970,Outlaw Country,bittersweet,1,0,0.000000
1970,Outlaw Country,calm,1,1,1.000000
1970,Outlaw Country,dark,1,0,0.000000
1970,Outlaw Country,depressive,1,0,0.000000
1970,Outlaw Country,happy,1,0,0.000000
1970,Outlaw Country,melancholic,1,1,1.000000
1970,Outlaw Country,optimistic,1,0,0.000000
1970,Outlaw Country,peaceful,1,0,0.000000
1970,Outlaw Country,playful,1,0,0.000000
1970,Outlaw Country,sad,1,0,0.000000
1970,Outlaw Country,sombre,1,1,1.000000
1970,Outlaw Country,uplifting,1,0,0.000000
1970,P-Funk,aggressive,4,0,0.000000
1970,P-Funk,angry,4,0,0.000000
1970,P-Funk,anxious,4,0,0.000000
1970,P-Funk,bittersweet,4,0,0.000000
1970,P-Funk,calm,4,0,0.000000
1970,P-Funk,dark,4,0,0.000000
1970,P-Funk,depressive,4,0,0.000000
1970,P-Funk,happy,4,2,0.500000
1970,P-Funk,melancholic,4,0,0.000000
1970,P-Funk,optimistic,4,0,0.000000
1970,P-Funk,peaceful,4,0,0.000000
1970,P-Funk,playful,4,3,0.750000
1970,P-Funk,sad,4,0,0.000000
1970,P-Funk,sombre,4,0,0.000000
1970,P-Funk,uplifting,4,3,0.750000
1970,Piano Blues,aggressive,3,0,0.000000
1970,Piano Blues,angry,3,0,0.000000
1970,Piano Blues,anxious,3,0,0.000000
1970,Piano Blues,bittersweet,3,1,0.333333
1970,Piano Blues,calm,3,0,0.000000
1970,Piano Blues,dark,3,0,0.000000
1970,Piano Blues,depressive,3,0,0.000000
1970,Piano Blues,happy,3,0,0.000000
1970,Piano Blues,melancholic,3,2,0.666667
1970,Piano Blues,optimistic,3,0,0.000000
1970,Piano Blues,peaceful,3,0,0.000000
1970,Piano Blues,playful,3,2,0.666667
1970,Piano Blues,sad,3,1,0.333333
1970,Piano Blues,sombre,3,0,0.000000
1970,Piano Blues,uplifting,3,0,0.000000
1970,Piano Rock,aggressive,10,0,0.000000
1970,Piano Rock,angry,10,0,0.000000
1970,Piano Rock,anxious,10,0,0.000000
1970,Piano Rock,bittersweet,10,5,0.500000
1970,Piano Rock,calm,10,1,0.100000
1970,Piano Rock,dark,10,1,0.100000
1970,Piano Rock,depressive,10,0,0.000000
1970,Piano Rock,happy,10,1,0.100000
1970,Piano Rock,melancholic,10,3,0.300000
1970,Piano Rock,optimistic,10,0,0.000000
1970,Piano Rock,peaceful,10,0,0.000000
1970,Piano Rock,playful,10,4,0.400000
1970,Piano Rock,sad,10,0,0.000000
1970,Piano Rock,sombre,10,0,0.000000
1970,Piano Rock,uplifting,10,1,0.100000
1970,Polyphonic Chant,aggressive,1,0,0.000000
1970,Polyphonic Chant,angry,1,0,0.000000
1970,Polyphonic Chant,anxious,1,0,0.000000
1970,Polyphonic Chant,bittersweet,1,0,0.000000
1970,Polyphonic Chant,calm,1,0,0.000000
1970,Polyphonic Chant,dark,1,0,0.000000
1970,Polyphonic Chant,depressive,1,0,0.000000
1970,Polyphonic Chant,happy,1,0,0.000000
1970,Polyphonic Chant,melancholic,1,1,1.000000
1970,Polyphonic Chant,optimistic,1,0,0.000000
1970,Polyphonic Chant,peaceful,1,0,0.000000
1970,Polyphonic Chant,playful,1,0,0.000000
1970,Polyphonic Chant,sad,1,0,0.000000
1970,Polyphonic Chant,sombre,1,0,0.000000
1970,Polyphonic Chant,uplifting,1,0,0.000000
1970,Pop,aggressive,3,0,0.000000
1970,Pop,angry,3,0,0.000000
1970,Pop,anxious,3,0,0.000000
1970,Pop,bittersweet,3,1,0.333333
1970,Pop,calm,3,0,0.000000
1970,Pop,dark,3,0,0.000000
1970,Pop,depressive,3,0,0.000000
1970,Pop,happy,3,1,0.333333
1970,Pop,melancholic,3,0,0.000000
1970,Pop,optimistic,3,0,0.000000
1970,Pop,peaceful,3,0,0.000000
1970,Pop,playful,3,1,0.333333
1970,Pop,sad,3,0,0.000000
1970,Pop,sombre,3,0,0.000000
1970,Pop,uplifting,3,1,0.333333
1970,Pop Punk,aggressive,1,0,0.000000
1970,Pop Punk,angry,1,0,0.000000
1970,Pop Punk,anxious,1,1,1.000000
1970,Pop Punk,bittersweet,1,0,0.000000
1970,Pop Punk,calm,1,0,0.000000
1970,Pop Punk,dark,1,0,0.000000
1970,Pop Punk,depressive,1,0,0.000000
1970,Pop Punk,happy,1,0,0.000000
1970,Pop Punk,melancholic,1,0,0.000000
1970,Pop Punk,optimistic,1,0,0.000000
1970,Pop Punk,peaceful,1,0,0.000000
1970,Pop Punk,playful,1,1,1.000000
1970,Pop Punk,sad,1,0,0.000000
1970,Pop Punk,sombre,1,0,0.000000
1970,Pop Punk,uplifting,1,0,0.000000
1970,Pop Rock,aggressive,69,0,0.000000
1970,Pop Rock,angry,69,2,0.028986
1970,Pop Rock,anxious,69,5,0.072464
1970,Pop Rock,bittersweet,69,30,0.434783
1970,Pop Rock,calm,69,1,0.014493
1970,Pop Rock,dark,69,2,0.028986
1970,Pop Rock,depressive,69,1,0.014493
1970,Pop Rock,happy,69,6,0.086957
1970,Pop Rock,melancholic,69,15,0.217391
1970,Pop Rock,optimistic,69,2,0.028986
1970,Pop Rock,peaceful,69,2,0.028986
1970,Pop Rock,playful,69,36,0.521739
1970,Pop Rock,sad,69,1,0.014493
1970,Pop Rock,sombre,69,2,0.028986
1970,Pop Rock,uplifting,69,16,0.231884
1970,Pop Soul,aggressive,2,0,0.000000
1970,Pop Soul,angry,2,0,0.000000
1970,Pop Soul,anxious,2,0,0.000000
1970,Pop Soul,bittersweet,2,0,0.000000
1970,Pop Soul,calm,2,0,0.000000
1970,Pop Soul,dark,2,0,0.000000
1970,Pop Soul,depressive,2,0,0.000000
1970,Pop Soul,happy,2,0,0.000000
1970,Pop Soul,melancholic,2,0,0.000000
1970,Pop Soul,optimistic,2,0,0.000000
1970,Pop Soul,peaceful,2,0,0.000000
1970,Pop Soul,playful,2,0,0.000000
1970,Pop Soul,sad,2,0,0.000000
1970,Pop Soul,sombre,2,0,0.000000
1970,Pop Soul,uplifting,2,1,0.500000
1970,Post-Minimalism,aggressive,1,0,0.000000
1970,Post-Minimalism,angry,1,0,0.000000
1970,Post-Minimalism,anxious,1,0,0.000000
1970,Post-Minimalism,bittersweet,1,0,0.000000
1970,Post-Minimalism,calm,1,1,1.000000
1970,Post-Minimalism,dark,1,0,0.000000
1970,Post-Minimalism,depressive,1,0,0.000000
1970,Post-Minimalism,happy,1,0,0.000000
1970,Post-Minimalism,melancholic,1,1,1.000000
1970,Post-Minimalism,optimistic,1,0,0.000000
1970,Post-Minimalism,peaceful,1,1,1.000000
1970,Post-Minimalism,playful,1,0,0.000000
1970,Post-Minimalism,sad,1,0,0.000000
1970,Post-Minimalism,sombre,1,0,0.000000
1970,Post-Minimalism,uplifting,1,0,0.000000
1970,Post-Punk,aggressive,26,0,0.000000
1970,Post-Punk,angry,26,2,0.076923
1970,Post-Punk,anxious,26,18,0.692308
1970,Post-Punk,bittersweet,26,0,0.000000
1970,Post-Punk,calm,26,0,0.000000
1970,Post-Punk,dark,26,7,0.269231
1970,Post-Punk,depressive,26,1,0.038462
1970,Post-Punk,happy,26,0,0.000000
1970,Post-Punk,melancholic,26,1,0.038462
1970,Post-Punk,optimistic,26,0,0.000000
1970,Post-Punk,peaceful,26,0,0.000000
1970,Post-Punk,playful,26,9,0.346154
1970,Post-Punk,sad,26,0,0.000000
1970,Post-Punk,sombre,26,1,0.038462
1970,Post-Punk,uplifting,26,0,0.000000
1970,Power Pop,aggressive,5,0,0.000000
1970,Power Pop,angry,5,1,0.200000
1970,Power Pop,anxious,5,0,0.000000
1970,Power Pop,bittersweet,5,2,0.400000
1970,Power Pop,calm,5,0,0.000000
1970,Power Pop,dark,5,0,0.000000
1970,Power Pop,depressive,5,0,0.000000
1970,Power Pop,happy,5,0,0.000000
1970,Power Pop,melancholic,5,0,0.000000
1970,Power Pop,optimistic,5,1,0.200000
1970,Power Pop,peaceful,5,0,0.000000
1970,Power Pop,playful,5,4,0.800000
1970,Power Pop,sad,5,0,0.000000
1970,Power Pop,sombre,5,0,0.000000
1970,Power Pop,uplifting,5,2,0.400000
1970,Progressive Electronic,aggressive,14,0,0.000000
1970,Progressive Electronic,angry,14,0,0.000000
1970,Progressive Electronic,anxious,14,0,0.000000
1970,Progressive Electronic,bittersweet,14,0,0.000000
1970,Progressive Electronic,calm,14,3,0.214286
1970,Progressive Electronic,dark,14,3,0.214286
1970,Progressive Electronic,depressive,14,0,0.000000
1970,Progressive Electronic,happy,14,0,0.000000
1970,Progressive Electronic,melancholic,14,1,0.071429
1970,Progressive Electronic,optimistic,14,0,0.000000
1970,Progressive Electronic,peaceful,14,1,0.071429
1970,Progressive Electronic,playful,14,3,0.214286
1970,Progressive Electronic,sad,14,0,0.000000
1970,Progressive Electronic,sombre,14,0,0.000000
1970,Progressive Electronic,uplifting,14,2,0.142857
1970,Progressive Folk,aggressive,4,0,0.000000
1970,Progressive Folk,angry,4,0,0.000000
1970,Progressive Folk,anxious,4,0,0.000000
1970,Progressive Folk,bittersweet,4,0,0.000000
1970,Progressive Folk,calm,4,0,0.000000
1970,Progressive Folk,dark,4,1,0.250000
1970,Progressive Folk,depressive,4,0,0.000000
1970,Progressive Folk,happy,4,0,0.000000
1970,Progressive Folk,melancholic,4,1,0.250000
1970,Progressive Folk,optimistic,4,0,0.000000
1970,Progressive Folk,peaceful,4,0,0.000000
1970,Progressive Folk,playful,4,0,0.000000
1970,Progressive Folk,sad,4,0,0.000000
1970,Progressive Folk,sombre,4,0,0.000000
1970,Progressive Folk,uplifting,4,1,0.250000
1970,Progressive Pop,aggressive,10,0,0.000000
1970,Progressive Pop,angry,10,0,0.000000
1970,Progressive Pop,anxious,10,0,0.000000
1970,Progressive Pop,bittersweet,10,5,0.500000
1970,Progressive Pop,calm,10,0,0.000000
1970,Progressive Pop,dark,10,0,0.000000
1970,Progressive Pop,depressive,10,0,0.000000
1970,Progressive Pop,happy,10,1,0.100000
1970,Progressive Pop,melancholic,10,4,0.400000
1970,Progressive Pop,optimistic,10,1,0.100000
1970,Progressive Pop,peaceful,10,1,0.100000
1970,Progressive Pop,playful,10,5,0.500000
1970,Progressive Pop,sad,10,0,0.000000
1970,Progressive Pop,sombre,10,0,0.000000
1970,Progressive Pop,uplifting,10,3,0.300000
1970,Progressive Rock,aggressive,86,0,0.000000
1970,Progressive Rock,angry,86,0,0.000000
1970,Progressive Rock,anxious,86,3,0.034884
1970,Progressive Rock,bittersweet,86,3,0.034884
1970,Progressive Rock,calm,86,2,0.023256
1970,Progressive Rock,dark,86,6,0.069767
1970,Progressive Rock,depressive,86,1,0.011628
1970,Progressive Rock,happy,86,1,0.011628
1970,Progressive Rock,melancholic,86,5,0.058140
1970,Progressive Rock,optimistic,86,5,0.058140
1970,Progressive Rock,peaceful,86,2,0.023256
1970,Progressive Rock,playful,86,16,0.186047
1970,Progressive Rock,sad,86,0,0.000000
1970,Progressive Rock,sombre,86,1,0.011628
1970,Progressive Rock,uplifting,86,8,0.093023
1970,Proto-Punk,aggressive,7,1,0.142857
1970,Proto-Punk,angry,7,0,0.000000
1970,Proto-Punk,anxious,7,1,0.142857
1970,Proto-Punk,bittersweet,7,0,0.000000
1970,Proto-Punk,calm,7,0,0.000000
1970,Proto-Punk,dark,7,0,0.000000
1970,Proto-Punk,depressive,7,0,0.000000
1970,Proto-Punk,happy,7,2,0.285714
1970,Proto-Punk,melancholic,7,0,0.000000
1970,Proto-Punk,optimistic,7,0,0.000000
1970,Proto-Punk,peaceful,7,0,0.000000
1970,Proto-Punk,playful,7,3,0.428571
1970,Proto-Punk,sad,7,0,0.000000
1970,Proto-Punk,sombre,7,0,0.000000
1970,Proto-Punk,uplifting,7,0,0.000000
1970,Psychedelic Folk,aggressive,6,0,0.000000
1970,Psychedelic Folk,angry,6,0,0.000000
1970,Psychedelic Folk,anxious,6,0,0.000000
1970,Psychedelic Folk,bittersweet,6,2,0.333333
1970,Psychedelic Folk,calm,6,1,0.166667
1970,Psychedelic Folk,dark,6,1,0.166667
1970,Psychedelic Folk,depressive,6,0,0.000000
1970,Psychedelic Folk,happy,6,0,0.000000
1970,Psychedelic Folk,melancholic,6,1,0.166667
1970,Psychedelic Folk,optimistic,6,0,0.000000
1970,Psychedelic Folk,peaceful,6,1,0.166667
1970,Psychedelic Folk,playful,6,1,0.166667
1970,Psychedelic Folk,sad,6,0,0.000000
1970,Psychedelic Folk,sombre,6,0,0.000000
1970,Psychedelic Folk,uplifting,6,0,0.000000
1970,Psychedelic Pop,aggressive,3,0,0.000000
1970,Psychedelic Pop,angry,3,0,0.000000
1970,Psychedelic Pop,anxious,3,0,0.000000
1970,Psychedelic Pop,bittersweet,3,2,0.666667
1970,Psychedelic Pop,calm,3,0,0.000000
1970,Psychedelic Pop,dark,3,0,0.000000
1970,Psychedelic Pop,depressive,3,0,0.000000
1970,Psychedelic Pop,happy,3,0,0.000000
1970,Psychedelic Pop,melancholic,3,1,0.333333
1970,Psychedelic Pop,optimistic,3,0,0.000000
1970,Psychedelic Pop,peaceful,3,0,0.000000
1970,Psychedelic Pop,playful,3,0,0.000000
1970,Psychedelic Pop,sad,3,0,0.000000
1970,Psychedelic Pop,sombre,3,1,0.333333
1970,Psychedelic Pop,uplifting,3,0,0.000000
1970,Psychedelic Rock,aggressive,20,0,0.000000
1970,Psychedelic Rock,angry,20,0,0.000000
1970,Psychedelic Rock,anxious,20,0,0.000000
1970,Psychedelic Rock,bittersweet,20,2,0.100000
1970,Psychedelic Rock,calm,20,1,0.050000
1970,Psychedelic Rock,dark,20,3,0.150000
1970,Psychedelic Rock,depressive,20,0,0.000000
1970,Psychedelic Rock,happy,20,0,0.000000
1970,Psychedelic Rock,melancholic,20,0,0.000000
1970,Psychedelic Rock,optimistic,20,0,0.000000
1970,Psychedelic Rock,peaceful,20,2,0.100000
1970,Psychedelic Rock,playful,20,7,0.350000
1970,Psychedelic Rock,sad,20,0,0.000000
1970,Psychedelic Rock,sombre,20,0,0.000000
1970,Psychedelic Rock,uplifting,20,0,0.000000
1970,Psychedelic Soul,aggressive,3,0,0.000000
1970,Psychedelic Soul,angry,3,0,0.000000
1970,Psychedelic Soul,anxious,3,0,0.000000
1970,Psychedelic Soul,bittersweet,3,0,0.000000
1970,Psychedelic Soul,calm,3,0,0.000000
1970,Psychedelic Soul,dark,3,0,0.000000
1970,Psychedelic Soul,depressive,3,0,0.000000
1970,Psychedelic Soul,happy,3,0,0.000000
1970,Psychedelic Soul,melancholic,3,0,0.000000
1970,Psychedelic Soul,optimistic,3,0,0.000000
1970,Psychedelic Soul,peaceful,3,1,0.333333
1970,Psychedelic Soul,playful,3,1,0.333333
1970,Psychedelic Soul,sad,3,0,0.000000
1970,Psychedelic Soul,sombre,3,0,0.000000
1970,Psychedelic Soul,uplifting,3,1,0.333333
1970,Pub Rock,aggressive,1,0,0.000000
1970,Pub Rock,angry,1,1,1.000000
1970,Pub Rock,anxious,1,1,1.000000
1970,Pub Rock,bittersweet,1,0,0.000000
1970,Pub Rock,calm,1,0,0.000000
1970,Pub Rock,dark,1,0,0.000000
1970,Pub Rock,depressive,1,0,0.000000
1970,Pub Rock,happy,1,0,0.000000
1970,Pub Rock,melancholic,1,0,0.000000
1970,Pub Rock,optimistic,1,0,0.000000
1970,Pub Rock,peaceful,1,0,0.000000
1970,Pub Rock,playful,1,0,0.000000
1970,Pub Rock,sad,1,0,0.000000
1970,Pub Rock,sombre,1,0,0.000000
1970,Pub Rock,uplifting,1,0,0.000000
1970,Punk Rock,aggressive,19,3,0.157895
1970,Punk Rock,angry,19,5,0.263158
1970,Punk Rock,anxious,19,2,0.105263
1970,Punk Rock,bittersweet,19,0,0.000000
1970,Punk Rock,calm,19,0,0.000000
1970,Punk Rock,dark,19,0,0.000000
1970,Punk Rock,depressive,19,0,0.000000
1970,Punk Rock,happy,19,0,0.000000
1970,Punk Rock,melancholic,19,0,0.000000
1970,Punk Rock,optimistic,19,0,0.000000
1970,Punk Rock,peaceful,19,0,0.000000
1970,Punk Rock,playful,19,9,0.473684
1970,Punk Rock,sad,19,0,0.000000
1970,Punk Rock,sombre,19,0,0.000000
1970,Punk Rock,uplifting,19,0,0.000000
1970,Rock,aggressive,12,0,0.000000
1970,Rock,angry,12,0,0.000000
1970,Rock,anxious,12,0,0.000000
1970,Rock,bittersweet,12,2,0.166667
1970,Rock,calm,12,0,0.000000
1970,Rock,dark,12,0,0.000000
1970,Rock,depressive,12,1,0.083333
1970,Rock,happy,12,1,0.083333
1970,Rock,melancholic,12,1,0.083333
1970,Rock,optimistic,12,0,0.000000
1970,Rock,peaceful,12,0,0.000000
1970,Rock,playful,12,5,0.416667
1970,Rock,sad,12,0,0.000000
1970,Rock,sombre,12,0,0.000000
1970,Rock,uplifting,12,0,0.000000
1970,Rock & Roll,aggressive,1,0,0.000000
1970,Rock & Roll,angry,1,0,0.000000
1970,Rock & Roll,anxious,1,0,0.000000
1970,Rock & Roll,bittersweet,1,0,0.000000
1970,Rock & Roll,calm,1,0,0.000000
1970,Rock & Roll,dark,1,0,0.000000
1970,Rock & Roll,depressive,1,0,0.000000
1970,Rock & Roll,happy,1,1,1.000000
1970,Rock & Roll,melancholic,1,0,0.000000
1970,Rock & Roll,optimistic,1,0,0.000000
1970,Rock & Roll,peaceful,1,0,0.000000
1970,Rock & Roll,playful,1,0,0.000000
1970,Rock & Roll,sad,1,0,0.000000
1970,Rock & Roll,sombre,1,0,0.000000
1970,Rock & Roll,uplifting,1,0,0.000000
1970,Rock Opera,aggressive,6,0,0.000000
1970,Rock Opera,angry,6,0,0.000000
1970,Rock Opera,anxious,6,1,0.166667
1970,Rock Opera,bittersweet,6,1,0.166667
1970,Rock Opera,calm,6,0,0.000000
1970,Rock Opera,dark,6,1,0.166667
1970,Rock Opera,depressive,6,0,0.000000
1970,Rock Opera,happy,6,0,0.000000
1970,Rock Opera,melancholic,6,0,0.000000
1970,Rock Opera,optimistic,6,0,0.000000
1970,Rock Opera,peaceful,6,0,0.000000
1970,Rock Opera,playful,6,1,0.166667
1970,Rock Opera,sad,6,0,0.000000
1970,Rock Opera,sombre,6,0,0.000000
1970,Rock Opera,uplifting,6,0,0.000000
1970,Rockin Opposition,aggressive,3,0,0.000000
1970,Rockin Opposition,angry,3,0,0.000000
1970,Rockin Opposition,anxious,3,1,0.333333
1970,Rockin Opposition,bittersweet,3,0,0.000000
1970,Rockin Opposition,calm,3,0,0.000000
1970,Rockin Opposition,dark,3,0,0.000000
1970,Rockin Opposition,depressive,3,0,0.000000
1970,Rockin Opposition,happy,3,0,0.000000
1970,Rockin Opposition,melancholic,3,0,0.000000
1970,Rockin Opposition,optimistic,3,0,0.000000
1970,Rockin Opposition,peaceful,3,0,0.000000
1970,Rockin Opposition,playful,3,2,0.666667
1970,Rockin Opposition,sad,3,0,0.000000
1970,Rockin Opposition,sombre,3,0,0.000000
1970,Rockin Opposition,uplifting,3,0,0.000000
1970,Roots Reggae,aggressive,7,0,0.000000
1970,Roots Reggae,angry,7,0,0.000000
1970,Roots Reggae,anxious,7,0,0.000000
1970,Roots Reggae,bittersweet,7,0,0.000000
1970,Roots Reggae,calm,7,0,0.000000
1970,Roots Reggae,dark,7,0,0.000000
1970,Roots Reggae,depressive,7,0,0.000000
1970,Roots Reggae,happy,7,0,0.000000
1970,Roots Reggae,melancholic,7,0,0.000000
1970,Roots Reggae,optimistic,7,3,0.428571
1970,Roots Reggae,peaceful,7,1,0.142857
1970,Roots Reggae,playful,7,0,0.000000
1970,Roots Reggae,sad,7,0,0.000000
1970,Roots Reggae,sombre,7,0,0.000000
1970,Roots Reggae,uplifting,7,4,0.571429
1970,Roots Rock,aggressive,8,0,0.000000
1970,Roots Rock,angry,8,0,0.000000
1970,Roots Rock,anxious,8,0,0.000000
1970,Roots Rock,bittersweet,8,3,0.375000
1970,Roots Rock,calm,8,0,0.000000
1970,Roots Rock,dark,8,0,0.000000
1970,Roots Rock,depressive,8,0,0.000000
1970,Roots Rock,happy,8,0,0.000000
1970,Roots Rock,melancholic,8,1,0.125000
1970,Roots Rock,optimistic,8,0,0.000000
1970,Roots Rock,peaceful,8,0,0.000000
1970,Roots Rock,playful,8,2,0.250000
1970,Roots Rock,sad,8,0,0.000000
1970,Roots Rock,sombre,8,0,0.000000
1970,Roots Rock,uplifting,8,0,0.000000
1970,Samba,aggressive,1,0,0.000000
1970,Samba,angry,1,0,0.000000
1970,Samba,anxious,1,0,0.000000
1970,Samba,bittersweet,1,0,0.000000
1970,Samba,calm,1,0,0.000000
1970,Samba,dark,1,0,0.000000
1970,Samba,depressive,1,0,0.000000
1970,Samba,happy,1,1,1.000000
1970,Samba,melancholic,1,0,0.000000
1970,Samba,optimistic,1,0,0.000000
1970,Samba,peaceful,1,0,0.000000
1970,Samba,playful,1,1,1.000000
1970,Samba,sad,1,0,0.000000
1970,Samba,sombre,1,0,0.000000
1970,Samba,uplifting,1,1,1.000000
1970,Samba Soul,aggressive,1,0,0.000000
1970,Samba Soul,angry,1,0,0.000000
1970,Samba Soul,anxious,1,0,0.000000
1970,Samba Soul,bittersweet,1,0,0.000000
1970,Samba Soul,calm,1,0,0.000000
1970,Samba Soul,dark,1,0,0.000000
1970,Samba Soul,depressive,1,0,0.000000
1970,Samba Soul,happy,1,1,1.000000
1970,Samba Soul,melancholic,1,0,0.000000
1970,Samba Soul,optimistic,1,0,0.000000
1970,Samba Soul,peaceful,1,0,0.000000
1970,Samba Soul,playful,1,1,1.000000
1970,Samba Soul,sad,1,0,0.000000
1970,Samba Soul,sombre,1,0,0.000000
1970,Samba Soul,uplifting,1,1,1.000000
1970,Samba-rock,aggressive,3,0,0.000000
1970,Samba-rock,angry,3,0,0.000000
1970,Samba-rock,anxious,3,0,0.000000
1970,Samba-rock,bittersweet,3,0,0.000000
1970,Samba-rock,calm,3,0,0.000000
1970,Samba-rock,dark,3,0,0.000000
1970,Samba-rock,depressive,3,0,0.000000
1970,Samba-rock,happy,3,2,0.666667
1970,Samba-rock,melancholic,3,0,0.000000
1970,Samba-rock,optimistic,3,0,0.000000
1970,Samba-rock,peaceful,3,0,0.000000
1970,Samba-rock,playful,3,2,0.666667
1970,Samba-rock,sad,3,0,0.000000
1970,Samba-rock,sombre,3,0,0.000000
1970,Samba-rock,uplifting,3,3,1.000000
1970,Satire,aggressive,1,0,0.000000
1970,Satire,angry,1,0,0.000000
1970,Satire,anxious,1,0,0.000000
1970,Satire,bittersweet,1,0,0.000000
1970,Satire,calm,1,0,0.000000
1970,Satire,dark,1,0,0.000000
1970,Satire,depressive,1,0,0.000000
1970,Satire,happy,1,0,0.000000
1970,Satire,melancholic,1,0,0.000000
1970,Satire,optimistic,1,0,0.000000
1970,Satire,peaceful,1,0,0.000000
1970,Satire,playful,1,0,0.000000
1970,Satire,sad,1,0,0.000000
1970,Satire,sombre,1,0,0.000000
1970,Satire,uplifting,1,0,0.000000
1970,Singer-Songwriter,aggressive,72,0,0.000000
1970,Singer-Songwriter,angry,72,1,0.013889
1970,Singer-Songwriter,anxious,72,2,0.027778
1970,Singer-Songwriter,bittersweet,72,30,0.416667
1970,Singer-Songwriter,calm,72,6,0.083333
1970,Singer-Songwriter,dark,72,3,0.041667
1970,Singer-Songwriter,depressive,72,3,0.041667
1970,Singer-Songwriter,happy,72,0,0.000000
1970,Singer-Songwriter,melancholic,72,23,0.319444
1970,Singer-Songwriter,optimistic,72,1,0.013889
1970,Singer-Songwriter,peaceful,72,8,0.111111
1970,Singer-Songwriter,playful,72,7,0.097222
1970,Singer-Songwriter,sad,72,2,0.027778
1970,Singer-Songwriter,sombre,72,4,0.055556
1970,Singer-Songwriter,uplifting,72,4,0.055556
1970,Smooth Soul,aggressive,5,0,0.000000
1970,Smooth Soul,angry,5,1,0.200000
1970,Smooth Soul,anxious,5,0,0.000000
1970,Smooth Soul,bittersweet,5,1,0.200000
1970,Smooth Soul,calm,5,0,0.000000
1970,Smooth Soul,dark,5,0,0.000000
1970,Smooth Soul,depressive,5,0,0.000000
1970,Smooth Soul,happy,5,0,0.000000
1970,Smooth Soul,melancholic,5,0,0.000000
1970,Smooth Soul,optimistic,5,0,0.000000
1970,Smooth Soul,peaceful,5,0,0.000000
1970,Smooth Soul,playful,5,1,0.200000
1970,Smooth Soul,sad,5,0,0.000000
1970,Smooth Soul,sombre,5,0,0.000000
1970,Smooth Soul,uplifting,5,1,0.200000
1970,Soft Rock,aggressive,4,0,0.000000
1970,Soft Rock,angry,4,0,0.000000
1970,Soft Rock,anxious,4,0,0.000000
1970,Soft Rock,bittersweet,4,3,0.750000
1970,Soft Rock,calm,4,0,0.000000
1970,Soft Rock,dark,4,0,0.000000
1970,Soft Rock,depressive,4,0,0.000000
1970,Soft Rock,happy,4,0,0.000000
1970,Soft Rock,melancholic,4,2,0.500000
1970,Soft Rock,optimistic,4,0,0.000000
1970,Soft Rock,peaceful,4,0,0.000000
1970,Soft Rock,playful,4,0,0.000000
1970,Soft Rock,sad,4,0,0.000000
1970,Soft Rock,sombre,4,0,0.000000
1970,Soft Rock,uplifting,4,0,0.000000
1970,Soul,aggressive,11,1,0.090909
1970,Soul,angry,11,0,0.000000
1970,Soul,anxious,11,0,0.000000
1970,Soul,bittersweet,11,3,0.272727
1970,Soul,calm,11,0,0.000000
1970,Soul,dark,11,0,0.000000
1970,Soul,depressive,11,0,0.000000
1970,Soul,happy,11,3,0.272727
1970,Soul,melancholic,11,1,0.090909
1970,Soul,optimistic,11,3,0.272727
1970,Soul,peaceful,11,0,0.000000
1970,Soul,playful,11,2,0.181818
1970,Soul,sad,11,0,0.000000
1970,Soul,sombre,11,1,0.090909
1970,Soul,uplifting,11,3,0.272727
1970,Soul Blues,aggressive,1,0,0.000000
1970,Soul Blues,angry,1,0,0.000000
1970,Soul Blues,anxious,1,0,0.000000
1970,Soul Blues,bittersweet,1,0,0.000000
1970,Soul Blues,calm,1,0,0.000000
1970,Soul Blues,dark,1,0,0.000000
1970,Soul Blues,depressive,1,0,0.000000
1970,Soul Blues,happy,1,0,0.000000
1970,Soul Blues,melancholic,1,0,0.000000
1970,Soul Blues,optimistic,1,0,0.000000
1970,Soul Blues,peaceful,1,0,0.000000
1970,Soul Blues,playful,1,0,0.000000
1970,Soul Blues,sad,1,0,0.000000
1970,Soul Blues,sombre,1,0,0.000000
1970,Soul Blues,uplifting,1,0,0.000000
1970,Southern Rock,aggressive,6,0,0.000000
1970,Southern Rock,angry,6,0,0.000000
1970,Southern Rock,anxious,6,0,0.000000
1970,Southern Rock,bittersweet,6,1,0.166667
1970,Southern Rock,calm,6,0,0.000000
1970,Southern Rock,dark,6,0,0.000000
1970,Southern Rock,depressive,6,0,0.000000
1970,Southern Rock,happy,6,0,0.000000
1970,Southern Rock,melancholic,6,0,0.000000
1970,Southern Rock,optimistic,6,0,0.000000
1970,Southern Rock,peaceful,6,0,0.000000
1970,Southern Rock,playful,6,1,0.166667
1970,Southern Rock,sad,6,0,0.000000
1970,Southern Rock,sombre,6,0,0.000000
1970,Southern Rock,uplifting,6,5,0.833333
1970,Southern Soul,aggressive,3,0,0.000000
1970,Southern Soul,angry,3,0,0.000000
1970,Southern Soul,anxious,3,0,0.000000
1970,Southern Soul,bittersweet,3,0,0.000000
1970,Southern Soul,calm,3,0,0.000000
1970,Southern Soul,dark,3,0,0.000000
1970,Southern Soul,depressive,3,0,0.000000
1970,Southern Soul,happy,3,0,0.000000
1970,Southern Soul,melancholic,3,0,0.000000
1970,Southern Soul,optimistic,3,0,0.000000
1970,Southern Soul,peaceful,3,0,0.000000
1970,Southern Soul,playful,3,0,0.000000
1970,Southern Soul,sad,3,0,0.000000
1970,Southern Soul,sombre,3,0,0.000000
1970,Southern Soul,uplifting,3,2,0.666667
1970,Space Age Pop,aggressive,1,0,0.000000
1970,Space Age Pop,angry,1,0,0.000000
1970,Space Age Pop,anxious,1,0,0.000000
1970,Space Age Pop,bittersweet,1,0,0.000000
1970,Space Age Pop,calm,1,1,1.000000
1970,Space Age Pop,dark,1,0,0.000000
1970,Space Age Pop,depressive,1,0,0.000000
1970,Space Age Pop,happy,1,0,0.000000
1970,Space Age Pop,melancholic,1,0,0.000000
1970,Space Age Pop,optimistic,1,0,0.000000
1970,Space Age Pop,peaceful,1,0,0.000000
1970,Space Age Pop,playful,1,0,0.000000
1970,Space Age Pop,sad,1,0,0.000000
1970,Space Age Pop,sombre,1,0,0.000000
1970,Space Age Pop,uplifting,1,1,1.000000
1970,Space Ambient,aggressive,4,0,0.000000
1970,Space Ambient,angry,4,0,0.000000
1970,Space Ambient,anxious,4,0,0.000000
1970,Space Ambient,bittersweet,4,0,0.000000
1970,Space Ambient,calm,4,1,0.250000
1970,Space Ambient,dark,4,2,0.500000
1970,Space Ambient,depressive,4,0,0.000000
1970,Space Ambient,happy,4,0,0.000000
1970,Space Ambient,melancholic,4,1,0.250000
1970,Space Ambient,optimistic,4,0,0.000000
1970,Space Ambient,peaceful,4,1,0.250000
1970,Space Ambient,playful,4,0,0.000000
1970,Space Ambient,sad,4,0,0.000000
1970,Space Ambient,sombre,4,0,0.000000
1970,Space Ambient,uplifting,4,0,0.000000
1970,Space Rock,aggressive,8,0,0.000000
1970,Space Rock,angry,8,0,0.000000
1970,Space Rock,anxious,8,1,0.125000
1970,Space Rock,bittersweet,8,0,0.000000
1970,Space Rock,calm,8,0,0.000000
1970,Space Rock,dark,8,1,0.125000
1970,Space Rock,depressive,8,0,0.000000
1970,Space Rock,happy,8,0,0.000000
1970,Space Rock,melancholic,8,0,0.000000
1970,Space Rock,optimistic,8,0,0.000000
1970,Space Rock,peaceful,8,1,0.125000
1970,Space Rock,playful,8,3,0.375000
1970,Space Rock,sad,8,0,0.000000
1970,Space Rock,sombre,8,0,0.000000
1970,Space Rock,uplifting,8,0,0.000000
1970,Spiritual Jazz,aggressive,8,0,0.000000
1970,Spiritual Jazz,angry,8,0,0.000000
1970,Spiritual Jazz,anxious,8,1,0.125000
1970,Spiritual Jazz,bittersweet,8,0,0.000000
1970,Spiritual Jazz,calm,8,1,0.125000
1970,Spiritual Jazz,dark,8,0,0.000000
1970,Spiritual Jazz,depressive,8,0,0.000000
1970,Spiritual Jazz,happy,8,0,0.000000
1970,Spiritual Jazz,melancholic,8,0,0.000000
1970,Spiritual Jazz,optimistic,8,0,0.000000
1970,Spiritual Jazz,peaceful,8,1,0.125000
1970,Spiritual Jazz,playful,8,0,0.000000
1970,Spiritual Jazz,sad,8,0,0.000000
1970,Spiritual Jazz,sombre,8,0,0.000000
1970,Spiritual Jazz,uplifting,8,0,0.000000
1970,Sunshine Pop,aggressive,1,0,0.000000
1970,Sunshine Pop,angry,1,0,0.000000
1970,Sunshine Pop,anxious,1,0,0.000000
1970,Sunshine Pop,bittersweet,1,1,1.000000
1970,Sunshine Pop,calm,1,0,0.000000
1970,Sunshine Pop,dark,1,0,0.000000
1970,Sunshine Pop,depressive,1,0,0.000000
1970,Sunshine Pop,happy,1,0,0.000000
1970,Sunshine Pop,melancholic,1,0,0.000000
1970,Sunshine Pop,optimistic,1,0,0.000000
1970,Sunshine Pop,peaceful,1,0,0.000000
1970,Sunshine Pop,playful,1,0,0.000000
1970,Sunshine Pop,sad,1,0,0.000000
1970,Sunshine Pop,sombre,1,0,0.000000
1970,Sunshine Pop,uplifting,1,1,1.000000
1970,Swamp Rock,aggressive,1,0,0.000000
1970,Swamp Rock,angry,1,0,0.000000
1970,Swamp Rock,anxious,1,0,0.000000
1970,Swamp Rock,bittersweet,1,0,0.000000
1970,Swamp Rock,calm,1,0,0.000000
1970,Swamp Rock,dark,1,0,0.000000
1970,Swamp Rock,depressive,1,0,0.000000
1970,Swamp Rock,happy,1,0,0.000000
1970,Swamp Rock,melancholic,1,0,0.000000
1970,Swamp Rock,optimistic,1,0,0.000000
1970,Swamp Rock,peaceful,1,0,0.000000
1970,Swamp Rock,playful,1,1,1.000000
1970,Swamp Rock,sad,1,0,0.000000
1970,Swamp Rock,sombre,1,0,0.000000
1970,Swamp Rock,uplifting,1,1,1.000000
1970,Symphonic Prog,aggressive,21,0,0.000000
1970,Symphonic Prog,angry,21,0,0.000000
1970,Symphonic Prog,anxious,21,0,0.000000
1970,Symphonic Prog,bittersweet,21,0,0.000000
1970,Symphonic Prog,calm,21,0,0.000000
1970,Symphonic Prog,dark,21,0,0.000000
1970,Symphonic Prog,depressive,21,0,0.000000
1970,Symphonic Prog,happy,21,0,0.000000
1970,Symphonic Prog,melancholic,21,1,0.047619
1970,Symphonic Prog,optimistic,21,2,0.095238
1970,Symphonic Prog,peaceful,21,0,0.000000
1970,Symphonic Prog,playful,21,5,0.238095
1970,Symphonic Prog,sad,21,0,0.000000
1970,Symphonic Prog,sombre,21,0,0.000000
1970,Symphonic Prog,uplifting,21,3,0.142857
1970,Symphonic Rock,aggressive,4,0,0.000000
1970,Symphonic Rock,angry,4,0,0.000000
1970,Symphonic Rock,anxious,4,0,0.000000
1970,Symphonic Rock,bittersweet,4,3,0.750000
1970,Symphonic Rock,calm,4,0,0.000000
1970,Symphonic Rock,dark,4,0,0.000000
1970,Symphonic Rock,depressive,4,0,0.000000
1970,Symphonic Rock,happy,4,0,0.000000
1970,Symphonic Rock,melancholic,4,0,0.000000
1970,Symphonic Rock,optimistic,4,1,0.250000
1970,Symphonic Rock,peaceful,4,0,0.000000
1970,Symphonic Rock,playful,4,2,0.500000
1970,Symphonic Rock,sad,4,0,0.000000
1970,Symphonic Rock,sombre,4,0,0.000000
1970,Symphonic Rock,uplifting,4,2,0.500000
1970,Synth Punk,aggressive,1,0,0.000000
1970,Synth Punk,angry,1,0,0.000000
1970,Synth Punk,anxious,1,1,1.000000
1970,Synth Punk,bittersweet,1,0,0.000000
1970,Synth Punk,calm,1,0,0.000000
1970,Synth Punk,dark,1,1,1.000000
1970,Synth Punk,depressive,1,0,0.000000
1970,Synth Punk,happy,1,0,0.000000
1970,Synth Punk,melancholic,1,0,0.000000
1970,Synth Punk,optimistic,1,0,0.000000
1970,Synth Punk,peaceful,1,0,0.000000
1970,Synth Punk,playful,1,0,0.000000
1970,Synth Punk,sad,1,0,0.000000
1970,Synth Punk,sombre,1,0,0.000000
1970,Synth Punk,uplifting,1,0,0.000000
1970,Synthpop,aggressive,7,0,0.000000
1970,Synthpop,angry,7,0,0.000000
1970,Synthpop,anxious,7,2,0.285714
1970,Synthpop,bittersweet,7,1,0.142857
1970,Synthpop,calm,7,0,0.000000
1970,Synthpop,dark,7,0,0.000000
1970,Synthpop,depressive,7,0,0.000000
1970,Synthpop,happy,7,2,0.285714
1970,Synthpop,melancholic,7,1,0.142857
1970,Synthpop,optimistic,7,0,0.000000
1970,Synthpop,peaceful,7,0,0.000000
1970,Synthpop,playful,7,4,0.571429
1970,Synthpop,sad,7,0,0.000000
1970,Synthpop,sombre,7,0,0.000000
1970,Synthpop,uplifting,7,2,0.285714
1970,Third Stream,aggressive,1,0,0.000000
1970,Third Stream,angry,1,0,0.000000
1970,Third Stream,anxious,1,0,0.000000
1970,Third Stream,bittersweet,1,0,0.000000
1970,Third Stream,calm,1,0,0.000000
1970,Third Stream,dark,1,0,0.000000
1970,Third Stream,depressive,1,0,0.000000
1970,Third Stream,happy,1,0,0.000000
1970,Third Stream,melancholic,1,0,0.000000
1970,Third Stream,optimistic,1,0,0.000000
1970,Third Stream,peaceful,1,0,0.000000
1970,Third Stream,playful,1,0,0.000000
1970,Third Stream,sad,1,0,0.000000
1970,Third Stream,sombre,1,0,0.000000
1970,Third Stream,uplifting,1,0,0.000000
1970,Tropicália,aggressive,1,0,0.000000
1970,Tropicália,angry,1,0,0.000000
1970,Tropicália,anxious,1,0,0.000000
1970,Tropicália,bittersweet,1,0,0.000000
1970,Tropicália,calm,1,0,0.000000
1970,Tropicália,dark,1,0,0.000000
1970,Tropicália,depressive,1,0,0.000000
1970,Tropicália,happy,1,0,0.000000
1970,Tropicália,melancholic,1,0,0.000000
1970,Tropicália,optimistic,1,0,0.000000
1970,Tropicália,peaceful,1,0,0.000000
1970,Tropicália,playful,1,1,1.000000
1970,Tropicália,sad,1,0,0.000000
1970,Tropicália,sombre,1,0,0.000000
1970,Tropicália,uplifting,1,0,0.000000
1970,Unclassified,aggressive,1,0,0.000000
1970,Unclassified,angry,1,0,0.000000
1970,Unclassified,anxious,1,0,0.000000
1970,Unclassified,bittersweet,1,0,0.000000
1970,Unclassified,calm,1,0,0.000000
1970,Unclassified,dark,1,0,0.000000
1970,Unclassified,depressive,1,0,0.000000
1970,Unclassified,happy,1,0,0.000000
1970,Unclassified,melancholic,1,0,0.000000
1970,Unclassified,optimistic,1,0,0.000000
1970,Unclassified,peaceful,1,0,0.000000
1970,Unclassified,playful,1,1,1.000000
1970,Unclassified,sad,1,0,0.000000
1970,Unclassified,sombre,1,0,0.000000
1970,Unclassified,uplifting,1,0,0.000000
1970,Vocal Jazz,aggressive,1,0,0.000000
1970,Vocal Jazz,angry,1,0,0.000000
1970,Vocal Jazz,anxious,1,0,0.000000
1970,Vocal Jazz,bittersweet,1,1,1.000000
1970,Vocal Jazz,calm,1,0,0.000000
1970,Vocal Jazz,dark,1,0,0.000000
1970,Vocal Jazz,depressive,1,0,0.000000
1970,Vocal Jazz,happy,1,0,0.000000
1970,Vocal Jazz,melancholic,1,0,0.000000
1970,Vocal Jazz,optimistic,1,0,0.000000
1970,Vocal Jazz,peaceful,1,0,0.000000
1970,Vocal Jazz,playful,1,1,1.000000
1970,Vocal Jazz,sad,1,0,0.000000
1970,Vocal Jazz,sombre,1,0,0.000000
1970,Vocal Jazz,uplifting,1,0,0.000000
1970,White Voice,aggressive,1,0,0.000000
1970,White Voice,angry,1,0,0.000000
1970,White Voice,anxious,1,0,0.000000
1970,White Voice,bittersweet,1,0,0.000000
1970,White Voice,calm,1,0,0.000000
1970,White Voice,dark,1,0,0.000000
1970,White Voice,depressive,1,0,0.000000
1970,White Voice,happy,1,0,0.000000
1970,White Voice,melancholic,1,1,1.000000
1970,White Voice,optimistic,1,0,0.000000
1970,White Voice,peaceful,1,0,0.000000
1970,White Voice,playful,1,0,0.000000
1970,White Voice,sad,1,0,0.000000
1970,White Voice,sombre,1,0,0.000000
1970,White Voice,uplifting,1,0,0.000000
1970,Yacht Rock,aggressive,1,0,0.000000
1970,Yacht Rock,angry,1,0,0.000000
1970,Yacht Rock,anxious,1,0,0.000000
1970,Yacht Rock,bittersweet,1,1,1.000000
1970,Yacht Rock,calm,1,0,0.000000
1970,Yacht Rock,dark,1,0,0.000000
1970,Yacht Rock,depressive,1,0,0.000000
1970,Yacht Rock,happy,1,0,0.000000
1970,Yacht Rock,melancholic,1,0,0.000000
1970,Yacht Rock,optimistic,1,0,0.000000
1970,Yacht Rock,peaceful,1,0,0.000000
1970,Yacht Rock,playful,1,0,0.000000
1970,Yacht Rock,sad,1,0,0.000000
1970,Yacht Rock,sombre,1,0,0.000000
1970,Yacht Rock,uplifting,1,0,0.000000
1970,Zeuhl,aggressive,4,0,0.000000
1970,Zeuhl,angry,4,0,0.000000
1970,Zeuhl,anxious,4,0,0.000000
1970,Zeuhl,bittersweet,4,0,0.000000
1970,Zeuhl,calm,4,0,0.000000
1970,Zeuhl,dark,4,2,0.500000
1970,Zeuhl,depressive,4,0,0.000000
1970,Zeuhl,happy,4,0,0.000000
1970,Zeuhl,melancholic,4,0,0.000000
1970,Zeuhl,optimistic,4,0,0.000000
1970,Zeuhl,peaceful,4,0,0.000000
1970,Zeuhl,playful,4,0,0.000000
1970,Zeuhl,sad,4,0,0.000000
1970,Zeuhl,sombre,4,0,0.000000
1970,Zeuhl,uplifting,4,0,0.000000
1980,AOR,aggressive,3,0,0.000000
1980,AOR,angry,3,0,0.000000
1980,AOR,anxious,3,0,0.000000
1980,AOR,bittersweet,3,0,0.000000
1980,AOR,calm,3,0,0.000000
1980,AOR,dark,3,0,0.000000
1980,AOR,depressive,3,0,0.000000
1980,AOR,happy,3,0,0.000000
1980,AOR,melancholic,3,0,0.000000
1980,AOR,optimistic,3,0,0.000000
1980,AOR,peaceful,3,0,0.000000
1980,AOR,playful,3,1,0.333333
1980,AOR,sad,3,0,0.000000
1980,AOR,sombre,3,0,0.000000
1980,AOR,uplifting,3,1,0.333333
1980,Acid House,aggressive,1,0,0.000000
1980,Acid House,angry,1,0,0.000000
1980,Acid House,anxious,1,0,0.000000
1980,Acid House,bittersweet,1,0,0.000000
1980,Acid House,calm,1,0,0.000000
1980,Acid House,dark,1,0,0.000000
1980,Acid House,depressive,1,0,0.000000
1980,Acid House,happy,1,1,1.000000
1980,Acid House,melancholic,1,0,0.000000
1980,Acid House,optimistic,1,0,0.000000
1980,Acid House,peaceful,1,0,0.000000
1980,Acid House,playful,1,0,0.000000
1980,Acid House,sad,1,0,0.000000
1980,Acid House,sombre,1,0,0.000000
1980,Acid House,uplifting,1,1,1.000000
1980,Acoustic Rock,aggressive,1,0,0.000000
1980,Acoustic Rock,angry,1,0,0.000000
1980,Acoustic Rock,anxious,1,1,1.000000
1980,Acoustic Rock,bittersweet,1,0,0.000000
1980,Acoustic Rock,calm,1,0,0.000000
1980,Acoustic Rock,dark,1,0,0.000000
1980,Acoustic Rock,depressive,1,0,0.000000
1980,Acoustic Rock,happy,1,0,0.000000
1980,Acoustic Rock,melancholic,1,0,0.000000
1980,Acoustic Rock,optimistic,1,0,0.000000
1980,Acoustic Rock,peaceful,1,0,0.000000
1980,Acoustic Rock,playful,1,1,1.000000
1980,Acoustic Rock,sad,1,0,0.000000
1980,Acoustic Rock,sombre,1,0,0.000000
1980,Acoustic Rock,uplifting,1,0,0.000000
1980,Alt-Country,aggressive,1,0,0.000000
1980,Alt-Country,angry,1,0,0.000000
1980,Alt-Country,anxious,1,0,0.000000
1980,Alt-Country,bittersweet,1,0,0.000000
1980,Alt-Country,calm,1,1,1.000000
1980,Alt-Country,dark,1,0,0.000000
1980,Alt-Country,depressive,1,0,0.000000
1980,Alt-Country,happy,1,0,0.000000
1980,Alt-Country,melancholic,1,1,1.000000
1980,Alt-Country,optimistic,1,0,0.000000
1980,Alt-Country,peaceful,1,1,1.000000
1980,Alt-Country,playful,1,0,0.000000
1980,Alt-Country,sad,1,0,0.000000
1980,Alt-Country,sombre,1,1,1.000000
1980,Alt-Country,uplifting,1,0,0.000000
1980,Alternative Dance,aggressive,3,0,0.000000
1980,Alternative Dance,angry,3,0,0.000000
1980,Alternative Dance,anxious,3,1,0.333333
1980,Alternative Dance,bittersweet,3,3,1.000000
1980,Alternative Dance,calm,3,0,0.000000
1980,Alternative Dance,dark,3,0,0.000000
1980,Alternative Dance,depressive,3,0,0.000000
1980,Alternative Dance,happy,3,0,0.000000
1980,Alternative Dance,melancholic,3,3,1.000000
1980,Alternative Dance,optimistic,3,0,0.000000
1980,Alternative Dance,peaceful,3,0,0.000000
1980,Alternative Dance,playful,3,0,0.000000
1980,Alternative Dance,sad,3,0,0.000000
1980,Alternative Dance,sombre,3,0,0.000000
1980,Alternative Dance,uplifting,3,0,0.000000
1980,Alternative Metal,aggressive,5,2,0.400000
1980,Alternative Metal,angry,5,1,0.200000
1980,Alternative Metal,anxious,5,0,0.000000
1980,Alternative Metal,bittersweet,5,0,0.000000
1980,Alternative Metal,calm,5,0,0.000000
1980,Alternative Metal,dark,5,1,0.200000
1980,Alternative Metal,depressive,5,0,0.000000
1980,Alternative Metal,happy,5,0,0.000000
1980,Alternative Metal,melancholic,5,0,0.000000
1980,Alternative Metal,optimistic,5,0,0.000000
1980,Alternative Metal,peaceful,5,0,0.000000
1980,Alternative Metal,playful,5,2,0.400000
1980,Alternative Metal,sad,5,0,0.000000
1980,Alternative Metal,sombre,5,0,0.000000
1980,Alternative Metal,uplifting,5,0,0.000000
1980,Alternative Rock,aggressive,39,0,0.000000
1980,Alternative Rock,angry,39,2,0.051282
1980,Alternative Rock,anxious,39,10,0.256410
1980,Alternative Rock,bittersweet,39,13,0.333333
1980,Alternative Rock,calm,39,0,0.000000
1980,Alternative Rock,dark,39,0,0.000000
1980,Alternative Rock,depressive,39,0,0.000000
1980,Alternative Rock,happy,39,1,0.025641
1980,Alternative Rock,melancholic,39,13,0.333333
1980,Alternative Rock,optimistic,39,0,0.000000
1980,Alternative Rock,peaceful,39,0,0.000000
1980,Alternative Rock,playful,39,17,0.435897
1980,Alternative Rock,sad,39,0,0.000000
1980,Alternative Rock,sombre,39,0,0.000000
1980,Alternative Rock,uplifting,39,5,0.128205
1980,Ambient,aggressive,7,0,0.000000
1980,Ambient,angry,7,0,0.000000
1980,Ambient,anxious,7,0,0.000000
1980,Ambient,bittersweet,7,0,0.000000
1980,Ambient,calm,7,5,0.714286
1980,Ambient,dark,7,1,0.142857
1980,Ambient,depressive,7,0,0.000000
1980,Ambient,happy,7,0,0.000000
1980,Ambient,melancholic,7,1,0.142857
1980,Ambient,optimistic,7,0,0.000000
1980,Ambient,peaceful,7,5,0.714286
1980,Ambient,playful,7,0,0.000000
1980,Ambient,sad,7,0,0.000000
1980,Ambient,sombre,7,1,0.142857
1980,Ambient,uplifting,7,0,0.000000
1980,Ambient Pop,aggressive,4,0,0.000000
1980,Ambient Pop,angry,4,0,0.000000
1980,Ambient Pop,anxious,4,0,0.000000
1980,Ambient Pop,bittersweet,4,1,0.250000
1980,Ambient Pop,calm,4,1,0.250000
1980,Ambient Pop,dark,4,0,0.000000
1980,Ambient Pop,depressive,4,0,0.000000
1980,Ambient Pop,happy,4,0,0.000000
1980,Ambient Pop,melancholic,4,2,0.500000
1980,Ambient Pop,optimistic,4,0,0.000000
1980,Ambient Pop,peaceful,4,1,0.250000
1980,Ambient Pop,playful,4,0,0.000000
1980,Ambient Pop,sad,4,0,0.000000
1980,Ambient Pop,sombre,4,1,0.250000
1980,Ambient Pop,uplifting,4,0,0.000000
1980,Americana,aggressive,1,0,0.000000
1980,Americana,angry,1,0,0.000000
1980,Americana,anxious,1,0,0.000000
1980,Americana,bittersweet,1,0,0.000000
1980,Americana,calm,1,0,0.000000
1980,Americana,dark,1,1,1.000000
1980,Americana,depressive,1,0,0.000000
1980,Americana,happy,1,0,0.000000
1980,Americana,melancholic,1,1,1.000000
1980,Americana,optimistic,1,0,0.000000
1980,Americana,peaceful,1,0,0.000000
1980,Americana,playful,1,0,0.000000
1980,Americana,sad,1,1,1.000000
1980,Americana,sombre,1,1,1.000000
1980,Americana,uplifting,1,0,0.000000
1980,Anarcho-Punk,aggressive,2,0,0.000000
1980,Anarcho-Punk,angry,2,2,1.000000
1980,Anarcho-Punk,anxious,2,0,0.000000
1980,Anarcho-Punk,bittersweet,2,0,0.000000
1980,Anarcho-Punk,calm,2,0,0.000000
1980,Anarcho-Punk,dark,2,1,0.500000
1980,Anarcho-Punk,depressive,2,0,0.000000
1980,Anarcho-Punk,happy,2,0,0.000000
1980,Anarcho-Punk,melancholic,2,0,0.000000
1980,Anarcho-Punk,optimistic,2,0,0.000000
1980,Anarcho-Punk,peaceful,2,0,0.000000
1980,Anarcho-Punk,playful,2,0,0.000000
1980,Anarcho-Punk,sad,2,0,0.000000
1980,Anarcho-Punk,sombre,2,0,0.000000
1980,Anarcho-Punk,uplifting,2,0,0.000000
1980,Art Pop,aggressive,23,0,0.000000
1980,Art Pop,angry,23,0,0.000000
1980,Art Pop,anxious,23,2,0.086957
1980,Art Pop,bittersweet,23,7,0.304348
1980,Art Pop,calm,23,0,0.000000
1980,Art Pop,dark,23,1,0.043478
1980,Art Pop,depressive,23,1,0.043478
1980,Art Pop,happy,23,1,0.043478
1980,Art Pop,melancholic,23,6,0.260870
1980,Art Pop,optimistic,23,1,0.043478
1980,Art Pop,peaceful,23,0,0.000000
1980,Art Pop,playful,23,10,0.434783
1980,Art Pop,sad,23,0,0.000000
1980,Art Pop,sombre,23,2,0.086957
1980,Art Pop,uplifting,23,2,0.086957
1980,Art Punk,aggressive,8,0,0.000000
1980,Art Punk,angry,8,0,0.000000
1980,Art Punk,anxious,8,4,0.500000
1980,Art Punk,bittersweet,8,0,0.000000
1980,Art Punk,calm,8,0,0.000000
1980,Art Punk,dark,8,0,0.000000
1980,Art Punk,depressive,8,0,0.000000
1980,Art Punk,happy,8,0,0.000000
1980,Art Punk,melancholic,8,0,0.000000
1980,Art Punk,optimistic,8,0,0.000000
1980,Art Punk,peaceful,8,0,0.000000
1980,Art Punk,playful,8,3,0.375000
1980,Art Punk,sad,8,0,0.000000
1980,Art Punk,sombre,8,0,0.000000
1980,Art Punk,uplifting,8,0,0.000000
1980,Art Rock,aggressive,18,1,0.055556
1980,Art Rock,angry,18,1,0.055556
1980,Art Rock,anxious,18,10,0.555556
1980,Art Rock,bittersweet,18,3,0.166667
1980,Art Rock,calm,18,1,0.055556
1980,Art Rock,dark,18,1,0.055556
1980,Art Rock,depressive,18,0,0.000000
1980,Art Rock,happy,18,0,0.000000
1980,Art Rock,melancholic,18,5,0.277778
1980,Art Rock,optimistic,18,0,0.000000
1980,Art Rock,peaceful,18,3,0.166667
1980,Art Rock,playful,18,5,0.277778
1980,Art Rock,sad,18,1,0.055556
1980,Art Rock,sombre,18,2,0.111111
1980,Art Rock,uplifting,18,1,0.055556
1980,Avant-Folk,aggressive,2,0,0.000000
1980,Avant-Folk,angry,2,0,0.000000
1980,Avant-Folk,anxious,2,0,0.000000
1980,Avant-Folk,bittersweet,2,0,0.000000
1980,Avant-Folk,calm,2,0,0.000000
1980,Avant-Folk,dark,2,0,0.000000
1980,Avant-Folk,depressive,2,0,0.000000
1980,Avant-Folk,happy,2,0,0.000000
1980,Avant-Folk,melancholic,2,0,0.000000
1980,Avant-Folk,optimistic,2,0,0.000000
1980,Avant-Folk,peaceful,2,0,0.000000
1980,Avant-Folk,playful,2,0,0.000000
1980,Avant-Folk,sad,2,0,0.000000
1980,Avant-Folk,sombre,2,0,0.000000
1980,Avant-Folk,uplifting,2,0,0.000000
1980,Avant-Garde Jazz,aggressive,1,0,0.000000
1980,Avant-Garde Jazz,angry,1,0,0.000000
1980,Avant-Garde Jazz,anxious,1,1,1.000000
1980,Avant-Garde Jazz,bittersweet,1,0,0.000000
1980,Avant-Garde Jazz,calm,1,0,0.000000
1980,Avant-Garde Jazz,dark,1,0,0.000000
1980,Avant-Garde Jazz,depressive,1,0,0.000000
1980,Avant-Garde Jazz,happy,1,0,0.000000
1980,Avant-Garde Jazz,melancholic,1,0,0.000000
1980,Avant-Garde Jazz,optimistic,1,0,0.000000
1980,Avant-Garde Jazz,peaceful,1,0,0.000000
1980,Avant-Garde Jazz,playful,1,0,0.000000
1980,Avant-Garde Jazz,sad,1,0,0.000000
1980,Avant-Garde Jazz,sombre,1,0,0.000000
1980,Avant-Garde Jazz,uplifting,1,0,0.000000
1980,Avant-Garde Metal,aggressive,1,0,0.000000
1980,Avant-Garde Metal,angry,1,0,0.000000
1980,Avant-Garde Metal,anxious,1,0,0.000000
1980,Avant-Garde Metal,bittersweet,1,0,0.000000
1980,Avant-Garde Metal,calm,1,0,0.000000
1980,Avant-Garde Metal,dark,1,0,0.000000
1980,Avant-Garde Metal,depressive,1,0,0.000000
1980,Avant-Garde Metal,happy,1,0,0.000000
1980,Avant-Garde Metal,melancholic,1,0,0.000000
1980,Avant-Garde Metal,optimistic,1,0,0.000000
1980,Avant-Garde Metal,peaceful,1,0,0.000000
1980,Avant-Garde Metal,playful,1,0,0.000000
1980,Avant-Garde Metal,sad,1,0,0.000000
1980,Avant-Garde Metal,sombre,1,1,1.000000
1980,Avant-Garde Metal,uplifting,1,0,0.000000
1980,Baggy/Madchester,aggressive,1,0,0.000000
1980,Baggy/Madchester,angry,1,0,0.000000
1980,Baggy/Madchester,anxious,1,0,0.000000
1980,Baggy/Madchester,bittersweet,1,0,0.000000
1980,Baggy/Madchester,calm,1,0,0.000000
1980,Baggy/Madchester,dark,1,0,0.000000
1980,Baggy/Madchester,depressive,1,0,0.000000
1980,Baggy/Madchester,happy,1,0,0.000000
1980,Baggy/Madchester,melancholic,1,0,0.000000
1980,Baggy/Madchester,optimistic,1,1,1.000000
1980,Baggy/Madchester,peaceful,1,0,0.000000
1980,Baggy/Madchester,playful,1,1,1.000000
1980,Baggy/Madchester,sad,1,0,0.000000
1980,Baggy/Madchester,sombre,1,0,0.000000
1980,Baggy/Madchester,uplifting,1,1,1.000000
1980,Baroque Music,aggressive,1,0,0.000000
1980,Baroque Music,angry,1,0,0.000000
1980,Baroque Music,anxious,1,0,0.000000
1980,Baroque Music,bittersweet,1,0,0.000000
1980,Baroque Music,calm,1,0,0.000000
1980,Baroque Music,dark,1,0,0.000000
1980,Baroque Music,depressive,1,0,0.000000
1980,Baroque Music,happy,1,0,0.000000
1980,Baroque Music,melancholic,1,0,0.000000
1980,Baroque Music,optimistic,1,0,0.000000
1980,Baroque Music,peaceful,1,1,1.000000
1980,Baroque Music,playful,1,1,1.000000
1980,Baroque Music,sad,1,0,0.000000
1980,Baroque Music,sombre,1,0,0.000000
1980,Baroque Music,uplifting,1,0,0.000000
1980,Baroque Pop,aggressive,1,0,0.000000
1980,Baroque Pop,angry,1,0,0.000000
1980,Baroque Pop,anxious,1,0,0.000000
1980,Baroque Pop,bittersweet,1,0,0.000000
1980,Baroque Pop,calm,1,0,0.000000
1980,Baroque Pop,dark,1,0,0.000000
1980,Baroque Pop,depressive,1,0,0.000000
1980,Baroque Pop,happy,1,0,0.000000
1980,Baroque Pop,melancholic,1,0,0.000000
1980,Baroque Pop,optimistic,1,0,0.000000
1980,Baroque Pop,peaceful,1,0,0.000000
1980,Baroque Pop,playful,1,1,1.000000
1980,Baroque Pop,sad,1,0,0.000000
1980,Baroque Pop,sombre,1,0,0.000000
1980,Baroque Pop,uplifting,1,0,0.000000
1980,Black Metal,aggressive,5,5,1.000000
1980,Black Metal,angry,5,0,0.000000
1980,Black Metal,anxious,5,0,0.000000
1980,Black Metal,bittersweet,5,0,0.000000
1980,Black Metal,calm,5,0,0.000000
1980,Black Metal,dark,5,4,0.800000
1980,Black Metal,depressive,5,0,0.000000
1980,Black Metal,happy,5,0,0.000000
1980,Black Metal,melancholic,5,0,0.000000
1980,Black Metal,optimistic,5,0,0.000000
1980,Black Metal,peaceful,5,0,0.000000
1980,Black Metal,playful,5,0,0.000000
1980,Black Metal,sad,5,0,0.000000
1980,Black Metal,sombre,5,0,0.000000
1980,Black Metal,uplifting,5,0,0.000000
1980,Blue-Eyed Soul,aggressive,1,0,0.000000
1980,Blue-Eyed Soul,angry,1,0,0.000000
1980,Blue-Eyed Soul,anxious,1,1,1.000000
1980,Blue-Eyed Soul,bittersweet,1,1,1.000000
1980,Blue-Eyed Soul,calm,1,0,0.000000
1980,Blue-Eyed Soul,dark,1,0,0.000000
1980,Blue-Eyed Soul,depressive,1,0,0.000000
1980,Blue-Eyed Soul,happy,1,0,0.000000
1980,Blue-Eyed Soul,melancholic,1,0,0.000000
1980,Blue-Eyed Soul,optimistic,1,0,0.000000
1980,Blue-Eyed Soul,peaceful,1,0,0.000000
1980,Blue-Eyed Soul,playful,1,0,0.000000
1980,Blue-Eyed Soul,sad,1,0,0.000000
1980,Blue-Eyed Soul,sombre,1,0,0.000000
1980,Blue-Eyed Soul,uplifting,1,0,0.000000
1980,Blues Rock,aggressive,5,0,0.000000
1980,Blues Rock,angry,5,0,0.000000
1980,Blues Rock,anxious,5,0,0.000000
1980,Blues Rock,bittersweet,5,0,0.000000
1980,Blues Rock,calm,5,0,0.000000
1980,Blues Rock,dark,5,0,0.000000
1980,Blues Rock,depressive,5,0,0.000000
1980,Blues Rock,happy,5,0,0.000000
1980,Blues Rock,melancholic,5,0,0.000000
1980,Blues Rock,optimistic,5,0,0.000000
1980,Blues Rock,peaceful,5,0,0.000000
1980,Blues Rock,playful,5,3,0.600000
1980,Blues Rock,sad,5,0,0.000000
1980,Blues Rock,sombre,5,0,0.000000
1980,Blues Rock,uplifting,5,1,0.200000
1980,Boom Bap,aggressive,5,2,0.400000
1980,Boom Bap,angry,5,0,0.000000
1980,Boom Bap,anxious,5,0,0.000000
1980,Boom Bap,bittersweet,5,0,0.000000
1980,Boom Bap,calm,5,0,0.000000
1980,Boom Bap,dark,5,0,0.000000
1980,Boom Bap,depressive,5,0,0.000000
1980,Boom Bap,happy,5,0,0.000000
1980,Boom Bap,melancholic,5,0,0.000000
1980,Boom Bap,optimistic,5,0,0.000000
1980,Boom Bap,peaceful,5,0,0.000000
1980,Boom Bap,playful,5,2,0.400000
1980,Boom Bap,sad,5,0,0.000000
1980,Boom Bap,sombre,5,0,0.000000
1980,Boom Bap,uplifting,5,0,0.000000
1980,Celtic New Age,aggressive,1,0,0.000000
1980,Celtic New Age,angry,1,0,0.000000
1980,Celtic New Age,anxious,1,0,0.000000
1980,Celtic New Age,bittersweet,1,0,0.000000
1980,Celtic New Age,calm,1,0,0.000000
1980,Celtic New Age,dark,1,0,0.000000
1980,Celtic New Age,depressive,1,0,0.000000
1980,Celtic New Age,happy,1,0,0.000000
1980,Celtic New Age,melancholic,1,0,0.000000
1980,Celtic New Age,optimistic,1,0,0.000000
1980,Celtic New Age,peaceful,1,1,1.000000
1980,Celtic New Age,playful,1,0,0.000000
1980,Celtic New Age,sad,1,0,0.000000
1980,Celtic New Age,sombre,1,0,0.000000
1980,Celtic New Age,uplifting,1,0,0.000000
1980,Celtic Punk,aggressive,1,0,0.000000
1980,Celtic Punk,angry,1,0,0.000000
1980,Celtic Punk,anxious,1,0,0.000000
1980,Celtic Punk,bittersweet,1,1,1.000000
1980,Celtic Punk,calm,1,0,0.000000
1980,Celtic Punk,dark,1,0,0.000000
1980,Celtic Punk,depressive,1,0,0.000000
1980,Celtic Punk,happy,1,0,0.000000
1980,Celtic Punk,melancholic,1,0,0.000000
1980,Celtic Punk,optimistic,1,0,0.000000
1980,Celtic Punk,peaceful,1,0,0.000000
1980,Celtic Punk,playful,1,1,1.000000
1980,Celtic Punk,sad,1,0,0.000000
1980,Celtic Punk,sombre,1,0,0.000000
1980,Celtic Punk,uplifting,1,0,0.000000
1980,Celtic Rock,aggressive,2,0,0.000000
1980,Celtic Rock,angry,2,0,0.000000
1980,Celtic Rock,anxious,2,0,0.000000
1980,Celtic Rock,bittersweet,2,2,1.000000
1980,Celtic Rock,calm,2,0,0.000000
1980,Celtic Rock,dark,2,0,0.000000
1980,Celtic Rock,depressive,2,0,0.000000
1980,Celtic Rock,happy,2,0,0.000000
1980,Celtic Rock,melancholic,2,0,0.000000
1980,Celtic Rock,optimistic,2,0,0.000000
1980,Celtic Rock,peaceful,2,0,0.000000
1980,Celtic Rock,playful,2,2,1.000000
1980,Celtic Rock,sad,2,0,0.000000
1980,Celtic Rock,sombre,2,0,0.000000
1980,Celtic Rock,uplifting,2,0,0.000000
1980,Chamber Music,aggressive,2,0,0.000000
1980,Chamber Music,angry,2,0,0.000000
1980,Chamber Music,anxious,2,0,0.000000
1980,Chamber Music,bittersweet,2,0,0.000000
1980,Chamber Music,calm,2,0,0.000000
1980,Chamber Music,dark,2,0,0.000000
1980,Chamber Music,depressive,2,0,0.000000
1980,Chamber Music,happy,2,0,0.000000
1980,Chamber Music,melancholic,2,0,0.000000
1980,Chamber Music,optimistic,2,0,0.000000
1980,Chamber Music,peaceful,2,0,0.000000
1980,Chamber Music,playful,2,0,0.000000
1980,Chamber Music,sad,2,0,0.000000
1980,Chamber Music,sombre,2,0,0.000000
1980,Chamber Music,uplifting,2,0,0.000000
1980,City Pop,aggressive,1,0,0.000000
1980,City Pop,angry,1,0,0.000000
1980,City Pop,anxious,1,0,0.000000
1980,City Pop,bittersweet,1,0,0.000000
1980,City Pop,calm,1,0,0.000000
1980,City Pop,dark,1,0,0.000000
1980,City Pop,depressive,1,0,0.000000
1980,City Pop,happy,1,1,1.000000
1980,City Pop,melancholic,1,0,0.000000
1980,City Pop,optimistic,1,1,1.000000
1980,City Pop,peaceful,1,0,0.000000
1980,City Pop,playful,1,0,0.000000
1980,City Pop,sad,1,0,0.000000
1980,City Pop,sombre,1,0,0.000000
1980,City Pop,uplifting,1,1,1.000000
1980,Coldwave,aggressive,1,0,0.000000
1980,Coldwave,angry,1,0,0.000000
1980,Coldwave,anxious,1,1,1.000000
1980,Coldwave,bittersweet,1,0,0.000000
1980,Coldwave,calm,1,0,0.000000
1980,Coldwave,dark,1,1,1.000000
1980,Coldwave,depressive,1,0,0.000000
1980,Coldwave,happy,1,0,0.000000
1980,Coldwave,melancholic,1,0,0.000000
1980,Coldwave,optimistic,1,0,0.000000
1980,Coldwave,peaceful,1,0,0.000000
1980,Coldwave,playful,1,0,0.000000
1980,Coldwave,sad,1,0,0.000000
1980,Coldwave,sombre,1,0,0.000000
1980,Coldwave,uplifting,1,0,0.000000
1980,Conscious Hip Hop,aggressive,3,1,0.333333
1980,Conscious Hip Hop,angry,3,2,0.666667
1980,Conscious Hip Hop,anxious,3,0,0.000000
1980,Conscious Hip Hop,bittersweet,3,0,0.000000
1980,Conscious Hip Hop,calm,3,0,0.000000
1980,Conscious Hip Hop,dark,3,0,0.000000
1980,Conscious Hip Hop,depressive,3,0,0.000000
1980,Conscious Hip Hop,happy,3,1,0.333333
1980,Conscious Hip Hop,melancholic,3,0,0.000000
1980,Conscious Hip Hop,optimistic,3,1,0.333333
1980,Conscious Hip Hop,peaceful,3,0,0.000000
1980,Conscious Hip Hop,playful,3,1,0.333333
1980,Conscious Hip Hop,sad,3,0,0.000000
1980,Conscious Hip Hop,sombre,3,0,0.000000
1980,Conscious Hip Hop,uplifting,3,1,0.333333
1980,Contemporary Folk,aggressive,2,0,0.000000
1980,Contemporary Folk,angry,2,0,0.000000
1980,Contemporary Folk,anxious,2,0,0.000000
1980,Contemporary Folk,bittersweet,2,0,0.000000
1980,Contemporary Folk,calm,2,1,0.500000
1980,Contemporary Folk,dark,2,1,0.500000
1980,Contemporary Folk,depressive,2,0,0.000000
1980,Contemporary Folk,happy,2,0,0.000000
1980,Contemporary Folk,melancholic,2,2,1.000000
1980,Contemporary Folk,optimistic,2,0,0.000000
1980,Contemporary Folk,peaceful,2,1,0.500000
1980,Contemporary Folk,playful,2,0,0.000000
1980,Contemporary Folk,sad,2,1,0.500000
1980,Contemporary Folk,sombre,2,2,1.000000
1980,Contemporary Folk,uplifting,2,0,0.000000
1980,Contemporary R&B,aggressive,6,0,0.000000
1980,Contemporary R&B,angry,6,0,0.000000
1980,Contemporary R&B,anxious,6,0,0.000000
1980,Contemporary R&B,bittersweet,6,0,0.000000
1980,Contemporary R&B,calm,6,0,0.000000
1980,Contemporary R&B,dark,6,0,0.000000
1980,Contemporary R&B,depressive,6,0,0.000000
1980,Contemporary R&B,happy,6,0,0.000000
1980,Contemporary R&B,melancholic,6,0,0.000000
1980,Contemporary R&B,optimistic,6,1,0.166667
1980,Contemporary R&B,peaceful,6,0,0.000000
1980,Contemporary R&B,playful,6,5,0.833333
1980,Contemporary R&B,sad,6,0,0.000000
1980,Contemporary R&B,sombre,6,0,0.000000
1980,Contemporary R&B,uplifting,6,2,0.333333
1980,Country Rock,aggressive,1,0,0.000000
1980,Country Rock,angry,1,0,0.000000
1980,Country Rock,anxious,1,1,1.000000
1980,Country Rock,bittersweet,1,0,0.000000
1980,Country Rock,calm,1,0,0.000000
1980,Country Rock,dark,1,1,1.000000
1980,Country Rock,depressive,1,0,0.000000
1980,Country Rock,happy,1,0,0.000000
1980,Country Rock,melancholic,1,0,0.000000
1980,Country Rock,optimistic,1,0,0.000000
1980,Country Rock,peaceful,1,0,0.000000
1980,Country Rock,playful,1,0,0.000000
1980,Country Rock,sad,1,0,0.000000
1980,Country Rock,sombre,1,0,0.000000
1980,Country Rock,uplifting,1,0,0.000000
1980,Cowpunk,aggressive,3,0,0.000000
1980,Cowpunk,angry,3,0,0.000000
1980,Cowpunk,anxious,3,1,0.333333
1980,Cowpunk,bittersweet,3,0,0.000000
1980,Cowpunk,calm,3,0,0.000000
1980,Cowpunk,dark,3,1,0.333333
1980,Cowpunk,depressive,3,0,0.000000
1980,Cowpunk,happy,3,0,0.000000
1980,Cowpunk,melancholic,3,0,0.000000
1980,Cowpunk,optimistic,3,0,0.000000
1980,Cowpunk,peaceful,3,0,0.000000
1980,Cowpunk,playful,3,1,0.333333
1980,Cowpunk,sad,3,0,0.000000
1980,Cowpunk,sombre,3,0,0.000000
1980,Cowpunk,uplifting,3,0,0.000000
1980,Crossover Thrash,aggressive,1,1,1.000000
1980,Crossover Thrash,angry,1,0,0.000000
1980,Crossover Thrash,anxious,1,0,0.000000
1980,Crossover Thrash,bittersweet,1,0,0.000000
1980,Crossover Thrash,calm,1,0,0.000000
1980,Crossover Thrash,dark,1,0,0.000000
1980,Crossover Thrash,depressive,1,0,0.000000
1980,Crossover Thrash,happy,1,0,0.000000
1980,Crossover Thrash,melancholic,1,0,0.000000
1980,Crossover Thrash,optimistic,1,0,0.000000
1980,Crossover Thrash,peaceful,1,0,0.000000
1980,Crossover Thrash,playful,1,0,0.000000
1980,Crossover Thrash,sad,1,0,0.000000
1980,Crossover Thrash,sombre,1,0,0.000000
1980,Crossover Thrash,uplifting,1,0,0.000000
1980,D-Beat,aggressive,1,1,1.000000
1980,D-Beat,angry,1,1,1.000000
1980,D-Beat,anxious,1,0,0.000000
1980,D-Beat,bittersweet,1,0,0.000000
1980,D-Beat,calm,1,0,0.000000
1980,D-Beat,dark,1,1,1.000000
1980,D-Beat,depressive,1,0,0.000000
1980,D-Beat,happy,1,0,0.000000
1980,D-Beat,melancholic,1,0,0.000000
1980,D-Beat,optimistic,1,0,0.000000
1980,D-Beat,peaceful,1,0,0.000000
1980,D-Beat,playful,1,0,0.000000
1980,D-Beat,sad,1,0,0.000000
1980,D-Beat,sombre,1,0,0.000000
1980,D-Beat,uplifting,1,0,0.000000
1980,Dance-Pop,aggressive,11,0,0.000000
1980,Dance-Pop,angry,11,0,0.000000
1980,Dance-Pop,anxious,11,0,0.000000
1980,Dance-Pop,bittersweet,11,0,0.000000
1980,Dance-Pop,calm,11,0,0.000000
1980,Dance-Pop,dark,11,0,0.000000
1980,Dance-Pop,depressive,11,0,0.000000
1980,Dance-Pop,happy,11,1,0.090909
1980,Dance-Pop,melancholic,11,0,0.000000
1980,Dance-Pop,optimistic,11,2,0.181818
1980,Dance-Pop,peaceful,11,0,0.000000
1980,Dance-Pop,playful,11,7,0.636364
1980,Dance-Pop,sad,11,0,0.000000
1980,Dance-Pop,sombre,11,0,0.000000
1980,Dance-Pop,uplifting,11,4,0.363636
1980,Dark Cabaret,aggressive,1,0,0.000000
1980,Dark Cabaret,angry,1,0,0.000000
1980,Dark Cabaret,anxious,1,0,0.000000
1980,Dark Cabaret,bittersweet,1,0,0.000000
1980,Dark Cabaret,calm,1,0,0.000000
1980,Dark Cabaret,dark,1,1,1.000000
1980,Dark Cabaret,depressive,1,0,0.000000
1980,Dark Cabaret,happy,1,0,0.000000
1980,Dark Cabaret,melancholic,1,0,0.000000
1980,Dark Cabaret,optimistic,1,0,0.000000
1980,Dark Cabaret,peaceful,1,0,0.000000
1980,Dark Cabaret,playful,1,0,0.000000
1980,Dark Cabaret,sad,1,0,0.000000
1980,Dark Cabaret,sombre,1,0,0.000000
1980,Dark Cabaret,uplifting,1,0,0.000000
1980,Darkwave,aggressive,3,0,0.000000
1980,Darkwave,angry,3,0,0.000000
1980,Darkwave,anxious,3,0,0.000000
1980,Darkwave,bittersweet,3,0,0.000000
1980,Darkwave,calm,3,0,0.000000
1980,Darkwave,dark,3,3,1.000000
1980,Darkwave,depressive,3,0,0.000000
1980,Darkwave,happy,3,0,0.000000
1980,Darkwave,melancholic,3,2,0.666667
1980,Darkwave,optimistic,3,0,0.000000
1980,Darkwave,peaceful,3,0,0.000000
1980,Darkwave,playful,3,0,0.000000
1980,Darkwave,sad,3,0,0.000000
1980,Darkwave,sombre,3,2,0.666667
1980,Darkwave,uplifting,3,0,0.000000
1980,Death Industrial,aggressive,1,0,0.000000
1980,Death Industrial,angry,1,0,0.000000
1980,Death Industrial,anxious,1,0,0.000000
1980,Death Industrial,bittersweet,1,0,0.000000
1980,Death Industrial,calm,1,0,0.000000
1980,Death Industrial,dark,1,1,1.000000
1980,Death Industrial,depressive,1,1,1.000000
1980,Death Industrial,happy,1,0,0.000000
1980,Death Industrial,melancholic,1,1,1.000000
1980,Death Industrial,optimistic,1,0,0.000000
1980,Death Industrial,peaceful,1,0,0.000000
1980,Death Industrial,playful,1,0,0.000000
1980,Death Industrial,sad,1,1,1.000000
1980,Death Industrial,sombre,1,0,0.000000
1980,Death Industrial,uplifting,1,0,0.000000
1980,Death Metal,aggressive,10,8,0.800000
1980,Death Metal,angry,10,1,0.100000
1980,Death Metal,anxious,10,1,0.100000
1980,Death Metal,bittersweet,10,0,0.000000
1980,Death Metal,calm,10,0,0.000000
1980,Death Metal,dark,10,3,0.300000
1980,Death Metal,depressive,10,0,0.000000
1980,Death Metal,happy,10,0,0.000000
1980,Death Metal,melancholic,10,0,0.000000
1980,Death Metal,optimistic,10,0,0.000000
1980,Death Metal,peaceful,10,0,0.000000
1980,Death Metal,playful,10,0,0.000000
1980,Death Metal,sad,10,0,0.000000
1980,Death Metal,sombre,10,0,0.000000
1980,Death Metal,uplifting,10,0,0.000000
1980,Deathgrind,aggressive,1,1,1.000000
1980,Deathgrind,angry,1,1,1.000000
1980,Deathgrind,anxious,1,0,0.000000
1980,Deathgrind,bittersweet,1,0,0.000000
1980,Deathgrind,calm,1,0,0.000000
1980,Deathgrind,dark,1,0,0.000000
1980,Deathgrind,depressive,1,0,0.000000
1980,Deathgrind,happy,1,0,0.000000
1980,Deathgrind,melancholic,1,0,0.000000
1980,Deathgrind,optimistic,1,0,0.000000
1980,Deathgrind,peaceful,1,0,0.000000
1980,Deathgrind,playful,1,0,0.000000
1980,Deathgrind,sad,1,0,0.000000
1980,Deathgrind,sombre,1,0,0.000000
1980,Deathgrind,uplifting,1,0,0.000000
1980,Deathrock,aggressive,2,0,0.000000
1980,Deathrock,angry,2,1,0.500000
1980,Deathrock,anxious,2,1,0.500000
1980,Deathrock,bittersweet,2,0,0.000000
1980,Deathrock,calm,2,0,0.000000
1980,Deathrock,dark,2,2,1.000000
1980,Deathrock,depressive,2,0,0.000000
1980,Deathrock,happy,2,0,0.000000
1980,Deathrock,melancholic,2,0,0.000000
1980,Deathrock,optimistic,2,0,0.000000
1980,Deathrock,peaceful,2,0,0.000000
1980,Deathrock,playful,2,0,0.000000
1980,Deathrock,sad,2,0,0.000000
1980,Deathrock,sombre,2,0,0.000000
1980,Deathrock,uplifting,2,0,0.000000
1980,Doom Metal,aggressive,1,0,0.000000
1980,Doom Metal,angry,1,0,0.000000
1980,Doom Metal,anxious,1,1,1.000000
1980,Doom Metal,bittersweet,1,0,0.000000
1980,Doom Metal,calm,1,0,0.000000
1980,Doom Metal,dark,1,0,0.000000
1980,Doom Metal,depressive,1,1,1.000000
1980,Doom Metal,happy,1,0,0.000000
1980,Doom Metal,melancholic,1,0,0.000000
1980,Doom Metal,optimistic,1,0,0.000000
1980,Doom Metal,peaceful,1,0,0.000000
1980,Doom Metal,playful,1,0,0.000000
1980,Doom Metal,sad,1,0,0.000000
1980,Doom Metal,sombre,1,0,0.000000
1980,Doom Metal,uplifting,1,0,0.000000
1980,Dream Pop,aggressive,12,0,0.000000
1980,Dream Pop,angry,12,0,0.000000
1980,Dream Pop,anxious,12,0,0.000000
1980,Dream Pop,bittersweet,12,2,0.166667
1980,Dream Pop,calm,12,3,0.250000
1980,Dream Pop,dark,12,2,0.166667
1980,Dream Pop,depressive,12,0,0.000000
1980,Dream Pop,happy,12,0,0.000000
1980,Dream Pop,melancholic,12,8,0.666667
1980,Dream Pop,optimistic,12,0,0.000000
1980,Dream Pop,peaceful,12,2,0.166667
1980,Dream Pop,playful,12,0,0.000000
1980,Dream Pop,sad,12,1,0.083333
1980,Dream Pop,sombre,12,1,0.083333
1980,Dream Pop,uplifting,12,0,0.000000
1980,Drone,aggressive,1,0,0.000000
1980,Drone,angry,1,0,0.000000
1980,Drone,anxious,1,0,0.000000
1980,Drone,bittersweet,1,0,0.000000
1980,Drone,calm,1,0,0.000000
1980,Drone,dark,1,0,0.000000
1980,Drone,depressive,1,0,0.000000
1980,Drone,happy,1,0,0.000000
1980,Drone,melancholic,1,0,0.000000
1980,Drone,optimistic,1,0,0.000000
1980,Drone,peaceful,1,0,0.000000
1980,Drone,playful,1,0,0.000000
1980,Drone,sad,1,0,0.000000
1980,Drone,sombre,1,0,0.000000
1980,Drone,uplifting,1,0,0.000000
1980,Dub,aggressive,1,0,0.000000
1980,Dub,angry,1,0,0.000000
1980,Dub,anxious,1,0,0.000000
1980,Dub,bittersweet,1,0,0.000000
1980,Dub,calm,1,0,0.000000
1980,Dub,dark,1,0,0.000000
1980,Dub,depressive,1,0,0.000000
1980,Dub,happy,1,0,0.000000
1980,Dub,melancholic,1,0,0.000000
1980,Dub,optimistic,1,0,0.000000
1980,Dub,peaceful,1,0,0.000000
1980,Dub,playful,1,0,0.000000
1980,Dub,sad,1,0,0.000000
1980,Dub,sombre,1,0,0.000000
1980,Dub,uplifting,1,0,0.000000
1980,EBM,aggressive,1,0,0.000000
1980,EBM,angry,1,0,0.000000
1980,EBM,anxious,1,1,1.000000
1980,EBM,bittersweet,1,0,0.000000
1980,EBM,calm,1,0,0.000000
1980,EBM,dark,1,1,1.000000
1980,EBM,depressive,1,0,0.000000
1980,EBM,happy,1,0,0.000000
1980,EBM,melancholic,1,0,0.000000
1980,EBM,optimistic,1,0,0.000000
1980,EBM,peaceful,1,0,0.000000
1980,EBM,playful,1,0,0.000000
1980,EBM,sad,1,0,0.000000
1980,EBM,sombre,1,0,0.000000
1980,EBM,uplifting,1,0,0.000000
1980,East Coast Hip Hop,aggressive,13,3,0.230769
1980,East Coast Hip Hop,angry,13,2,0.153846
1980,East Coast Hip Hop,anxious,13,0,0.000000
1980,East Coast Hip Hop,bittersweet,13,0,0.000000
1980,East Coast Hip Hop,calm,13,0,0.000000
1980,East Coast Hip Hop,dark,13,0,0.000000
1980,East Coast Hip Hop,depressive,13,0,0.000000
1980,East Coast Hip Hop,happy,13,1,0.076923
1980,East Coast Hip Hop,melancholic,13,0,0.000000
1980,East Coast Hip Hop,optimistic,13,1,0.076923
1980,East Coast Hip Hop,peaceful,13,0,0.000000
1980,East Coast Hip Hop,playful,13,6,0.461538
1980,East Coast Hip Hop,sad,13,0,0.000000
1980,East Coast Hip Hop,sombre,13,0,0.000000
1980,East Coast Hip Hop,uplifting,13,1,0.076923
1980,Electric Texas Blues,aggressive,2,0,0.000000
1980,Electric Texas Blues,angry,2,0,0.000000
1980,Electric Texas Blues,anxious,2,0,0.000000
1980,Electric Texas Blues,bittersweet,2,0,0.000000
1980,Electric Texas Blues,calm,2,0,0.000000
1980,Electric Texas Blues,dark,2,0,0.000000
1980,Electric Texas Blues,depressive,2,0,0.000000
1980,Electric Texas Blues,happy,2,0,0.000000
1980,Electric Texas Blues,melancholic,2,0,0.000000
1980,Electric Texas Blues,optimistic,2,0,0.000000
1980,Electric Texas Blues,peaceful,2,0,0.000000
1980,Electric Texas Blues,playful,2,1,0.500000
1980,Electric Texas Blues,sad,2,0,0.000000
1980,Electric Texas Blues,sombre,2,0,0.000000
1980,Electric Texas Blues,uplifting,2,0,0.000000
1980,Electro-Industrial,aggressive,2,1,0.500000
1980,Electro-Industrial,angry,2,2,1.000000
1980,Electro-Industrial,anxious,2,1,0.500000
1980,Electro-Industrial,bittersweet,2,0,0.000000
1980,Electro-Industrial,calm,2,0,0.000000
1980,Electro-Industrial,dark,2,2,1.000000
1980,Electro-Industrial,depressive,2,0,0.000000
1980,Electro-Industrial,happy,2,0,0.000000
1980,Electro-Industrial,melancholic,2,0,0.000000
1980,Electro-Industrial,optimistic,2,0,0.000000
1980,Electro-Industrial,peaceful,2,0,0.000000
1980,Electro-Industrial,playful,2,0,0.000000
1980,Electro-Industrial,sad,2,0,0.000000
1980,Electro-Industrial,sombre,2,0,0.000000
1980,Electro-Industrial,uplifting,2,0,0.000000
1980,Electroacoustic,aggressive,1,0,0.000000
1980,Electroacoustic,angry,1,0,0.000000
1980,Electroacoustic,anxious,1,0,0.000000
1980,Electroacoustic,bittersweet,1,1,1.000000
1980,Electroacoustic,calm,1,0,0.000000
1980,Electroacoustic,dark,1,0,0.000000
1980,Electroacoustic,depressive,1,0,0.000000
1980,Electroacoustic,happy,1,0,0.000000
1980,Electroacoustic,melancholic,1,0,0.000000
1980,Electroacoustic,optimistic,1,0,0.000000
1980,Electroacoustic,peaceful,1,1,1.000000
1980,Electroacoustic,playful,1,1,1.000000
1980,Electroacoustic,sad,1,0,0.000000
1980,Electroacoustic,sombre,1,0,0.000000
1980,Electroacoustic,uplifting,1,0,0.000000
1980,Electronic,aggressive,4,0,0.000000
1980,Electronic,angry,4,0,0.000000
1980,Electronic,anxious,4,0,0.000000
1980,Electronic,bittersweet,4,0,0.000000
1980,Electronic,calm,4,0,0.000000
1980,Electronic,dark,4,0,0.000000
1980,Electronic,depressive,4,0,0.000000
1980,Electronic,happy,4,0,0.000000
1980,Electronic,melancholic,4,0,0.000000
1980,Electronic,optimistic,4,0,0.000000
1980,Electronic,peaceful,4,0,0.000000
1980,Electronic,playful,4,2,0.500000
1980,Electronic,sad,4,0,0.000000
1980,Electronic,sombre,4,0,0.000000
1980,Electronic,uplifting,4,1,0.250000
1980,Emocore,aggressive,1,0,0.000000
1980,Emocore,angry,1,1,1.000000
1980,Emocore,anxious,1,1,1.000000
1980,Emocore,bittersweet,1,0,0.000000
1980,Emocore,calm,1,0,0.000000
1980,Emocore,dark,1,0,0.000000
1980,Emocore,depressive,1,0,0.000000
1980,Emocore,happy,1,0,0.000000
1980,Emocore,melancholic,1,1,1.000000
1980,Emocore,optimistic,1,0,0.000000
1980,Emocore,peaceful,1,0,0.000000
1980,Emocore,playful,1,0,0.000000
1980,Emocore,sad,1,0,0.000000
1980,Emocore,sombre,1,0,0.000000
1980,Emocore,uplifting,1,0,0.000000
1980,Epic Doom Metal,aggressive,2,0,0.000000
1980,Epic Doom Metal,angry,2,0,0.000000
1980,Epic Doom Metal,anxious,2,0,0.000000
1980,Epic Doom Metal,bittersweet,2,0,0.000000
1980,Epic Doom Metal,calm,2,0,0.000000
1980,Epic Doom Metal,dark,2,2,1.000000
1980,Epic Doom Metal,depressive,2,0,0.000000
1980,Epic Doom Metal,happy,2,0,0.000000
1980,Epic Doom Metal,melancholic,2,0,0.000000
1980,Epic Doom Metal,optimistic,2,0,0.000000
1980,Epic Doom Metal,peaceful,2,0,0.000000
1980,Epic Doom Metal,playful,2,0,0.000000
1980,Epic Doom Metal,sad,2,0,0.000000
1980,Epic Doom Metal,sombre,2,2,1.000000
1980,Epic Doom Metal,uplifting,2,0,0.000000
1980,Ethereal Wave,aggressive,6,0,0.000000
1980,Ethereal Wave,angry,6,0,0.000000
1980,Ethereal Wave,anxious,6,0,0.000000
1980,Ethereal Wave,bittersweet,6,0,0.000000
1980,Ethereal Wave,calm,6,1,0.166667
1980,Ethereal Wave,dark,6,4,0.666667
1980,Ethereal Wave,depressive,6,0,0.000000
1980,Ethereal Wave,happy,6,0,0.000000
1980,Ethereal Wave,melancholic,6,2,0.333333
1980,Ethereal Wave,optimistic,6,0,0.000000
1980,Ethereal Wave,peaceful,6,1,0.166667
1980,Ethereal Wave,playful,6,0,0.000000
1980,Ethereal Wave,sad,6,1,0.166667
1980,Ethereal Wave,sombre,6,2,0.333333
1980,Ethereal Wave,uplifting,6,0,0.000000
1980,Europop,aggressive,1,0,0.000000
1980,Europop,angry,1,0,0.000000
1980,Europop,anxious,1,0,0.000000
1980,Europop,bittersweet,1,0,0.000000
1980,Europop,calm,1,0,0.000000
1980,Europop,dark,1,0,0.000000
1980,Europop,depressive,1,0,0.000000
1980,Europop,happy,1,1,1.000000
1980,Europop,melancholic,1,0,0.000000
1980,Europop,optimistic,1,1,1.000000
1980,Europop,peaceful,1,0,0.000000
1980,Europop,playful,1,0,0.000000
1980,Europop,sad,1,0,0.000000
1980,Europop,sombre,1,0,0.000000
1980,Europop,uplifting,1,1,1.000000
1980,Experimental,aggressive,2,0,0.000000
1980,Experimental,angry,2,0,0.000000
1980,Experimental,anxious,2,0,0.000000
1980,Experimental,bittersweet,2,0,0.000000
1980,Experimental,calm,2,0,0.000000
1980,Experimental,dark,2,0,0.000000
1980,Experimental,depressive,2,0,0.000000
1980,Experimental,happy,2,0,0.000000
1980,Experimental,melancholic,2,0,0.000000
1980,Experimental,optimistic,2,0,0.000000
1980,Experimental,peaceful,2,0,0.000000
1980,Experimental,playful,2,0,0.000000
1980,Experimental,sad,2,0,0.000000
1980,Experimental,sombre,2,0,0.000000
1980,Experimental,uplifting,2,0,0.000000
1980,Experimental Rock,aggressive,16,1,0.062500
1980,Experimental Rock,angry,16,1,0.062500
1980,Experimental Rock,anxious,16,6,0.375000
1980,Experimental Rock,bittersweet,16,0,0.000000
1980,Experimental Rock,calm,16,0,0.000000
1980,Experimental Rock,dark,16,10,0.625000
1980,Experimental Rock,depressive,16,0,0.000000
1980,Experimental Rock,happy,16,0,0.000000
1980,Experimental Rock,melancholic,16,0,0.000000
1980,Experimental Rock,optimistic,16,0,0.000000
1980,Experimental Rock,peaceful,16,0,0.000000
1980,Experimental Rock,playful,16,3,0.187500
1980,Experimental Rock,sad,16,0,0.000000
1980,Experimental Rock,sombre,16,2,0.125000
1980,Experimental Rock,uplifting,16,0,0.000000
1980,Film Score,aggressive,3,0,0.000000
1980,Film Score,angry,3,0,0.000000
1980,Film Score,anxious,3,0,0.000000
1980,Film Score,bittersweet,3,0,0.000000
1980,Film Score,calm,3,0,0.000000
1980,Film Score,dark,3,0,0.000000
1980,Film Score,depressive,3,0,0.000000
1980,Film Score,happy,3,0,0.000000
1980,Film Score,melancholic,3,0,0.000000
1980,Film Score,optimistic,3,0,0.000000
1980,Film Score,peaceful,3,0,0.000000
1980,Film Score,playful,3,0,0.000000
1980,Film Score,sad,3,0,0.000000
1980,Film Score,sombre,3,2,0.666667
1980,Film Score,uplifting,3,0,0.000000
1980,Film Soundtrack,aggressive,2,0,0.000000
1980,Film Soundtrack,angry,2,0,0.000000
1980,Film Soundtrack,anxious,2,0,0.000000
1980,Film Soundtrack,bittersweet,2,0,0.000000
1980,Film Soundtrack,calm,2,0,0.000000
1980,Film Soundtrack,dark,2,0,0.000000
1980,Film Soundtrack,depressive,2,0,0.000000
1980,Film Soundtrack,happy,2,0,0.000000
1980,Film Soundtrack,melancholic,2,0,0.000000
1980,Film Soundtrack,optimistic,2,0,0.000000
1980,Film Soundtrack,peaceful,2,0,0.000000
1980,Film Soundtrack,playful,2,2,1.000000
1980,Film Soundtrack,sad,2,0,0.000000
1980,Film Soundtrack,sombre,2,0,0.000000
1980,Film Soundtrack,uplifting,2,0,0.000000
1980,Folk Punk,aggressive,2,0,0.000000
1980,Folk Punk,angry,2,0,0.000000
1980,Folk Punk,anxious,2,2,1.000000
1980,Folk Punk,bittersweet,2,0,0.000000
1980,Folk Punk,calm,2,0,0.000000
1980,Folk Punk,dark,2,1,0.500000
1980,Folk Punk,depressive,2,0,0.000000
1980,Folk Punk,happy,2,0,0.000000
1980,Folk Punk,melancholic,2,0,0.000000
1980,Folk Punk,optimistic,2,0,0.000000
1980,Folk Punk,peaceful,2,0,0.000000
1980,Folk Punk,playful,2,1,0.500000
1980,Folk Punk,sad,2,0,0.000000
1980,Folk Punk,sombre,2,0,0.000000
1980,Folk Punk,uplifting,2,0,0.000000
1980,Folk Rock,aggressive,4,0,0.000000
1980,Folk Rock,angry,4,0,0.000000
1980,Folk Rock,anxious,4,0,0.000000
1980,Folk Rock,bittersweet,4,2,0.500000
1980,Folk Rock,calm,4,0,0.000000
1980,Folk Rock,dark,4,0,0.000000
1980,Folk Rock,depressive,4,0,0.000000
1980,Folk Rock,happy,4,0,0.000000
1980,Folk Rock,melancholic,4,1,0.250000
1980,Folk Rock,optimistic,4,0,0.000000
1980,Folk Rock,peaceful,4,0,0.000000
1980,Folk Rock,playful,4,1,0.250000
1980,Folk Rock,sad,4,0,0.000000
1980,Folk Rock,sombre,4,0,0.000000
1980,Folk Rock,uplifting,4,1,0.250000
1980,Free Folk,aggressive,1,0,0.000000
1980,Free Folk,angry,1,0,0.000000
1980,Free Folk,anxious,1,0,0.000000
1980,Free Folk,bittersweet,1,0,0.000000
1980,Free Folk,calm,1,0,0.000000
1980,Free Folk,dark,1,0,0.000000
1980,Free Folk,depressive,1,0,0.000000
1980,Free Folk,happy,1,0,0.000000
1980,Free Folk,melancholic,1,0,0.000000
1980,Free Folk,optimistic,1,0,0.000000
1980,Free Folk,peaceful,1,0,0.000000
1980,Free Folk,playful,1,0,0.000000
1980,Free Folk,sad,1,0,0.000000
1980,Free Folk,sombre,1,0,0.000000
1980,Free Folk,uplifting,1,0,0.000000
1980,Funk,aggressive,1,0,0.000000
1980,Funk,angry,1,0,0.000000
1980,Funk,anxious,1,0,0.000000
1980,Funk,bittersweet,1,0,0.000000
1980,Funk,calm,1,0,0.000000
1980,Funk,dark,1,0,0.000000
1980,Funk,depressive,1,0,0.000000
1980,Funk,happy,1,0,0.000000
1980,Funk,melancholic,1,0,0.000000
1980,Funk,optimistic,1,0,0.000000
1980,Funk,peaceful,1,0,0.000000
1980,Funk,playful,1,1,1.000000
1980,Funk,sad,1,0,0.000000
1980,Funk,sombre,1,0,0.000000
1980,Funk,uplifting,1,1,1.000000
1980,Funk Metal,aggressive,3,0,0.000000
1980,Funk Metal,angry,3,0,0.000000
1980,Funk Metal,anxious,3,0,0.000000
1980,Funk Metal,bittersweet,3,0,0.000000
1980,Funk Metal,calm,3,0,0.000000
1980,Funk Metal,dark,3,0,0.000000
1980,Funk Metal,depressive,3,0,0.000000
1980,Funk Metal,happy,3,0,0.000000
1980,Funk Metal,melancholic,3,0,0.000000
1980,Funk Metal,optimistic,3,0,0.000000
1980,Funk Metal,peaceful,3,0,0.000000
1980,Funk Metal,playful,3,2,0.666667
1980,Funk Metal,sad,3,0,0.000000
1980,Funk Metal,sombre,3,0,0.000000
1980,Funk Metal,uplifting,3,0,0.000000
1980,Funk Rock,aggressive,5,0,0.000000
1980,Funk Rock,angry,5,0,0.000000
1980,Funk Rock,anxious,5,0,0.000000
1980,Funk Rock,bittersweet,5,0,0.000000
1980,Funk Rock,calm,5,0,0.000000
1980,Funk Rock,dark,5,0,0.000000
1980,Funk Rock,depressive,5,0,0.000000
1980,Funk Rock,happy,5,1,0.200000
1980,Funk Rock,melancholic,5,0,0.000000
1980,Funk Rock,optimistic,5,0,0.000000
1980,Funk Rock,peaceful,5,0,0.000000
1980,Funk Rock,playful,5,4,0.800000
1980,Funk Rock,sad,5,0,0.000000
1980,Funk Rock,sombre,5,0,0.000000
1980,Funk Rock,uplifting,5,1,0.200000
1980,Gangsta Rap,aggressive,1,1,1.000000
1980,Gangsta Rap,angry,1,1,1.000000
1980,Gangsta Rap,anxious,1,0,0.000000
1980,Gangsta Rap,bittersweet,1,0,0.000000
1980,Gangsta Rap,calm,1,0,0.000000
1980,Gangsta Rap,dark,1,0,0.000000
1980,Gangsta Rap,depressive,1,0,0.000000
1980,Gangsta Rap,happy,1,0,0.000000
1980,Gangsta Rap,melancholic,1,0,0.000000
1980,Gangsta Rap,optimistic,1,0,0.000000
1980,Gangsta Rap,peaceful,1,0,0.000000
1980,Gangsta Rap,playful,1,0,0.000000
1980,Gangsta Rap,sad,1,0,0.000000
1980,Gangsta Rap,sombre,1,0,0.000000
1980,Gangsta Rap,uplifting,1,0,0.000000
1980,Garage Punk,aggressive,1,0,0.000000
1980,Garage Punk,angry,1,0,0.000000
1980,Garage Punk,anxious,1,0,0.000000
1980,Garage Punk,bittersweet,1,0,0.000000
1980,Garage Punk,calm,1,0,0.000000
1980,Garage Punk,dark,1,1,1.000000
1980,Garage Punk,depressive,1,0,0.000000
1980,Garage Punk,happy,1,0,0.000000
1980,Garage Punk,melancholic,1,0,0.000000
1980,Garage Punk,optimistic,1,0,0.000000
1980,Garage Punk,peaceful,1,0,0.000000
1980,Garage Punk,playful,1,1,1.000000
1980,Garage Punk,sad,1,0,0.000000
1980,Garage Punk,sombre,1,0,0.000000
1980,Garage Punk,uplifting,1,0,0.000000
1980,Glam Metal,aggressive,8,2,0.250000
1980,Glam Metal,angry,8,0,0.000000
1980,Glam Metal,anxious,8,0,0.000000
1980,Glam Metal,bittersweet,8,0,0.000000
1980,Glam Metal,calm,8,0,0.000000
1980,Glam Metal,dark,8,0,0.000000
1980,Glam Metal,depressive,8,0,0.000000
1980,Glam Metal,happy,8,0,0.000000
1980,Glam Metal,melancholic,8,1,0.125000
1980,Glam Metal,optimistic,8,0,0.000000
1980,Glam Metal,peaceful,8,0,0.000000
1980,Glam Metal,playful,8,1,0.125000
1980,Glam Metal,sad,8,0,0.000000
1980,Glam Metal,sombre,8,1,0.125000
1980,Glam Metal,uplifting,8,1,0.125000
1980,Goregrind,aggressive,2,1,0.500000
1980,Goregrind,angry,2,0,0.000000
1980,Goregrind,anxious,2,0,0.000000
1980,Goregrind,bittersweet,2,0,0.000000
1980,Goregrind,calm,2,0,0.000000
1980,Goregrind,dark,2,0,0.000000
1980,Goregrind,depressive,2,0,0.000000
1980,Goregrind,happy,2,0,0.000000
1980,Goregrind,melancholic,2,0,0.000000
1980,Goregrind,optimistic,2,0,0.000000
1980,Goregrind,peaceful,2,0,0.000000
1980,Goregrind,playful,2,0,0.000000
1980,Goregrind,sad,2,0,0.000000
1980,Goregrind,sombre,2,0,0.000000
1980,Goregrind,uplifting,2,0,0.000000
1980,Gothic Rock,aggressive,21,0,0.000000
1980,Gothic Rock,angry,21,0,0.000000
1980,Gothic Rock,anxious,21,12,0.571429
1980,Gothic Rock,bittersweet,21,2,0.095238
1980,Gothic Rock,calm,21,0,0.000000
1980,Gothic Rock,dark,21,16,0.761905
1980,Gothic Rock,depressive,21,3,0.142857
1980,Gothic Rock,happy,21,0,0.000000
1980,Gothic Rock,melancholic,21,9,0.428571
1980,Gothic Rock,optimistic,21,0,0.000000
1980,Gothic Rock,peaceful,21,0,0.000000
1980,Gothic Rock,playful,21,2,0.095238
1980,Gothic Rock,sad,21,2,0.095238
1980,Gothic Rock,sombre,21,12,0.571429
1980,Gothic Rock,uplifting,21,0,0.000000
1980,Grindcore,aggressive,3,3,1.000000
1980,Grindcore,angry,3,1,0.333333
1980,Grindcore,anxious,3,0,0.000000
1980,Grindcore,bittersweet,3,0,0.000000
1980,Grindcore,calm,3,0,0.000000
1980,Grindcore,dark,3,0,0.000000
1980,Grindcore,depressive,3,0,0.000000
1980,Grindcore,happy,3,0,0.000000
1980,Grindcore,melancholic,3,0,0.000000
1980,Grindcore,optimistic,3,0,0.000000
1980,Grindcore,peaceful,3,0,0.000000
1980,Grindcore,playful,3,0,0.000000
1980,Grindcore,sad,3,0,0.000000
1980,Grindcore,sombre,3,0,0.000000
1980,Grindcore,uplifting,3,0,0.000000
1980,Grunge,aggressive,3,3,1.000000
1980,Grunge,angry,3,2,0.666667
1980,Grunge,anxious,3,0,0.000000
1980,Grunge,bittersweet,3,0,0.000000
1980,Grunge,calm,3,0,0.000000
1980,Grunge,dark,3,2,0.666667
1980,Grunge,depressive,3,0,0.000000
1980,Grunge,happy,3,0,0.000000
1980,Grunge,melancholic,3,0,0.000000
1980,Grunge,optimistic,3,0,0.000000
1980,Grunge,peaceful,3,0,0.000000
1980,Grunge,playful,3,0,0.000000
1980,Grunge,sad,3,0,0.000000
1980,Grunge,sombre,3,0,0.000000
1980,Grunge,uplifting,3,0,0.000000
1980,Hard Rock,aggressive,49,5,0.102041
1980,Hard Rock,angry,49,1,0.020408
1980,Hard Rock,anxious,49,0,0.000000
1980,Hard Rock,bittersweet,49,1,0.020408
1980,Hard Rock,calm,49,0,0.000000
1980,Hard Rock,dark,49,9,0.183673
1980,Hard Rock,depressive,49,0,0.000000
1980,Hard Rock,happy,49,1,0.020408
1980,Hard Rock,melancholic,49,1,0.020408
1980,Hard Rock,optimistic,49,1,0.020408
1980,Hard Rock,peaceful,49,0,0.000000
1980,Hard Rock,playful,49,9,0.183673
1980,Hard Rock,sad,49,0,0.000000
1980,Hard Rock,sombre,49,1,0.020408
1980,Hard Rock,uplifting,49,4,0.081633
1980,Hardcore Hip Hop,aggressive,7,2,0.285714
1980,Hardcore Hip Hop,angry,7,2,0.285714
1980,Hardcore Hip Hop,anxious,7,0,0.000000
1980,Hardcore Hip Hop,bittersweet,7,0,0.000000
1980,Hardcore Hip Hop,calm,7,0,0.000000
1980,Hardcore Hip Hop,dark,7,0,0.000000
1980,Hardcore Hip Hop,depressive,7,0,0.000000
1980,Hardcore Hip Hop,happy,7,0,0.000000
1980,Hardcore Hip Hop,melancholic,7,0,0.000000
1980,Hardcore Hip Hop,optimistic,7,0,0.000000
1980,Hardcore Hip Hop,peaceful,7,0,0.000000
1980,Hardcore Hip Hop,playful,7,2,0.285714
1980,Hardcore Hip Hop,sad,7,0,0.000000
1980,Hardcore Hip Hop,sombre,7,0,0.000000
1980,Hardcore Hip Hop,uplifting,7,0,0.000000
1980,Hardcore Punk,aggressive,18,11,0.611111
1980,Hardcore Punk,angry,18,14,0.777778
1980,Hardcore Punk,anxious,18,3,0.166667
1980,Hardcore Punk,bittersweet,18,1,0.055556
1980,Hardcore Punk,calm,18,0,0.000000
1980,Hardcore Punk,dark,18,5,0.277778
1980,Hardcore Punk,depressive,18,0,0.000000
1980,Hardcore Punk,happy,18,0,0.000000
1980,Hardcore Punk,melancholic,18,0,0.000000
1980,Hardcore Punk,optimistic,18,0,0.000000
1980,Hardcore Punk,peaceful,18,0,0.000000
1980,Hardcore Punk,playful,18,3,0.166667
1980,Hardcore Punk,sad,18,0,0.000000
1980,Hardcore Punk,sombre,18,0,0.000000
1980,Hardcore Punk,uplifting,18,0,0.000000
1980,Heartland Rock,aggressive,4,0,0.000000
1980,Heartland Rock,angry,4,0,0.000000
1980,Heartland Rock,anxious,4,0,0.000000
1980,Heartland Rock,bittersweet,4,1,0.250000
1980,Heartland Rock,calm,4,0,0.000000
1980,Heartland Rock,dark,4,0,0.000000
1980,Heartland Rock,depressive,4,0,0.000000
1980,Heartland Rock,happy,4,0,0.000000
1980,Heartland Rock,melancholic,4,0,0.000000
1980,Heartland Rock,optimistic,4,1,0.250000
1980,Heartland Rock,peaceful,4,0,0.000000
1980,Heartland Rock,playful,4,0,0.000000
1980,Heartland Rock,sad,4,0,0.000000
1980,Heartland Rock,sombre,4,0,0.000000
1980,Heartland Rock,uplifting,4,1,0.250000
1980,Heavy Metal,aggressive,58,9,0.155172
1980,Heavy Metal,angry,58,3,0.051724
1980,Heavy Metal,anxious,58,0,0.000000
1980,Heavy Metal,bittersweet,58,1,0.017241
1980,Heavy Metal,calm,58,0,0.000000
1980,Heavy Metal,dark,58,16,0.275862
1980,Heavy Metal,depressive,58,0,0.000000
1980,Heavy Metal,happy,58,0,0.000000
1980,Heavy Metal,melancholic,58,0,0.000000
1980,Heavy Metal,optimistic,58,0,0.000000
1980,Heavy Metal,peaceful,58,0,0.000000
1980,Heavy Metal,playful,58,1,0.017241
1980,Heavy Metal,sad,58,0,0.000000
1980,Heavy Metal,sombre,58,1,0.017241
1980,Heavy Metal,uplifting,58,3,0.051724
1980,Hi-NRG,aggressive,1,0,0.000000
1980,Hi-NRG,angry,1,0,0.000000
1980,Hi-NRG,anxious,1,0,0.000000
1980,Hi-NRG,bittersweet,1,0,0.000000
1980,Hi-NRG,calm,1,0,0.000000
1980,Hi-NRG,dark,1,0,0.000000
1980,Hi-NRG,depressive,1,0,0.000000
1980,Hi-NRG,happy,1,0,0.000000
1980,Hi-NRG,melancholic,1,0,0.000000
1980,Hi-NRG,optimistic,1,0,0.000000
1980,Hi-NRG,peaceful,1,0,0.000000
1980,Hi-NRG,playful,1,0,0.000000
1980,Hi-NRG,sad,1,0,0.000000
1980,Hi-NRG,sombre,1,0,0.000000
1980,Hi-NRG,uplifting,1,0,0.000000
1980,Horror Punk,aggressive,2,1,0.500000
1980,Horror Punk,angry,2,0,0.000000
1980,Horror Punk,anxious,2,0,0.000000
1980,Horror Punk,bittersweet,2,0,0.000000
1980,Horror Punk,calm,2,0,0.000000
1980,Horror Punk,dark,2,2,1.000000
1980,Horror Punk,depressive,2,0,0.000000
1980,Horror Punk,happy,2,0,0.000000
1980,Horror Punk,melancholic,2,0,0.000000
1980,Horror Punk,optimistic,2,0,0.000000
1980,Horror Punk,peaceful,2,0,0.000000
1980,Horror Punk,playful,2,1,0.500000
1980,Horror Punk,sad,2,0,0.000000
1980,Horror Punk,sombre,2,0,0.000000
1980,Horror Punk,uplifting,2,0,0.000000
1980,Indie Pop,aggressive,13,0,0.000000
1980,Indie Pop,angry,13,0,0.000000
1980,Indie Pop,anxious,13,0,0.000000
1980,Indie Pop,bittersweet,13,9,0.692308
1980,Indie Pop,calm,13,1,0.076923
1980,Indie Pop,dark,13,0,0.000000
1980,Indie Pop,depressive,13,0,0.000000
1980,Indie Pop,happy,13,0,0.000000
1980,Indie Pop,melancholic,13,9,0.692308
1980,Indie Pop,optimistic,13,0,0.000000
1980,Indie Pop,peaceful,13,0,0.000000
1980,Indie Pop,playful,13,5,0.384615
1980,Indie Pop,sad,13,0,0.000000
1980,Indie Pop,sombre,13,0,0.000000
1980,Indie Pop,uplifting,13,2,0.153846
1980,Indie Rock,aggressive,5,0,0.000000
1980,Indie Rock,angry,5,0,0.000000
1980,Indie Rock,anxious,5,3,0.600000
1980,Indie Rock,bittersweet,5,0,0.000000
1980,Indie Rock,calm,5,0,0.000000
1980,Indie Rock,dark,5,0,0.000000
1980,Indie Rock,depressive,5,0,0.000000
1980,Indie Rock,happy,5,0,0.000000
1980,Indie Rock,melancholic,5,2,0.400000
1980,Indie Rock,optimistic,5,0,0.000000
1980,Indie Rock,peaceful,5,0,0.000000
1980,Indie Rock,playful,5,2,0.400000
1980,Indie Rock,sad,5,0,0.000000
1980,Indie Rock,sombre,5,0,0.000000
1980,Indie Rock,uplifting,5,0,0.000000
1980,Industrial,aggressive,11,0,0.000000
1980,Industrial,angry,11,1,0.090909
1980,Industrial,anxious,11,6,0.545455
1980,Industrial,bittersweet,11,0,0.000000
1980,Industrial,calm,11,0,0.000000
1980,Industrial,dark,11,10,0.909091
1980,Industrial,depressive,11,0,0.000000
1980,Industrial,happy,11,0,0.000000
1980,Industrial,melancholic,11,0,0.000000
1980,Industrial,optimistic,11,0,0.000000
1980,Industrial,peaceful,11,0,0.000000
1980,Industrial,playful,11,1,0.090909
1980,Industrial,sad,11,0,0.000000
1980,Industrial,sombre,11,1,0.090909
1980,Industrial,uplifting,11,0,0.000000
1980,Industrial Metal,aggressive,2,2,1.000000
1980,Industrial Metal,angry,2,1,0.500000
1980,Industrial Metal,anxious,2,0,0.000000
1980,Industrial Metal,bittersweet,2,0,0.000000
1980,Industrial Metal,calm,2,0,0.000000
1980,Industrial Metal,dark,2,2,1.000000
1980,Industrial Metal,depressive,2,0,0.000000
1980,Industrial Metal,happy,2,0,0.000000
1980,Industrial Metal,melancholic,2,0,0.000000
1980,Industrial Metal,optimistic,2,0,0.000000
1980,Industrial Metal,peaceful,2,0,0.000000
1980,Industrial Metal,playful,2,0,0.000000
1980,Industrial Metal,sad,2,0,0.000000
1980,Industrial Metal,sombre,2,0,0.000000
1980,Industrial Metal,uplifting,2,0,0.000000
1980,Industrial Rock,aggressive,8,3,0.375000
1980,Industrial Rock,angry,8,7,0.875000
1980,Industrial Rock,anxious,8,1,0.125000
1980,Industrial Rock,bittersweet,8,0,0.000000
1980,Industrial Rock,calm,8,0,0.000000
1980,Industrial Rock,dark,8,8,1.000000
1980,Industrial Rock,depressive,8,0,0.000000
1980,Industrial Rock,happy,8,0,0.000000
1980,Industrial Rock,melancholic,8,0,0.000000
1980,Industrial Rock,optimistic,8,0,0.000000
1980,Industrial Rock,peaceful,8,0,0.000000
1980,Industrial Rock,playful,8,1,0.125000
1980,Industrial Rock,sad,8,0,0.000000
1980,Industrial Rock,sombre,8,0,0.000000
1980,Industrial Rock,uplifting,8,0,0.000000
1980,Jangle Pop,aggressive,21,0,0.000000
1980,Jangle Pop,angry,21,0,0.000000
1980,Jangle Pop,anxious,21,0,0.000000
1980,Jangle Pop,bittersweet,21,15,0.714286
1980,Jangle Pop,calm,21,0,0.000000
1980,Jangle Pop,dark,21,0,0.000000
1980,Jangle Pop,depressive,21,0,0.000000
1980,Jangle Pop,happy,21,0,0.000000
1980,Jangle Pop,melancholic,21,16,0.761905
1980,Jangle Pop,optimistic,21,0,0.000000
1980,Jangle Pop,peaceful,21,0,0.000000
1980,Jangle Pop,playful,21,3,0.142857
1980,Jangle Pop,sad,21,0,0.000000
1980,Jangle Pop,sombre,21,0,0.000000
1980,Jangle Pop,uplifting,21,2,0.095238
1980,Jazz Pop,aggressive,1,0,0.000000
1980,Jazz Pop,angry,1,0,0.000000
1980,Jazz Pop,anxious,1,0,0.000000
1980,Jazz Pop,bittersweet,1,1,1.000000
1980,Jazz Pop,calm,1,0,0.000000
1980,Jazz Pop,dark,1,0,0.000000
1980,Jazz Pop,depressive,1,0,0.000000
1980,Jazz Pop,happy,1,0,0.000000
1980,Jazz Pop,melancholic,1,0,0.000000
1980,Jazz Pop,optimistic,1,0,0.000000
1980,Jazz Pop,peaceful,1,0,0.000000
1980,Jazz Pop,playful,1,0,0.000000
1980,Jazz Pop,sad,1,0,0.000000
1980,Jazz Pop,sombre,1,0,0.000000
1980,Jazz Pop,uplifting,1,0,0.000000
1980,Jazz-Rock,aggressive,1,0,0.000000
1980,Jazz-Rock,angry,1,0,0.000000
1980,Jazz-Rock,anxious,1,0,0.000000
1980,Jazz-Rock,bittersweet,1,0,0.000000
1980,Jazz-Rock,calm,1,0,0.000000
1980,Jazz-Rock,dark,1,0,0.000000
1980,Jazz-Rock,depressive,1,0,0.000000
1980,Jazz-Rock,happy,1,0,0.000000
1980,Jazz-Rock,melancholic,1,0,0.000000
1980,Jazz-Rock,optimistic,1,0,0.000000
1980,Jazz-Rock,peaceful,1,0,0.000000
1980,Jazz-Rock,playful,1,0,0.000000
1980,Jazz-Rock,sad,1,0,0.000000
1980,Jazz-Rock,sombre,1,0,0.000000
1980,Jazz-Rock,uplifting,1,0,0.000000
1980,Lo-Fi/Slacker Rock,aggressive,5,0,0.000000
1980,Lo-Fi/Slacker Rock,angry,5,0,0.000000
1980,Lo-Fi/Slacker Rock,anxious,5,1,0.200000
1980,Lo-Fi/Slacker Rock,bittersweet,5,2,0.400000
1980,Lo-Fi/Slacker Rock,calm,5,0,0.000000
1980,Lo-Fi/Slacker Rock,dark,5,0,0.000000
1980,Lo-Fi/Slacker Rock,depressive,5,0,0.000000
1980,Lo-Fi/Slacker Rock,happy,5,0,0.000000
1980,Lo-Fi/Slacker Rock,melancholic,5,2,0.400000
1980,Lo-Fi/Slacker Rock,optimistic,5,1,0.200000
1980,Lo-Fi/Slacker Rock,peaceful,5,0,0.000000
1980,Lo-Fi/Slacker Rock,playful,5,2,0.400000
1980,Lo-Fi/Slacker Rock,sad,5,0,0.000000
1980,Lo-Fi/Slacker Rock,sombre,5,0,0.000000
1980,Lo-Fi/Slacker Rock,uplifting,5,0,0.000000
1980,Math Rock,aggressive,1,1,1.000000
1980,Math Rock,angry,1,0,0.000000
1980,Math Rock,anxious,1,1,1.000000
1980,Math Rock,bittersweet,1,0,0.000000
1980,Math Rock,calm,1,0,0.000000
1980,Math Rock,dark,1,0,0.000000
1980,Math Rock,depressive,1,0,0.000000
1980,Math Rock,happy,1,0,0.000000
1980,Math Rock,melancholic,1,0,0.000000
1980,Math Rock,optimistic,1,0,0.000000
1980,Math Rock,peaceful,1,0,0.000000
1980,Math Rock,playful,1,0,0.000000
1980,Math Rock,sad,1,0,0.000000
1980,Math Rock,sombre,1,0,0.000000
1980,Math Rock,uplifting,1,0,0.000000
1980,Melodic Hardcore,aggressive,2,0,0.000000
1980,Melodic Hardcore,angry,2,1,0.500000
1980,Melodic Hardcore,anxious,2,0,0.000000
1980,Melodic Hardcore,bittersweet,2,0,0.000000
1980,Melodic Hardcore,calm,2,0,0.000000
1980,Melodic Hardcore,dark,2,0,0.000000
1980,Melodic Hardcore,depressive,2,0,0.000000
1980,Melodic Hardcore,happy,2,0,0.000000
1980,Melodic Hardcore,melancholic,2,0,0.000000
1980,Melodic Hardcore,optimistic,2,0,0.000000
1980,Melodic Hardcore,peaceful,2,0,0.000000
1980,Melodic Hardcore,playful,2,0,0.000000
1980,Melodic Hardcore,sad,2,0,0.000000
1980,Melodic Hardcore,sombre,2,0,0.000000
1980,Melodic Hardcore,uplifting,2,0,0.000000
1980,Mid-School Hip Hop,aggressive,4,1,0.250000
1980,Mid-School Hip Hop,angry,4,0,0.000000
1980,Mid-School Hip Hop,anxious,4,0,0.000000
1980,Mid-School Hip Hop,bittersweet,4,0,0.000000
1980,Mid-School Hip Hop,calm,4,0,0.000000
1980,Mid-School Hip Hop,dark,4,0,0.000000
1980,Mid-School Hip Hop,depressive,4,0,0.000000
1980,Mid-School Hip Hop,happy,4,0,0.000000
1980,Mid-School Hip Hop,melancholic,4,0,0.000000
1980,Mid-School Hip Hop,optimistic,4,0,0.000000
1980,Mid-School Hip Hop,peaceful,4,0,0.000000
1980,Mid-School Hip Hop,playful,4,1,0.250000
1980,Mid-School Hip Hop,sad,4,0,0.000000
1980,Mid-School Hip Hop,sombre,4,0,0.000000
1980,Mid-School Hip Hop,uplifting,4,0,0.000000
1980,Minimal Synth,aggressive,2,0,0.000000
1980,Minimal Synth,angry,2,0,0.000000
1980,Minimal Synth,anxious,2,0,0.000000
1980,Minimal Synth,bittersweet,2,0,0.000000
1980,Minimal Synth,calm,2,0,0.000000
1980,Minimal Synth,dark,2,1,0.500000
1980,Minimal Synth,depressive,2,0,0.000000
1980,Minimal Synth,happy,2,0,0.000000
1980,Minimal Synth,melancholic,2,0,0.000000
1980,Minimal Synth,optimistic,2,0,0.000000
1980,Minimal Synth,peaceful,2,0,0.000000
1980,Minimal Synth,playful,2,1,0.500000
1980,Minimal Synth,sad,2,0,0.000000
1980,Minimal Synth,sombre,2,0,0.000000
1980,Minimal Synth,uplifting,2,0,0.000000
1980,Minimal Wave,aggressive,2,0,0.000000
1980,Minimal Wave,angry,2,0,0.000000
1980,Minimal Wave,anxious,2,0,0.000000
1980,Minimal Wave,bittersweet,2,1,0.500000
1980,Minimal Wave,calm,2,0,0.000000
1980,Minimal Wave,dark,2,0,0.000000
1980,Minimal Wave,depressive,2,0,0.000000
1980,Minimal Wave,happy,2,0,0.000000
1980,Minimal Wave,melancholic,2,0,0.000000
1980,Minimal Wave,optimistic,2,0,0.000000
1980,Minimal Wave,peaceful,2,0,0.000000
1980,Minimal Wave,playful,2,1,0.500000
1980,Minimal Wave,sad,2,0,0.000000
1980,Minimal Wave,sombre,2,0,0.000000
1980,Minimal Wave,uplifting,2,0,0.000000
1980,Minimalism,aggressive,4,0,0.000000
1980,Minimalism,angry,4,0,0.000000
1980,Minimalism,anxious,4,0,0.000000
1980,Minimalism,bittersweet,4,0,0.000000
1980,Minimalism,calm,4,0,0.000000
1980,Minimalism,dark,4,0,0.000000
1980,Minimalism,depressive,4,0,0.000000
1980,Minimalism,happy,4,0,0.000000
1980,Minimalism,melancholic,4,1,0.250000
1980,Minimalism,optimistic,4,0,0.000000
1980,Minimalism,peaceful,4,0,0.000000
1980,Minimalism,playful,4,0,0.000000
1980,Minimalism,sad,4,0,0.000000
1980,Minimalism,sombre,4,1,0.250000
1980,Minimalism,uplifting,4,0,0.000000
1980,Mod Revival,aggressive,1,0,0.000000
1980,Mod Revival,angry,1,0,0.000000
1980,Mod Revival,anxious,1,0,0.000000
1980,Mod Revival,bittersweet,1,1,1.000000
1980,Mod Revival,calm,1,0,0.000000
1980,Mod Revival,dark,1,0,0.000000
1980,Mod Revival,depressive,1,0,0.000000
1980,Mod Revival,happy,1,0,0.000000
1980,Mod Revival,melancholic,1,0,0.000000
1980,Mod Revival,optimistic,1,0,0.000000
1980,Mod Revival,peaceful,1,0,0.000000
1980,Mod Revival,playful,1,0,0.000000
1980,Mod Revival,sad,1,0,0.000000
1980,Mod Revival,sombre,1,0,0.000000
1980,Mod Revival,uplifting,1,1,1.000000
1980,Modern Classical,aggressive,2,0,0.000000
1980,Modern Classical,angry,2,0,0.000000
1980,Modern Classical,anxious,2,0,0.000000
1980,Modern Classical,bittersweet,2,0,0.000000
1980,Modern Classical,calm,2,0,0.000000
1980,Modern Classical,dark,2,0,0.000000
1980,Modern Classical,depressive,2,0,0.000000
1980,Modern Classical,happy,2,0,0.000000
1980,Modern Classical,melancholic,2,1,0.500000
1980,Modern Classical,optimistic,2,0,0.000000
1980,Modern Classical,peaceful,2,0,0.000000
1980,Modern Classical,playful,2,0,0.000000
1980,Modern Classical,sad,2,0,0.000000
1980,Modern Classical,sombre,2,0,0.000000
1980,Modern Classical,uplifting,2,0,0.000000
1980,NWOBHM,aggressive,10,1,0.100000
1980,NWOBHM,angry,10,2,0.200000
1980,NWOBHM,anxious,10,0,0.000000
1980,NWOBHM,bittersweet,10,0,0.000000
1980,NWOBHM,calm,10,0,0.000000
1980,NWOBHM,dark,10,1,0.100000
1980,NWOBHM,depressive,10,0,0.000000
1980,NWOBHM,happy,10,0,0.000000
1980,NWOBHM,melancholic,10,0,0.000000
1980,NWOBHM,optimistic,10,0,0.000000
1980,NWOBHM,peaceful,10,0,0.000000
1980,NWOBHM,playful,10,1,0.100000
1980,NWOBHM,sad,10,0,0.000000
1980,NWOBHM,sombre,10,0,0.000000
1980,NWOBHM,uplifting,10,0,0.000000
1980,Neo-Prog,aggressive,4,0,0.000000
1980,Neo-Prog,angry,4,0,0.000000
1980,Neo-Prog,anxious,4,0,0.000000
1980,Neo-Prog,bittersweet,4,0,0.000000
1980,Neo-Prog,calm,4,0,0.000000
1980,Neo-Prog,dark,4,0,0.000000
1980,Neo-Prog,depressive,4,0,0.000000
1980,Neo-Prog,happy,4,0,0.000000
1980,Neo-Prog,melancholic,4,4,1.000000
1980,Neo-Prog,optimistic,4,0,0.000000
1980,Neo-Prog,peaceful,4,0,0.000000
1980,Neo-Prog,playful,4,0,0.000000
1980,Neo-Prog,sad,4,0,0.000000
1980,Neo-Prog,sombre,4,0,0.000000
1980,Neo-Prog,uplifting,4,2,0.500000
1980,Neo-Psychedelia,aggressive,6,0,0.000000
1980,Neo-Psychedelia,angry,6,0,0.000000
1980,Neo-Psychedelia,anxious,6,0,0.000000
1980,Neo-Psychedelia,bittersweet,6,1,0.166667
1980,Neo-Psychedelia,calm,6,0,0.000000
1980,Neo-Psychedelia,dark,6,0,0.000000
1980,Neo-Psychedelia,depressive,6,0,0.000000
1980,Neo-Psychedelia,happy,6,0,0.000000
1980,Neo-Psychedelia,melancholic,6,2,0.333333
1980,Neo-Psychedelia,optimistic,6,0,0.000000
1980,Neo-Psychedelia,peaceful,6,0,0.000000
1980,Neo-Psychedelia,playful,6,1,0.166667
1980,Neo-Psychedelia,sad,6,0,0.000000
1980,Neo-Psychedelia,sombre,6,0,0.000000
1980,Neo-Psychedelia,uplifting,6,0,0.000000
1980,Neoclassical Darkwave,aggressive,3,0,0.000000
1980,Neoclassical Darkwave,angry,3,0,0.000000
1980,Neoclassical Darkwave,anxious,3,0,0.000000
1980,Neoclassical Darkwave,bittersweet,3,0,0.000000
1980,Neoclassical Darkwave,calm,3,0,0.000000
1980,Neoclassical Darkwave,dark,3,2,0.666667
1980,Neoclassical Darkwave,depressive,3,0,0.000000
1980,Neoclassical Darkwave,happy,3,0,0.000000
1980,Neoclassical Darkwave,melancholic,3,1,0.333333
1980,Neoclassical Darkwave,optimistic,3,0,0.000000
1980,Neoclassical Darkwave,peaceful,3,0,0.000000
1980,Neoclassical Darkwave,playful,3,0,0.000000
1980,Neoclassical Darkwave,sad,3,0,0.000000
1980,Neoclassical Darkwave,sombre,3,3,1.000000
1980,Neoclassical Darkwave,uplifting,3,0,0.000000
1980,Neofolk,aggressive,1,0,0.000000
1980,Neofolk,angry,1,0,0.000000
1980,Neofolk,anxious,1,0,0.000000
1980,Neofolk,bittersweet,1,0,0.000000
1980,Neofolk,calm,1,0,0.000000
1980,Neofolk,dark,1,1,1.000000
1980,Neofolk,depressive,1,0,0.000000
1980,Neofolk,happy,1,0,0.000000
1980,Neofolk,melancholic,1,1,1.000000
1980,Neofolk,optimistic,1,0,0.000000
1980,Neofolk,peaceful,1,0,0.000000
1980,Neofolk,playful,1,0,0.000000
1980,Neofolk,sad,1,0,0.000000
1980,Neofolk,sombre,1,1,1.000000
1980,Neofolk,uplifting,1,0,0.000000
1980,Neue Deutsche Welle,aggressive,1,0,0.000000
1980,Neue Deutsche Welle,angry,1,0,0.000000
1980,Neue Deutsche Welle,anxious,1,1,1.000000
1980,Neue Deutsche Welle,bittersweet,1,0,0.000000
1980,Neue Deutsche Welle,calm,1,0,0.000000
1980,Neue Deutsche Welle,dark,1,1,1.000000
1980,Neue Deutsche Welle,depressive,1,0,0.000000
1980,Neue Deutsche Welle,happy,1,0,0.000000
1980,Neue Deutsche Welle,melancholic,1,0,0.000000
1980,Neue Deutsche Welle,optimistic,1,0,0.000000
1980,Neue Deutsche Welle,peaceful,1,0,0.000000
1980,Neue Deutsche Welle,playful,1,0,0.000000
1980,Neue Deutsche Welle,sad,1,0,0.000000
1980,Neue Deutsche Welle,sombre,1,0,0.000000
1980,Neue Deutsche Welle,uplifting,1,0,0.000000
1980,New Age,aggressive,2,0,0.000000
1980,New Age,angry,2,0,0.000000
1980,New Age,anxious,2,0,0.000000
1980,New Age,bittersweet,2,0,0.000000
1980,New Age,calm,2,1,0.500000
1980,New Age,dark,2,0,0.000000
1980,New Age,depressive,2,0,0.000000
1980,New Age,happy,2,0,0.000000
1980,New Age,melancholic,2,0,0.000000
1980,New Age,optimistic,2,0,0.000000
1980,New Age,peaceful,2,1,0.500000
1980,New Age,playful,2,0,0.000000
1980,New Age,sad,2,0,0.000000
1980,New Age,sombre,2,1,0.500000
1980,New Age,uplifting,2,0,0.000000
1980,New Jack Swing,aggressive,1,0,0.000000
1980,New Jack Swing,angry,1,0,0.000000
1980,New Jack Swing,anxious,1,0,0.000000
1980,New Jack Swing,bittersweet,1,0,0.000000
1980,New Jack Swing,calm,1,0,0.000000
1980,New Jack Swing,dark,1,0,0.000000
1980,New Jack Swing,depressive,1,0,0.000000
1980,New Jack Swing,happy,1,0,0.000000
1980,New Jack Swing,melancholic,1,0,0.000000
1980,New Jack Swing,optimistic,1,0,0.000000
1980,New Jack Swing,peaceful,1,0,0.000000
1980,New Jack Swing,playful,1,0,0.000000
1980,New Jack Swing,sad,1,0,0.000000
1980,New Jack Swing,sombre,1,0,0.000000
1980,New Jack Swing,uplifting,1,0,0.000000
1980,New Romantic,aggressive,10,0,0.000000
1980,New Romantic,angry,10,0,0.000000
1980,New Romantic,anxious,10,0,0.000000
1980,New Romantic,bittersweet,10,2,0.200000
1980,New Romantic,calm,10,0,0.000000
1980,New Romantic,dark,10,0,0.000000
1980,New Romantic,depressive,10,0,0.000000
1980,New Romantic,happy,10,1,0.100000
1980,New Romantic,melancholic,10,4,0.400000
1980,New Romantic,optimistic,10,0,0.000000
1980,New Romantic,peaceful,10,0,0.000000
1980,New Romantic,playful,10,5,0.500000
1980,New Romantic,sad,10,0,0.000000
1980,New Romantic,sombre,10,2,0.200000
1980,New Romantic,uplifting,10,1,0.100000
1980,New Wave,aggressive,47,0,0.000000
1980,New Wave,angry,47,0,0.000000
1980,New Wave,anxious,47,16,0.340426
1980,New Wave,bittersweet,47,13,0.276596
1980,New Wave,calm,47,0,0.000000
1980,New Wave,dark,47,2,0.042553
1980,New Wave,depressive,47,2,0.042553
1980,New Wave,happy,47,2,0.042553
1980,New Wave,melancholic,47,14,0.297872
1980,New Wave,optimistic,47,0,0.000000
1980,New Wave,peaceful,47,0,0.000000
1980,New Wave,playful,47,24,0.510638
1980,New Wave,sad,47,1,0.021277
1980,New Wave,sombre,47,4,0.085106
1980,New Wave,uplifting,47,3,0.063830
1980,No Wave,aggressive,8,1,0.125000
1980,No Wave,angry,8,4,0.500000
1980,No Wave,anxious,8,1,0.125000
1980,No Wave,bittersweet,8,0,0.000000
1980,No Wave,calm,8,0,0.000000
1980,No Wave,dark,8,6,0.750000
1980,No Wave,depressive,8,0,0.000000
1980,No Wave,happy,8,0,0.000000
1980,No Wave,melancholic,8,0,0.000000
1980,No Wave,optimistic,8,0,0.000000
1980,No Wave,peaceful,8,0,0.000000
1980,No Wave,playful,8,0,0.000000
1980,No Wave,sad,8,0,0.000000
1980,No Wave,sombre,8,0,0.000000
1980,No Wave,uplifting,8,0,0.000000
1980,Noise Pop,aggressive,3,0,0.000000
1980,Noise Pop,angry,3,0,0.000000
1980,Noise Pop,anxious,3,0,0.000000
1980,Noise Pop,bittersweet,3,0,0.000000
1980,Noise Pop,calm,3,0,0.000000
1980,Noise Pop,dark,3,0,0.000000
1980,Noise Pop,depressive,3,0,0.000000
1980,Noise Pop,happy,3,0,0.000000
1980,Noise Pop,melancholic,3,0,0.000000
1980,Noise Pop,optimistic,3,0,0.000000
1980,Noise Pop,peaceful,3,0,0.000000
1980,Noise Pop,playful,3,0,0.000000
1980,Noise Pop,sad,3,0,0.000000
1980,Noise Pop,sombre,3,0,0.000000
1980,Noise Pop,uplifting,3,0,0.000000
1980,Noise Rock,aggressive,24,6,0.250000
1980,Noise Rock,angry,24,7,0.291667
1980,Noise Rock,anxious,24,6,0.250000
1980,Noise Rock,bittersweet,24,0,0.000000
1980,Noise Rock,calm,24,0,0.000000
1980,Noise Rock,dark,24,10,0.416667
1980,Noise Rock,depressive,24,1,0.041667
1980,Noise Rock,happy,24,0,0.000000
1980,Noise Rock,melancholic,24,2,0.083333
1980,Noise Rock,optimistic,24,0,0.000000
1980,Noise Rock,peaceful,24,0,0.000000
1980,Noise Rock,playful,24,2,0.083333
1980,Noise Rock,sad,24,0,0.000000
1980,Noise Rock,sombre,24,1,0.041667
1980,Noise Rock,uplifting,24,0,0.000000
1980,Paisley Underground,aggressive,1,0,0.000000
1980,Paisley Underground,angry,1,0,0.000000
1980,Paisley Underground,anxious,1,0,0.000000
1980,Paisley Underground,bittersweet,1,0,0.000000
1980,Paisley Underground,calm,1,0,0.000000
1980,Paisley Underground,dark,1,0,0.000000
1980,Paisley Underground,depressive,1,0,0.000000
1980,Paisley Underground,happy,1,0,0.000000
1980,Paisley Underground,melancholic,1,0,0.000000
1980,Paisley Underground,optimistic,1,0,0.000000
1980,Paisley Underground,peaceful,1,0,0.000000
1980,Paisley Underground,playful,1,0,0.000000
1980,Paisley Underground,sad,1,0,0.000000
1980,Paisley Underground,sombre,1,0,0.000000
1980,Paisley Underground,uplifting,1,0,0.000000
1980,Political Hip Hop,aggressive,1,0,0.000000
1980,Political Hip Hop,angry,1,1,1.000000
1980,Political Hip Hop,anxious,1,0,0.000000
1980,Political Hip Hop,bittersweet,1,0,0.000000
1980,Political Hip Hop,calm,1,0,0.000000
1980,Political Hip Hop,dark,1,0,0.000000
1980,Political Hip Hop,depressive,1,0,0.000000
1980,Political Hip Hop,happy,1,0,0.000000
1980,Political Hip Hop,melancholic,1,0,0.000000
1980,Political Hip Hop,optimistic,1,0,0.000000
1980,Political Hip Hop,peaceful,1,0,0.000000
1980,Political Hip Hop,playful,1,0,0.000000
1980,Political Hip Hop,sad,1,0,0.000000
1980,Political Hip Hop,sombre,1,0,0.000000
1980,Political Hip Hop,uplifting,1,0,0.000000
1980,Pop,aggressive,6,0,0.000000
1980,Pop,angry,6,0,0.000000
1980,Pop,anxious,6,0,0.000000
1980,Pop,bittersweet,6,2,0.333333
1980,Pop,calm,6,0,0.000000
1980,Pop,dark,6,0,0.000000
1980,Pop,depressive,6,0,0.000000
1980,Pop,happy,6,1,0.166667
1980,Pop,melancholic,6,1,0.166667
1980,Pop,optimistic,6,2,0.333333
1980,Pop,peaceful,6,0,0.000000
1980,Pop,playful,6,3,0.500000
1980,Pop,sad,6,0,0.000000
1980,Pop,sombre,6,0,0.000000
1980,Pop,uplifting,6,3,0.500000
1980,Pop Rock,aggressive,63,0,0.000000
1980,Pop Rock,angry,63,0,0.000000
1980,Pop Rock,anxious,63,3,0.047619
1980,Pop Rock,bittersweet,63,20,0.317460
1980,Pop Rock,calm,63,0,0.000000
1980,Pop Rock,dark,63,0,0.000000
1980,Pop Rock,depressive,63,0,0.000000
1980,Pop Rock,happy,63,4,0.063492
1980,Pop Rock,melancholic,63,9,0.142857
1980,Pop Rock,optimistic,63,5,0.079365
1980,Pop Rock,peaceful,63,0,0.000000
1980,Pop Rock,playful,63,24,0.380952
1980,Pop Rock,sad,63,0,0.000000
1980,Pop Rock,sombre,63,0,0.000000
1980,Pop Rock,uplifting,63,18,0.285714
1980,Post-Bop,aggressive,1,0,0.000000
1980,Post-Bop,angry,1,0,0.000000
1980,Post-Bop,anxious,1,1,1.000000
1980,Post-Bop,bittersweet,1,0,0.000000
1980,Post-Bop,calm,1,0,0.000000
1980,Post-Bop,dark,1,0,0.000000
1980,Post-Bop,depressive,1,0,0.000000
1980,Post-Bop,happy,1,0,0.000000
1980,Post-Bop,melancholic,1,0,0.000000
1980,Post-Bop,optimistic,1,0,0.000000
1980,Post-Bop,peaceful,1,0,0.000000
1980,Post-Bop,playful,1,0,0.000000
1980,Post-Bop,sad,1,0,0.000000
1980,Post-Bop,sombre,1,0,0.000000
1980,Post-Bop,uplifting,1,0,0.000000
1980,Post-Hardcore,aggressive,10,5,0.500000
1980,Post-Hardcore,angry,10,5,0.500000
1980,Post-Hardcore,anxious,10,4,0.400000
1980,Post-Hardcore,bittersweet,10,0,0.000000
1980,Post-Hardcore,calm,10,0,0.000000
1980,Post-Hardcore,dark,10,0,0.000000
1980,Post-Hardcore,depressive,10,0,0.000000
1980,Post-Hardcore,happy,10,0,0.000000
1980,Post-Hardcore,melancholic,10,0,0.000000
1980,Post-Hardcore,optimistic,10,0,0.000000
1980,Post-Hardcore,peaceful,10,0,0.000000
1980,Post-Hardcore,playful,10,3,0.300000
1980,Post-Hardcore,sad,10,0,0.000000
1980,Post-Hardcore,sombre,10,0,0.000000
1980,Post-Hardcore,uplifting,10,0,0.000000
1980,Post-Industrial,aggressive,1,0,0.000000
1980,Post-Industrial,angry,1,0,0.000000
1980,Post-Industrial,anxious,1,1,1.000000
1980,Post-Industrial,bittersweet,1,0,0.000000
1980,Post-Industrial,calm,1,0,0.000000
1980,Post-Industrial,dark,1,1,1.000000
1980,Post-Industrial,depressive,1,0,0.000000
1980,Post-Industrial,happy,1,0,0.000000
1980,Post-Industrial,melancholic,1,0,0.000000
1980,Post-Industrial,optimistic,1,0,0.000000
1980,Post-Industrial,peaceful,1,0,0.000000
1980,Post-Industrial,playful,1,0,0.000000
1980,Post-Industrial,sad,1,0,0.000000
1980,Post-Industrial,sombre,1,0,0.000000
1980,Post-Industrial,uplifting,1,0,0.000000
1980,Post-Minimalism,aggressive,1,0,0.000000
1980,Post-Minimalism,angry,1,0,0.000000
1980,Post-Minimalism,anxious,1,0,0.000000
1980,Post-Minimalism,bittersweet,1,0,0.000000
1980,Post-Minimalism,calm,1,0,0.000000
1980,Post-Minimalism,dark,1,0,0.000000
1980,Post-Minimalism,depressive,1,0,0.000000
1980,Post-Minimalism,happy,1,0,0.000000
1980,Post-Minimalism,melancholic,1,0,0.000000
1980,Post-Minimalism,optimistic,1,0,0.000000
1980,Post-Minimalism,peaceful,1,0,0.000000
1980,Post-Minimalism,playful,1,0,0.000000
1980,Post-Minimalism,sad,1,0,0.000000
1980,Post-Minimalism,sombre,1,0,0.000000
1980,Post-Minimalism,uplifting,1,0,0.000000
1980,Post-Punk,aggressive,79,2,0.025316
1980,Post-Punk,angry,79,5,0.063291
1980,Post-Punk,anxious,79,41,0.518987
1980,Post-Punk,bittersweet,79,7,0.088608
1980,Post-Punk,calm,79,0,0.000000
1980,Post-Punk,dark,79,39,0.493671
1980,Post-Punk,depressive,79,9,0.113924
1980,Post-Punk,happy,79,0,0.000000
1980,Post-Punk,melancholic,79,22,0.278481
1980,Post-Punk,optimistic,79,1,0.012658
1980,Post-Punk,peaceful,79,0,0.000000
1980,Post-Punk,playful,79,17,0.215190
1980,Post-Punk,sad,79,2,0.025316
1980,Post-Punk,sombre,79,23,0.291139
1980,Post-Punk,uplifting,79,2,0.025316
1980,Post-Rock,aggressive,1,0,0.000000
1980,Post-Rock,angry,1,0,0.000000
1980,Post-Rock,anxious,1,0,0.000000
1980,Post-Rock,bittersweet,1,1,1.000000
1980,Post-Rock,calm,1,0,0.000000
1980,Post-Rock,dark,1,0,0.000000
1980,Post-Rock,depressive,1,0,0.000000
1980,Post-Rock,happy,1,0,0.000000
1980,Post-Rock,melancholic,1,0,0.000000
1980,Post-Rock,optimistic,1,0,0.000000
1980,Post-Rock,peaceful,1,1,1.000000
1980,Post-Rock,playful,1,0,0.000000
1980,Post-Rock,sad,1,0,0.000000
1980,Post-Rock,sombre,1,0,0.000000
1980,Post-Rock,uplifting,1,0,0.000000
1980,Power Metal,aggressive,4,1,0.250000
1980,Power Metal,angry,4,0,0.000000
1980,Power Metal,anxious,4,0,0.000000
1980,Power Metal,bittersweet,4,0,0.000000
1980,Power Metal,calm,4,0,0.000000
1980,Power Metal,dark,4,0,0.000000
1980,Power Metal,depressive,4,0,0.000000
1980,Power Metal,happy,4,1,0.250000
1980,Power Metal,melancholic,4,0,0.000000
1980,Power Metal,optimistic,4,2,0.500000
1980,Power Metal,peaceful,4,0,0.000000
1980,Power Metal,playful,4,0,0.000000
1980,Power Metal,sad,4,0,0.000000
1980,Power Metal,sombre,4,0,0.000000
1980,Power Metal,uplifting,4,2,0.500000
1980,Power Pop,aggressive,2,0,0.000000
1980,Power Pop,angry,2,0,0.000000
1980,Power Pop,anxious,2,1,0.500000
1980,Power Pop,bittersweet,2,2,1.000000
1980,Power Pop,calm,2,0,0.000000
1980,Power Pop,dark,2,0,0.000000
1980,Power Pop,depressive,2,0,0.000000
1980,Power Pop,happy,2,0,0.000000
1980,Power Pop,melancholic,2,2,1.000000
1980,Power Pop,optimistic,2,0,0.000000
1980,Power Pop,peaceful,2,0,0.000000
1980,Power Pop,playful,2,0,0.000000
1980,Power Pop,sad,2,0,0.000000
1980,Power Pop,sombre,2,0,0.000000
1980,Power Pop,uplifting,2,0,0.000000
1980,Progressive Electronic,aggressive,1,0,0.000000
1980,Progressive Electronic,angry,1,0,0.000000
1980,Progressive Electronic,anxious,1,0,0.000000
1980,Progressive Electronic,bittersweet,1,0,0.000000
1980,Progressive Electronic,calm,1,0,0.000000
1980,Progressive Electronic,dark,1,0,0.000000
1980,Progressive Electronic,depressive,1,0,0.000000
1980,Progressive Electronic,happy,1,0,0.000000
1980,Progressive Electronic,melancholic,1,0,0.000000
1980,Progressive Electronic,optimistic,1,0,0.000000
1980,Progressive Electronic,peaceful,1,0,0.000000
1980,Progressive Electronic,playful,1,0,0.000000
1980,Progressive Electronic,sad,1,0,0.000000
1980,Progressive Electronic,sombre,1,0,0.000000
1980,Progressive Electronic,uplifting,1,0,0.000000
1980,Progressive Metal,aggressive,5,0,0.000000
1980,Progressive Metal,angry,5,0,0.000000
1980,Progressive Metal,anxious,5,0,0.000000
1980,Progressive Metal,bittersweet,5,0,0.000000
1980,Progressive Metal,calm,5,0,0.000000
1980,Progressive Metal,dark,5,0,0.000000
1980,Progressive Metal,depressive,5,0,0.000000
1980,Progressive Metal,happy,5,0,0.000000
1980,Progressive Metal,melancholic,5,0,0.000000
1980,Progressive Metal,optimistic,5,0,0.000000
1980,Progressive Metal,peaceful,5,0,0.000000
1980,Progressive Metal,playful,5,0,0.000000
1980,Progressive Metal,sad,5,0,0.000000
1980,Progressive Metal,sombre,5,0,0.000000
1980,Progressive Metal,uplifting,5,1,0.200000
1980,Progressive Pop,aggressive,7,0,0.000000
1980,Progressive Pop,angry,7,0,0.000000
1980,Progressive Pop,anxious,7,1,0.142857
1980,Progressive Pop,bittersweet,7,0,0.000000
1980,Progressive Pop,calm,7,0,0.000000
1980,Progressive Pop,dark,7,0,0.000000
1980,Progressive Pop,depressive,7,0,0.000000
1980,Progressive Pop,happy,7,0,0.000000
1980,Progressive Pop,melancholic,7,0,0.000000
1980,Progressive Pop,optimistic,7,1,0.142857
1980,Progressive Pop,peaceful,7,0,0.000000
1980,Progressive Pop,playful,7,3,0.428571
1980,Progressive Pop,sad,7,0,0.000000
1980,Progressive Pop,sombre,7,0,0.000000
1980,Progressive Pop,uplifting,7,1,0.142857
1980,Progressive Rock,aggressive,15,0,0.000000
1980,Progressive Rock,angry,15,0,0.000000
1980,Progressive Rock,anxious,15,5,0.333333
1980,Progressive Rock,bittersweet,15,2,0.133333
1980,Progressive Rock,calm,15,0,0.000000
1980,Progressive Rock,dark,15,0,0.000000
1980,Progressive Rock,depressive,15,0,0.000000
1980,Progressive Rock,happy,15,0,0.000000
1980,Progressive Rock,melancholic,15,1,0.066667
1980,Progressive Rock,optimistic,15,2,0.133333
1980,Progressive Rock,peaceful,15,0,0.000000
1980,Progressive Rock,playful,15,2,0.133333
1980,Progressive Rock,sad,15,0,0.000000
1980,Progressive Rock,sombre,15,0,0.000000
1980,Progressive Rock,uplifting,15,3,0.200000
1980,Psychedelic Pop,aggressive,2,0,0.000000
1980,Psychedelic Pop,angry,2,0,0.000000
1980,Psychedelic Pop,anxious,2,0,0.000000
1980,Psychedelic Pop,bittersweet,2,2,1.000000
1980,Psychedelic Pop,calm,2,0,0.000000
1980,Psychedelic Pop,dark,2,0,0.000000
1980,Psychedelic Pop,depressive,2,0,0.000000
1980,Psychedelic Pop,happy,2,0,0.000000
1980,Psychedelic Pop,melancholic,2,0,0.000000
1980,Psychedelic Pop,optimistic,2,0,0.000000
1980,Psychedelic Pop,peaceful,2,0,0.000000
1980,Psychedelic Pop,playful,2,1,0.500000
1980,Psychedelic Pop,sad,2,0,0.000000
1980,Psychedelic Pop,sombre,2,0,0.000000
1980,Psychedelic Pop,uplifting,2,0,0.000000
1980,Psychedelic Rock,aggressive,1,0,0.000000
1980,Psychedelic Rock,angry,1,0,0.000000
1980,Psychedelic Rock,anxious,1,0,0.000000
1980,Psychedelic Rock,bittersweet,1,0,0.000000
1980,Psychedelic Rock,calm,1,0,0.000000
1980,Psychedelic Rock,dark,1,0,0.000000
1980,Psychedelic Rock,depressive,1,0,0.000000
1980,Psychedelic Rock,happy,1,0,0.000000
1980,Psychedelic Rock,melancholic,1,0,0.000000
1980,Psychedelic Rock,optimistic,1,0,0.000000
1980,Psychedelic Rock,peaceful,1,0,0.000000
1980,Psychedelic Rock,playful,1,0,0.000000
1980,Psychedelic Rock,sad,1,0,0.000000
1980,Psychedelic Rock,sombre,1,0,0.000000
1980,Psychedelic Rock,uplifting,1,0,0.000000
1980,Psychedelic Soul,aggressive,2,0,0.000000
1980,Psychedelic Soul,angry,2,0,0.000000
1980,Psychedelic Soul,anxious,2,0,0.000000
1980,Psychedelic Soul,bittersweet,2,0,0.000000
1980,Psychedelic Soul,calm,2,0,0.000000
1980,Psychedelic Soul,dark,2,0,0.000000
1980,Psychedelic Soul,depressive,2,0,0.000000
1980,Psychedelic Soul,happy,2,0,0.000000
1980,Psychedelic Soul,melancholic,2,0,0.000000
1980,Psychedelic Soul,optimistic,2,0,0.000000
1980,Psychedelic Soul,peaceful,2,0,0.000000
1980,Psychedelic Soul,playful,2,1,0.500000
1980,Psychedelic Soul,sad,2,0,0.000000
1980,Psychedelic Soul,sombre,2,0,0.000000
1980,Psychedelic Soul,uplifting,2,0,0.000000
1980,Psychobilly,aggressive,2,0,0.000000
1980,Psychobilly,angry,2,0,0.000000
1980,Psychobilly,anxious,2,0,0.000000
1980,Psychobilly,bittersweet,2,0,0.000000
1980,Psychobilly,calm,2,0,0.000000
1980,Psychobilly,dark,2,1,0.500000
1980,Psychobilly,depressive,2,0,0.000000
1980,Psychobilly,happy,2,0,0.000000
1980,Psychobilly,melancholic,2,0,0.000000
1980,Psychobilly,optimistic,2,0,0.000000
1980,Psychobilly,peaceful,2,0,0.000000
1980,Psychobilly,playful,2,1,0.500000
1980,Psychobilly,sad,2,0,0.000000
1980,Psychobilly,sombre,2,0,0.000000
1980,Psychobilly,uplifting,2,0,0.000000
1980,Punk Blues,aggressive,5,0,0.000000
1980,Punk Blues,angry,5,0,0.000000
1980,Punk Blues,anxious,5,1,0.200000
1980,Punk Blues,bittersweet,5,0,0.000000
1980,Punk Blues,calm,5,0,0.000000
1980,Punk Blues,dark,5,4,0.800000
1980,Punk Blues,depressive,5,1,0.200000
1980,Punk Blues,happy,5,0,0.000000
1980,Punk Blues,melancholic,5,0,0.000000
1980,Punk Blues,optimistic,5,0,0.000000
1980,Punk Blues,peaceful,5,0,0.000000
1980,Punk Blues,playful,5,0,0.000000
1980,Punk Blues,sad,5,0,0.000000
1980,Punk Blues,sombre,5,2,0.400000
1980,Punk Blues,uplifting,5,0,0.000000
1980,Punk Rock,aggressive,15,2,0.133333
1980,Punk Rock,angry,15,6,0.400000
1980,Punk Rock,anxious,15,4,0.266667
1980,Punk Rock,bittersweet,15,1,0.066667
1980,Punk Rock,calm,15,0,0.000000
1980,Punk Rock,dark,15,4,0.266667
1980,Punk Rock,depressive,15,1,0.066667
1980,Punk Rock,happy,15,0,0.000000
1980,Punk Rock,melancholic,15,0,0.000000
1980,Punk Rock,optimistic,15,0,0.000000
1980,Punk Rock,peaceful,15,0,0.000000
1980,Punk Rock,playful,15,1,0.066667
1980,Punk Rock,sad,15,0,0.000000
1980,Punk Rock,sombre,15,2,0.133333
1980,Punk Rock,uplifting,15,0,0.000000
1980,Rap Rock,aggressive,1,0,0.000000
1980,Rap Rock,angry,1,0,0.000000
1980,Rap Rock,anxious,1,0,0.000000
1980,Rap Rock,bittersweet,1,0,0.000000
1980,Rap Rock,calm,1,0,0.000000
1980,Rap Rock,dark,1,0,0.000000
1980,Rap Rock,depressive,1,0,0.000000
1980,Rap Rock,happy,1,1,1.000000
1980,Rap Rock,melancholic,1,0,0.000000
1980,Rap Rock,optimistic,1,0,0.000000
1980,Rap Rock,peaceful,1,0,0.000000
1980,Rap Rock,playful,1,0,0.000000
1980,Rap Rock,sad,1,0,0.000000
1980,Rap Rock,sombre,1,0,0.000000
1980,Rap Rock,uplifting,1,1,1.000000
1980,Rock,aggressive,5,0,0.000000
1980,Rock,angry,5,0,0.000000
1980,Rock,anxious,5,0,0.000000
1980,Rock,bittersweet,5,0,0.000000
1980,Rock,calm,5,0,0.000000
1980,Rock,dark,5,0,0.000000
1980,Rock,depressive,5,0,0.000000
1980,Rock,happy,5,0,0.000000
1980,Rock,melancholic,5,0,0.000000
1980,Rock,optimistic,5,0,0.000000
1980,Rock,peaceful,5,0,0.000000
1980,Rock,playful,5,2,0.400000
1980,Rock,sad,5,0,0.000000
1980,Rock,sombre,5,0,0.000000
1980,Rock,uplifting,5,1,0.200000
1980,Rock Opera,aggressive,2,0,0.000000
1980,Rock Opera,angry,2,0,0.000000
1980,Rock Opera,anxious,2,1,0.500000
1980,Rock Opera,bittersweet,2,2,1.000000
1980,Rock Opera,calm,2,0,0.000000
1980,Rock Opera,dark,2,0,0.000000
1980,Rock Opera,depressive,2,0,0.000000
1980,Rock Opera,happy,2,0,0.000000
1980,Rock Opera,melancholic,2,1,0.500000
1980,Rock Opera,optimistic,2,0,0.000000
1980,Rock Opera,peaceful,2,0,0.000000
1980,Rock Opera,playful,2,0,0.000000
1980,Rock Opera,sad,2,0,0.000000
1980,Rock Opera,sombre,2,0,0.000000
1980,Rock Opera,uplifting,2,0,0.000000
1980,Roots Reggae,aggressive,1,0,0.000000
1980,Roots Reggae,angry,1,0,0.000000
1980,Roots Reggae,anxious,1,0,0.000000
1980,Roots Reggae,bittersweet,1,0,0.000000
1980,Roots Reggae,calm,1,0,0.000000
1980,Roots Reggae,dark,1,0,0.000000
1980,Roots Reggae,depressive,1,0,0.000000
1980,Roots Reggae,happy,1,1,1.000000
1980,Roots Reggae,melancholic,1,0,0.000000
1980,Roots Reggae,optimistic,1,0,0.000000
1980,Roots Reggae,peaceful,1,0,0.000000
1980,Roots Reggae,playful,1,0,0.000000
1980,Roots Reggae,sad,1,0,0.000000
1980,Roots Reggae,sombre,1,0,0.000000
1980,Roots Reggae,uplifting,1,1,1.000000
1980,Roots Rock,aggressive,1,0,0.000000
1980,Roots Rock,angry,1,0,0.000000
1980,Roots Rock,anxious,1,0,0.000000
1980,Roots Rock,bittersweet,1,1,1.000000
1980,Roots Rock,calm,1,0,0.000000
1980,Roots Rock,dark,1,0,0.000000
1980,Roots Rock,depressive,1,0,0.000000
1980,Roots Rock,happy,1,0,0.000000
1980,Roots Rock,melancholic,1,0,0.000000
1980,Roots Rock,optimistic,1,0,0.000000
1980,Roots Rock,peaceful,1,0,0.000000
1980,Roots Rock,playful,1,0,0.000000
1980,Roots Rock,sad,1,0,0.000000
1980,Roots Rock,sombre,1,0,0.000000
1980,Roots Rock,uplifting,1,0,0.000000
1980,Satire,aggressive,1,0,0.000000
1980,Satire,angry,1,0,0.000000
1980,Satire,anxious,1,0,0.000000
1980,Satire,bittersweet,1,0,0.000000
1980,Satire,calm,1,0,0.000000
1980,Satire,dark,1,1,1.000000
1980,Satire,depressive,1,0,0.000000
1980,Satire,happy,1,0,0.000000
1980,Satire,melancholic,1,0,0.000000
1980,Satire,optimistic,1,0,0.000000
1980,Satire,peaceful,1,0,0.000000
1980,Satire,playful,1,1,1.000000
1980,Satire,sad,1,0,0.000000
1980,Satire,sombre,1,0,0.000000
1980,Satire,uplifting,1,0,0.000000
1980,Shoegaze,aggressive,1,0,0.000000
1980,Shoegaze,angry,1,0,0.000000
1980,Shoegaze,anxious,1,0,0.000000
1980,Shoegaze,bittersweet,1,0,0.000000
1980,Shoegaze,calm,1,0,0.000000
1980,Shoegaze,dark,1,0,0.000000
1980,Shoegaze,depressive,1,0,0.000000
1980,Shoegaze,happy,1,0,0.000000
1980,Shoegaze,melancholic,1,0,0.000000
1980,Shoegaze,optimistic,1,0,0.000000
1980,Shoegaze,peaceful,1,0,0.000000
1980,Shoegaze,playful,1,0,0.000000
1980,Shoegaze,sad,1,0,0.000000
1980,Shoegaze,sombre,1,0,0.000000
1980,Shoegaze,uplifting,1,0,0.000000
1980,Singer-Songwriter,aggressive,19,0,0.000000
1980,Singer-Songwriter,angry,19,1,0.052632
1980,Singer-Songwriter,anxious,19,2,0.105263
1980,Singer-Songwriter,bittersweet,19,4,0.210526
1980,Singer-Songwriter,calm,19,1,0.052632
1980,Singer-Songwriter,dark,19,5,0.263158
1980,Singer-Songwriter,depressive,19,2,0.105263
1980,Singer-Songwriter,happy,19,0,0.000000
1980,Singer-Songwriter,melancholic,19,4,0.210526
1980,Singer-Songwriter,optimistic,19,0,0.000000
1980,Singer-Songwriter,peaceful,19,0,0.000000
1980,Singer-Songwriter,playful,19,2,0.105263
1980,Singer-Songwriter,sad,19,2,0.105263
1980,Singer-Songwriter,sombre,19,1,0.052632
1980,Singer-Songwriter,uplifting,19,0,0.000000
1980,Skate Punk,aggressive,4,2,0.500000
1980,Skate Punk,angry,4,3,0.750000
1980,Skate Punk,anxious,4,1,0.250000
1980,Skate Punk,bittersweet,4,0,0.000000
1980,Skate Punk,calm,4,0,0.000000
1980,Skate Punk,dark,4,0,0.000000
1980,Skate Punk,depressive,4,0,0.000000
1980,Skate Punk,happy,4,0,0.000000
1980,Skate Punk,melancholic,4,0,0.000000
1980,Skate Punk,optimistic,4,0,0.000000
1980,Skate Punk,peaceful,4,0,0.000000
1980,Skate Punk,playful,4,2,0.500000
1980,Skate Punk,sad,4,0,0.000000
1980,Skate Punk,sombre,4,0,0.000000
1980,Skate Punk,uplifting,4,0,0.000000
1980,Slowcore,aggressive,2,0,0.000000
1980,Slowcore,angry,2,0,0.000000
1980,Slowcore,anxious,2,0,0.000000
1980,Slowcore,bittersweet,2,1,0.500000
1980,Slowcore,calm,2,1,0.500000
1980,Slowcore,dark,2,0,0.000000
1980,Slowcore,depressive,2,0,0.000000
1980,Slowcore,happy,2,0,0.000000
1980,Slowcore,melancholic,2,2,1.000000
1980,Slowcore,optimistic,2,0,0.000000
1980,Slowcore,peaceful,2,0,0.000000
1980,Slowcore,playful,2,0,0.000000
1980,Slowcore,sad,2,0,0.000000
1980,Slowcore,sombre,2,0,0.000000
1980,Slowcore,uplifting,2,0,0.000000
1980,Sludge Metal,aggressive,3,3,1.000000
1980,Sludge Metal,angry,3,2,0.666667
1980,Sludge Metal,anxious,3,1,0.333333
1980,Sludge Metal,bittersweet,3,0,0.000000
1980,Sludge Metal,calm,3,0,0.000000
1980,Sludge Metal,dark,3,3,1.000000
1980,Sludge Metal,depressive,3,0,0.000000
1980,Sludge Metal,happy,3,0,0.000000
1980,Sludge Metal,melancholic,3,0,0.000000
1980,Sludge Metal,optimistic,3,0,0.000000
1980,Sludge Metal,peaceful,3,0,0.000000
1980,Sludge Metal,playful,3,0,0.000000
1980,Sludge Metal,sad,3,0,0.000000
1980,Sludge Metal,sombre,3,0,0.000000
1980,Sludge Metal,uplifting,3,0,0.000000
1980,Smooth Soul,aggressive,2,0,0.000000
1980,Smooth Soul,angry,2,0,0.000000
1980,Smooth Soul,anxious,2,0,0.000000
1980,Smooth Soul,bittersweet,2,0,0.000000
1980,Smooth Soul,calm,2,2,1.000000
1980,Smooth Soul,dark,2,0,0.000000
1980,Smooth Soul,depressive,2,0,0.000000
1980,Smooth Soul,happy,2,0,0.000000
1980,Smooth Soul,melancholic,2,0,0.000000
1980,Smooth Soul,optimistic,2,0,0.000000
1980,Smooth Soul,peaceful,2,0,0.000000
1980,Smooth Soul,playful,2,0,0.000000
1980,Smooth Soul,sad,2,0,0.000000
1980,Smooth Soul,sombre,2,0,0.000000
1980,Smooth Soul,uplifting,2,0,0.000000
1980,Soft Rock,aggressive,1,0,0.000000
1980,Soft Rock,angry,1,0,0.000000
1980,Soft Rock,anxious,1,0,0.000000
1980,Soft Rock,bittersweet,1,1,1.000000
1980,Soft Rock,calm,1,0,0.000000
1980,Soft Rock,dark,1,0,0.000000
1980,Soft Rock,depressive,1,0,0.000000
1980,Soft Rock,happy,1,0,0.000000
1980,Soft Rock,melancholic,1,1,1.000000
1980,Soft Rock,optimistic,1,0,0.000000
1980,Soft Rock,peaceful,1,0,0.000000
1980,Soft Rock,playful,1,0,0.000000
1980,Soft Rock,sad,1,0,0.000000
1980,Soft Rock,sombre,1,0,0.000000
1980,Soft Rock,uplifting,1,0,0.000000
1980,Sophisti-Pop,aggressive,9,0,0.000000
1980,Sophisti-Pop,angry,9,0,0.000000
1980,Sophisti-Pop,anxious,9,0,0.000000
1980,Sophisti-Pop,bittersweet,9,4,0.444444
1980,Sophisti-Pop,calm,9,2,0.222222
1980,Sophisti-Pop,dark,9,0,0.000000
1980,Sophisti-Pop,depressive,9,0,0.000000
1980,Sophisti-Pop,happy,9,0,0.000000
1980,Sophisti-Pop,melancholic,9,4,0.444444
1980,Sophisti-Pop,optimistic,9,0,0.000000
1980,Sophisti-Pop,peaceful,9,0,0.000000
1980,Sophisti-Pop,playful,9,0,0.000000
1980,Sophisti-Pop,sad,9,0,0.000000
1980,Sophisti-Pop,sombre,9,0,0.000000
1980,Sophisti-Pop,uplifting,9,0,0.000000
1980,Southern Rock,aggressive,1,0,0.000000
1980,Southern Rock,angry,1,0,0.000000
1980,Southern Rock,anxious,1,0,0.000000
1980,Southern Rock,bittersweet,1,0,0.000000
1980,Southern Rock,calm,1,0,0.000000
1980,Southern Rock,dark,1,0,0.000000
1980,Southern Rock,depressive,1,0,0.000000
1980,Southern Rock,happy,1,0,0.000000
1980,Southern Rock,melancholic,1,0,0.000000
1980,Southern Rock,optimistic,1,0,0.000000
1980,Southern Rock,peaceful,1,0,0.000000
1980,Southern Rock,playful,1,1,1.000000
1980,Southern Rock,sad,1,0,0.000000
1980,Southern Rock,sombre,1,0,0.000000
1980,Southern Rock,uplifting,1,1,1.000000
1980,Space Ambient,aggressive,2,0,0.000000
1980,Space Ambient,angry,2,0,0.000000
1980,Space Ambient,anxious,2,0,0.000000
1980,Space Ambient,bittersweet,2,0,0.000000
1980,Space Ambient,calm,2,2,1.000000
1980,Space Ambient,dark,2,0,0.000000
1980,Space Ambient,depressive,2,0,0.000000
1980,Space Ambient,happy,2,0,0.000000
1980,Space Ambient,melancholic,2,0,0.000000
1980,Space Ambient,optimistic,2,0,0.000000
1980,Space Ambient,peaceful,2,2,1.000000
1980,Space Ambient,playful,2,0,0.000000
1980,Space Ambient,sad,2,0,0.000000
1980,Space Ambient,sombre,2,0,0.000000
1980,Space Ambient,uplifting,2,0,0.000000
1980,Space Rock,aggressive,1,0,0.000000
1980,Space Rock,angry,1,0,0.000000
1980,Space Rock,anxious,1,0,0.000000
1980,Space Rock,bittersweet,1,0,0.000000
1980,Space Rock,calm,1,0,0.000000
1980,Space Rock,dark,1,0,0.000000
1980,Space Rock,depressive,1,0,0.000000
1980,Space Rock,happy,1,0,0.000000
1980,Space Rock,melancholic,1,1,1.000000
1980,Space Rock,optimistic,1,0,0.000000
1980,Space Rock,peaceful,1,0,0.000000
1980,Space Rock,playful,1,0,0.000000
1980,Space Rock,sad,1,0,0.000000
1980,Space Rock,sombre,1,0,0.000000
1980,Space Rock,uplifting,1,0,0.000000
1980,Space Rock Revival,aggressive,2,0,0.000000
1980,Space Rock Revival,angry,2,0,0.000000
1980,Space Rock Revival,anxious,2,0,0.000000
1980,Space Rock Revival,bittersweet,2,0,0.000000
1980,Space Rock Revival,calm,2,0,0.000000
1980,Space Rock Revival,dark,2,0,0.000000
1980,Space Rock Revival,depressive,2,0,0.000000
1980,Space Rock Revival,happy,2,0,0.000000
1980,Space Rock Revival,melancholic,2,1,0.500000
1980,Space Rock Revival,optimistic,2,0,0.000000
1980,Space Rock Revival,peaceful,2,0,0.000000
1980,Space Rock Revival,playful,2,0,0.000000
1980,Space Rock Revival,sad,2,0,0.000000
1980,Space Rock Revival,sombre,2,0,0.000000
1980,Space Rock Revival,uplifting,2,0,0.000000
1980,Speed Metal,aggressive,7,5,0.714286
1980,Speed Metal,angry,7,4,0.571429
1980,Speed Metal,anxious,7,0,0.000000
1980,Speed Metal,bittersweet,7,0,0.000000
1980,Speed Metal,calm,7,0,0.000000
1980,Speed Metal,dark,7,1,0.142857
1980,Speed Metal,depressive,7,0,0.000000
1980,Speed Metal,happy,7,0,0.000000
1980,Speed Metal,melancholic,7,0,0.000000
1980,Speed Metal,optimistic,7,0,0.000000
1980,Speed Metal,peaceful,7,0,0.000000
1980,Speed Metal,playful,7,0,0.000000
1980,Speed Metal,sad,7,0,0.000000
1980,Speed Metal,sombre,7,0,0.000000
1980,Speed Metal,uplifting,7,0,0.000000
1980,Surf Punk,aggressive,1,0,0.000000
1980,Surf Punk,angry,1,1,1.000000
1980,Surf Punk,anxious,1,1,1.000000
1980,Surf Punk,bittersweet,1,0,0.000000
1980,Surf Punk,calm,1,0,0.000000
1980,Surf Punk,dark,1,0,0.000000
1980,Surf Punk,depressive,1,0,0.000000
1980,Surf Punk,happy,1,0,0.000000
1980,Surf Punk,melancholic,1,0,0.000000
1980,Surf Punk,optimistic,1,0,0.000000
1980,Surf Punk,peaceful,1,0,0.000000
1980,Surf Punk,playful,1,0,0.000000
1980,Surf Punk,sad,1,0,0.000000
1980,Surf Punk,sombre,1,0,0.000000
1980,Surf Punk,uplifting,1,0,0.000000
1980,Symphonic Prog,aggressive,1,0,0.000000
1980,Symphonic Prog,angry,1,0,0.000000
1980,Symphonic Prog,anxious,1,0,0.000000
1980,Symphonic Prog,bittersweet,1,0,0.000000
1980,Symphonic Prog,calm,1,0,0.000000
1980,Symphonic Prog,dark,1,0,0.000000
1980,Symphonic Prog,depressive,1,0,0.000000
1980,Symphonic Prog,happy,1,0,0.000000
1980,Symphonic Prog,melancholic,1,0,0.000000
1980,Symphonic Prog,optimistic,1,0,0.000000
1980,Symphonic Prog,peaceful,1,0,0.000000
1980,Symphonic Prog,playful,1,0,0.000000
1980,Symphonic Prog,sad,1,0,0.000000
1980,Symphonic Prog,sombre,1,0,0.000000
1980,Symphonic Prog,uplifting,1,0,0.000000
1980,Synth Funk,aggressive,5,0,0.000000
1980,Synth Funk,angry,5,0,0.000000
1980,Synth Funk,anxious,5,1,0.200000
1980,Synth Funk,bittersweet,5,0,0.000000
1980,Synth Funk,calm,5,0,0.000000
1980,Synth Funk,dark,5,0,0.000000
1980,Synth Funk,depressive,5,0,0.000000
1980,Synth Funk,happy,5,0,0.000000
1980,Synth Funk,melancholic,5,0,0.000000
1980,Synth Funk,optimistic,5,0,0.000000
1980,Synth Funk,peaceful,5,0,0.000000
1980,Synth Funk,playful,5,4,0.800000
1980,Synth Funk,sad,5,0,0.000000
1980,Synth Funk,sombre,5,0,0.000000
1980,Synth Funk,uplifting,5,0,0.000000
1980,Synth Punk,aggressive,2,0,0.000000
1980,Synth Punk,angry,2,0,0.000000
1980,Synth Punk,anxious,2,2,1.000000
1980,Synth Punk,bittersweet,2,0,0.000000
1980,Synth Punk,calm,2,0,0.000000
1980,Synth Punk,dark,2,2,1.000000
1980,Synth Punk,depressive,2,0,0.000000
1980,Synth Punk,happy,2,0,0.000000
1980,Synth Punk,melancholic,2,0,0.000000
1980,Synth Punk,optimistic,2,0,0.000000
1980,Synth Punk,peaceful,2,0,0.000000
1980,Synth Punk,playful,2,1,0.500000
1980,Synth Punk,sad,2,0,0.000000
1980,Synth Punk,sombre,2,0,0.000000
1980,Synth Punk,uplifting,2,0,0.000000
1980,Synthpop,aggressive,36,0,0.000000
1980,Synthpop,angry,36,0,0.000000
1980,Synthpop,anxious,36,6,0.166667
1980,Synthpop,bittersweet,36,11,0.305556
1980,Synthpop,calm,36,0,0.000000
1980,Synthpop,dark,36,5,0.138889
1980,Synthpop,depressive,36,1,0.027778
1980,Synthpop,happy,36,1,0.027778
1980,Synthpop,melancholic,36,16,0.444444
1980,Synthpop,optimistic,36,1,0.027778
1980,Synthpop,peaceful,36,0,0.000000
1980,Synthpop,playful,36,12,0.333333
1980,Synthpop,sad,36,1,0.027778
1980,Synthpop,sombre,36,6,0.166667
1980,Synthpop,uplifting,36,4,0.111111
1980,Tape Music,aggressive,1,0,0.000000
1980,Tape Music,angry,1,0,0.000000
1980,Tape Music,anxious,1,0,0.000000
1980,Tape Music,bittersweet,1,1,1.000000
1980,Tape Music,calm,1,0,0.000000
1980,Tape Music,dark,1,0,0.000000
1980,Tape Music,depressive,1,0,0.000000
1980,Tape Music,happy,1,0,0.000000
1980,Tape Music,melancholic,1,0,0.000000
1980,Tape Music,optimistic,1,0,0.000000
1980,Tape Music,peaceful,1,1,1.000000
1980,Tape Music,playful,1,1,1.000000
1980,Tape Music,sad,1,0,0.000000
1980,Tape Music,sombre,1,0,0.000000
1980,Tape Music,uplifting,1,0,0.000000
1980,Technical Thrash Metal,aggressive,5,4,0.800000
1980,Technical Thrash Metal,angry,5,0,0.000000
1980,Technical Thrash Metal,anxious,5,0,0.000000
1980,Technical Thrash Metal,bittersweet,5,0,0.000000
1980,Technical Thrash Metal,calm,5,0,0.000000
1980,Technical Thrash Metal,dark,5,1,0.200000
1980,Technical Thrash Metal,depressive,5,0,0.000000
1980,Technical Thrash Metal,happy,5,0,0.000000
1980,Technical Thrash Metal,melancholic,5,0,0.000000
1980,Technical Thrash Metal,optimistic,5,0,0.000000
1980,Technical Thrash Metal,peaceful,5,0,0.000000
1980,Technical Thrash Metal,playful,5,0,0.000000
1980,Technical Thrash Metal,sad,5,0,0.000000
1980,Technical Thrash Metal,sombre,5,0,0.000000
1980,Technical Thrash Metal,uplifting,5,0,0.000000
1980,Thrash Metal,aggressive,40,36,0.900000
1980,Thrash Metal,angry,40,21,0.525000
1980,Thrash Metal,anxious,40,0,0.000000
1980,Thrash Metal,bittersweet,40,0,0.000000
1980,Thrash Metal,calm,40,0,0.000000
1980,Thrash Metal,dark,40,22,0.550000
1980,Thrash Metal,depressive,40,0,0.000000
1980,Thrash Metal,happy,40,0,0.000000
1980,Thrash Metal,melancholic,40,0,0.000000
1980,Thrash Metal,optimistic,40,0,0.000000
1980,Thrash Metal,peaceful,40,0,0.000000
1980,Thrash Metal,playful,40,0,0.000000
1980,Thrash Metal,sad,40,0,0.000000
1980,Thrash Metal,sombre,40,1,0.025000
1980,Thrash Metal,uplifting,40,0,0.000000
1980,Totalism,aggressive,1,0,0.000000
1980,Totalism,angry,1,0,0.000000
1980,Totalism,anxious,1,0,0.000000
1980,Totalism,bittersweet,1,0,0.000000
1980,Totalism,calm,1,0,0.000000
1980,Totalism,dark,1,0,0.000000
1980,Totalism,depressive,1,0,0.000000
1980,Totalism,happy,1,0,0.000000
1980,Totalism,melancholic,1,0,0.000000
1980,Totalism,optimistic,1,0,0.000000
1980,Totalism,peaceful,1,0,0.000000
1980,Totalism,playful,1,0,0.000000
1980,Totalism,sad,1,0,0.000000
1980,Totalism,sombre,1,0,0.000000
1980,Totalism,uplifting,1,0,0.000000
1980,Traditional Doom Metal,aggressive,5,0,0.000000
1980,Traditional Doom Metal,angry,5,0,0.000000
1980,Traditional Doom Metal,anxious,5,1,0.200000
1980,Traditional Doom Metal,bittersweet,5,0,0.000000
1980,Traditional Doom Metal,calm,5,0,0.000000
1980,Traditional Doom Metal,dark,5,4,0.800000
1980,Traditional Doom Metal,depressive,5,1,0.200000
1980,Traditional Doom Metal,happy,5,0,0.000000
1980,Traditional Doom Metal,melancholic,5,0,0.000000
1980,Traditional Doom Metal,optimistic,5,0,0.000000
1980,Traditional Doom Metal,peaceful,5,0,0.000000
1980,Traditional Doom Metal,playful,5,0,0.000000
1980,Traditional Doom Metal,sad,5,0,0.000000
1980,Traditional Doom Metal,sombre,5,3,0.600000
1980,Traditional Doom Metal,uplifting,5,0,0.000000
1980,Tribal Ambient,aggressive,1,0,0.000000
1980,Tribal Ambient,angry,1,0,0.000000
1980,Tribal Ambient,anxious,1,0,0.000000
1980,Tribal Ambient,bittersweet,1,0,0.000000
1980,Tribal Ambient,calm,1,0,0.000000
1980,Tribal Ambient,dark,1,0,0.000000
1980,Tribal Ambient,depressive,1,0,0.000000
1980,Tribal Ambient,happy,1,0,0.000000
1980,Tribal Ambient,melancholic,1,0,0.000000
1980,Tribal Ambient,optimistic,1,0,0.000000
1980,Tribal Ambient,peaceful,1,0,0.000000
1980,Tribal Ambient,playful,1,0,0.000000
1980,Tribal Ambient,sad,1,0,0.000000
1980,Tribal Ambient,sombre,1,0,0.000000
1980,Tribal Ambient,uplifting,1,0,0.000000
1980,Twee Pop,aggressive,3,0,0.000000
1980,Twee Pop,angry,3,0,0.000000
1980,Twee Pop,anxious,3,0,0.000000
1980,Twee Pop,bittersweet,3,3,1.000000
1980,Twee Pop,calm,3,0,0.000000
1980,Twee Pop,dark,3,0,0.000000
1980,Twee Pop,depressive,3,0,0.000000
1980,Twee Pop,happy,3,0,0.000000
1980,Twee Pop,melancholic,3,1,0.333333
1980,Twee Pop,optimistic,3,1,0.333333
1980,Twee Pop,peaceful,3,0,0.000000
1980,Twee Pop,playful,3,2,0.666667
1980,Twee Pop,sad,3,0,0.000000
1980,Twee Pop,sombre,3,0,0.000000
1980,Twee Pop,uplifting,3,0,0.000000
1980,USPower Metal,aggressive,5,0,0.000000
1980,USPower Metal,angry,5,1,0.200000
1980,USPower Metal,anxious,5,0,0.000000
1980,USPower Metal,bittersweet,5,0,0.000000
1980,USPower Metal,calm,5,0,0.000000
1980,USPower Metal,dark,5,1,0.200000
1980,USPower Metal,depressive,5,0,0.000000
1980,USPower Metal,happy,5,0,0.000000
1980,USPower Metal,melancholic,5,0,0.000000
1980,USPower Metal,optimistic,5,0,0.000000
1980,USPower Metal,peaceful,5,0,0.000000
1980,USPower Metal,playful,5,0,0.000000
1980,USPower Metal,sad,5,0,0.000000
1980,USPower Metal,sombre,5,0,0.000000
1980,USPower Metal,uplifting,5,0,0.000000
1980,West Coast Hip Hop,aggressive,1,1,1.000000
1980,West Coast Hip Hop,angry,1,1,1.000000
1980,West Coast Hip Hop,anxious,1,0,0.000000
1980,West Coast Hip Hop,bittersweet,1,0,0.000000
1980,West Coast Hip Hop,calm,1,0,0.000000
1980,West Coast Hip Hop,dark,1,0,0.000000
1980,West Coast Hip Hop,depressive,1,0,0.000000
1980,West Coast Hip Hop,happy,1,0,0.000000
1980,West Coast Hip Hop,melancholic,1,0,0.000000
1980,West Coast Hip Hop,optimistic,1,0,0.000000
1980,West Coast Hip Hop,peaceful,1,0,0.000000
1980,West Coast Hip Hop,playful,1,0,0.000000
1980,West Coast Hip Hop,sad,1,0,0.000000
1980,West Coast Hip Hop,sombre,1,0,0.000000
1980,West Coast Hip Hop,uplifting,1,0,0.000000
1980,Yacht Rock,aggressive,1,0,0.000000
1980,Yacht Rock,angry,1,0,0.000000
1980,Yacht Rock,anxious,1,0,0.000000
1980,Yacht Rock,bittersweet,1,0,0.000000
1980,Yacht Rock,calm,1,0,0.000000
1980,Yacht Rock,dark,1,0,0.000000
1980,Yacht Rock,depressive,1,0,0.000000
1980,Yacht Rock,happy,1,0,0.000000
1980,Yacht Rock,melancholic,1,0,0.000000
1980,Yacht Rock,optimistic,1,0,0.000000
1980,Yacht Rock,peaceful,1,0,0.000000
1980,Yacht Rock,playful,1,0,0.000000
1980,Yacht Rock,sad,1,0,0.000000
1980,Yacht Rock,sombre,1,0,0.000000
1980,Yacht Rock,uplifting,1,0,0.000000
1980,Zolo,aggressive,1,0,0.000000
1980,Zolo,angry,1,0,0.000000
1980,Zolo,anxious,1,1,1.000000
1980,Zolo,bittersweet,1,0,0.000000
1980,Zolo,calm,1,0,0.000000
1980,Zolo,dark,1,0,0.000000
1980,Zolo,depressive,1,0,0.000000
1980,Zolo,happy,1,0,0.000000
1980,Zolo,melancholic,1,0,0.000000
1980,Zolo,optimistic,1,0,0.000000
1980,Zolo,peaceful,1,0,0.000000
1980,Zolo,playful,1,1,1.000000
1980,Zolo,sad,1,0,0.000000
1980,Zolo,sombre,1,0,0.000000
1980,Zolo,uplifting,1,0,0.000000
1990,Abstract Hip Hop,aggressive,3,1,0.333333
1990,Abstract Hip Hop,angry,3,0,0.000000
1990,Abstract Hip Hop,anxious,3,0,0.000000
1990,Abstract Hip Hop,bittersweet,3,0,0.000000
1990,Abstract Hip Hop,calm,3,0,0.000000
1990,Abstract Hip Hop,dark,3,0,0.000000
1990,Abstract Hip Hop,depressive,3,0,0.000000
1990,Abstract Hip Hop,happy,3,0,0.000000
1990,Abstract Hip Hop,melancholic,3,0,0.000000
1990,Abstract Hip Hop,optimistic,3,0,0.000000
1990,Abstract Hip Hop,peaceful,3,0,0.000000
1990,Abstract Hip Hop,playful,3,1,0.333333
1990,Abstract Hip Hop,sad,3,0,0.000000
1990,Abstract Hip Hop,sombre,3,0,0.000000
1990,Abstract Hip Hop,uplifting,3,0,0.000000
1990,Acid Jazz,aggressive,2,0,0.000000
1990,Acid Jazz,angry,2,0,0.000000
1990,Acid Jazz,anxious,2,0,0.000000
1990,Acid Jazz,bittersweet,2,0,0.000000
1990,Acid Jazz,calm,2,0,0.000000
1990,Acid Jazz,dark,2,0,0.000000
1990,Acid Jazz,depressive,2,0,0.000000
1990,Acid Jazz,happy,2,1,0.500000
1990,Acid Jazz,melancholic,2,0,0.000000
1990,Acid Jazz,optimistic,2,0,0.000000
1990,Acid Jazz,peaceful,2,0,0.000000
1990,Acid Jazz,playful,2,0,0.000000
1990,Acid Jazz,sad,2,0,0.000000
1990,Acid Jazz,sombre,2,0,0.000000
1990,Acid Jazz,uplifting,2,2,1.000000
1990,Alt-Country,aggressive,9,0,0.000000
1990,Alt-Country,angry,9,0,0.000000
1990,Alt-Country,anxious,9,0,0.000000
1990,Alt-Country,bittersweet,9,5,0.555556
1990,Alt-Country,calm,9,0,0.000000
1990,Alt-Country,dark,9,2,0.222222
1990,Alt-Country,depressive,9,1,0.111111
1990,Alt-Country,happy,9,0,0.000000
1990,Alt-Country,melancholic,9,4,0.444444
1990,Alt-Country,optimistic,9,0,0.000000
1990,Alt-Country,peaceful,9,0,0.000000
1990,Alt-Country,playful,9,0,0.000000
1990,Alt-Country,sad,9,1,0.111111
1990,Alt-Country,sombre,9,2,0.222222
1990,Alt-Country,uplifting,9,1,0.111111
1990,Alternative Dance,aggressive,6,0,0.000000
1990,Alternative Dance,angry,6,0,0.000000
1990,Alternative Dance,anxious,6,2,0.333333
1990,Alternative Dance,bittersweet,6,1,0.166667
1990,Alternative Dance,calm,6,0,0.000000
1990,Alternative Dance,dark,6,2,0.333333
1990,Alternative Dance,depressive,6,0,0.000000
1990,Alternative Dance,happy,6,1,0.166667
1990,Alternative Dance,melancholic,6,1,0.166667
1990,Alternative Dance,optimistic,6,0,0.000000
1990,Alternative Dance,peaceful,6,0,0.000000
1990,Alternative Dance,playful,6,2,0.333333
1990,Alternative Dance,sad,6,0,0.000000
1990,Alternative Dance,sombre,6,0,0.000000
1990,Alternative Dance,uplifting,6,2,0.333333
1990,Alternative Metal,aggressive,21,13,0.619048
1990,Alternative Metal,angry,21,14,0.666667
1990,Alternative Metal,anxious,21,5,0.238095
1990,Alternative Metal,bittersweet,21,0,0.000000
1990,Alternative Metal,calm,21,0,0.000000
1990,Alternative Metal,dark,21,9,0.428571
1990,Alternative Metal,depressive,21,3,0.142857
1990,Alternative Metal,happy,21,0,0.000000
1990,Alternative Metal,melancholic,21,0,0.000000
1990,Alternative Metal,optimistic,21,0,0.000000
1990,Alternative Metal,peaceful,21,0,0.000000
1990,Alternative Metal,playful,21,4,0.190476
1990,Alternative Metal,sad,21,1,0.047619
1990,Alternative Metal,sombre,21,3,0.142857
1990,Alternative Metal,uplifting,21,1,0.047619
1990,Alternative Rock,aggressive,130,5,0.038462
1990,Alternative Rock,angry,130,17,0.130769
1990,Alternative Rock,anxious,130,28,0.215385
1990,Alternative Rock,bittersweet,130,52,0.400000
1990,Alternative Rock,calm,130,1,0.007692
1990,Alternative Rock,dark,130,24,0.184615
1990,Alternative Rock,depressive,130,9,0.069231
1990,Alternative Rock,happy,130,5,0.038462
1990,Alternative Rock,melancholic,130,56,0.430769
1990,Alternative Rock,optimistic,130,5,0.038462
1990,Alternative Rock,peaceful,130,0,0.000000
1990,Alternative Rock,playful,130,31,0.238462
1990,Alternative Rock,sad,130,9,0.069231
1990,Alternative Rock,sombre,130,21,0.161538
1990,Alternative Rock,uplifting,130,9,0.069231
1990,Ambient,aggressive,11,0,0.000000
1990,Ambient,angry,11,0,0.000000
1990,Ambient,anxious,11,0,0.000000
1990,Ambient,bittersweet,11,0,0.000000
1990,Ambient,calm,11,2,0.181818
1990,Ambient,dark,11,4,0.363636
1990,Ambient,depressive,11,0,0.000000
1990,Ambient,happy,11,0,0.000000
1990,Ambient,melancholic,11,2,0.181818
1990,Ambient,optimistic,11,0,0.000000
1990,Ambient,peaceful,11,1,0.090909
1990,Ambient,playful,11,0,0.000000
1990,Ambient,sad,11,0,0.000000
1990,Ambient,sombre,11,2,0.181818
1990,Ambient,uplifting,11,0,0.000000
1990,Ambient Dub,aggressive,2,0,0.000000
1990,Ambient Dub,angry,2,0,0.000000
1990,Ambient Dub,anxious,2,0,0.000000
1990,Ambient Dub,bittersweet,2,0,0.000000
1990,Ambient Dub,calm,2,0,0.000000
1990,Ambient Dub,dark,2,0,0.000000
1990,Ambient Dub,depressive,2,0,0.000000
1990,Ambient Dub,happy,2,0,0.000000
1990,Ambient Dub,melancholic,2,0,0.000000
1990,Ambient Dub,optimistic,2,0,0.000000
1990,Ambient Dub,peaceful,2,0,0.000000
1990,Ambient Dub,playful,2,0,0.000000
1990,Ambient Dub,sad,2,0,0.000000
1990,Ambient Dub,sombre,2,0,0.000000
1990,Ambient Dub,uplifting,2,0,0.000000
1990,Ambient House,aggressive,1,0,0.000000
1990,Ambient House,angry,1,0,0.000000
1990,Ambient House,anxious,1,0,0.000000
1990,Ambient House,bittersweet,1,0,0.000000
1990,Ambient House,calm,1,0,0.000000
1990,Ambient House,dark,1,0,0.000000
1990,Ambient House,depressive,1,0,0.000000
1990,Ambient House,happy,1,0,0.000000
1990,Ambient House,melancholic,1,0,0.000000
1990,Ambient House,optimistic,1,0,0.000000
1990,Ambient House,peaceful,1,0,0.000000
1990,Ambient House,playful,1,0,0.000000
1990,Ambient House,sad,1,0,0.000000
1990,Ambient House,sombre,1,0,0.000000
1990,Ambient House,uplifting,1,0,0.000000
1990,Ambient Pop,aggressive,3,0,0.000000
1990,Ambient Pop,angry,3,0,0.000000
1990,Ambient Pop,anxious,3,0,0.000000
1990,Ambient Pop,bittersweet,3,1,0.333333
1990,Ambient Pop,calm,3,0,0.000000
1990,Ambient Pop,dark,3,0,0.000000
1990,Ambient Pop,depressive,3,0,0.000000
1990,Ambient Pop,happy,3,0,0.000000
1990,Ambient Pop,melancholic,3,1,0.333333
1990,Ambient Pop,optimistic,3,0,0.000000
1990,Ambient Pop,peaceful,3,2,0.666667
1990,Ambient Pop,playful,3,1,0.333333
1990,Ambient Pop,sad,3,0,0.000000
1990,Ambient Pop,sombre,3,0,0.000000
1990,Ambient Pop,uplifting,3,0,0.000000
1990,Ambient Techno,aggressive,12,0,0.000000
1990,Ambient Techno,angry,12,0,0.000000
1990,Ambient Techno,anxious,12,0,0.000000
1990,Ambient Techno,bittersweet,12,0,0.000000
1990,Ambient Techno,calm,12,2,0.166667
1990,Ambient Techno,dark,12,3,0.250000
1990,Ambient Techno,depressive,12,0,0.000000
1990,Ambient Techno,happy,12,0,0.000000
1990,Ambient Techno,melancholic,12,0,0.000000
1990,Ambient Techno,optimistic,12,0,0.000000
1990,Ambient Techno,peaceful,12,0,0.000000
1990,Ambient Techno,playful,12,1,0.083333
1990,Ambient Techno,sad,12,0,0.000000
1990,Ambient Techno,sombre,12,1,0.083333
1990,Ambient Techno,uplifting,12,0,0.000000
1990,American Primitivism,aggressive,1,0,0.000000
1990,American Primitivism,angry,1,0,0.000000
1990,American Primitivism,anxious,1,0,0.000000
1990,American Primitivism,bittersweet,1,0,0.000000
1990,American Primitivism,calm,1,0,0.000000
1990,American Primitivism,dark,1,0,0.000000
1990,American Primitivism,depressive,1,0,0.000000
1990,American Primitivism,happy,1,0,0.000000
1990,American Primitivism,melancholic,1,0,0.000000
1990,American Primitivism,optimistic,1,0,0.000000
1990,American Primitivism,peaceful,1,0,0.000000
1990,American Primitivism,playful,1,0,0.000000
1990,American Primitivism,sad,1,0,0.000000
1990,American Primitivism,sombre,1,0,0.000000
1990,American Primitivism,uplifting,1,0,0.000000
1990,Americana,aggressive,7,0,0.000000
1990,Americana,angry,7,0,0.000000
1990,Americana,anxious,7,0,0.000000
1990,Americana,bittersweet,7,1,0.142857
1990,Americana,calm,7,0,0.000000
1990,Americana,dark,7,2,0.285714
1990,Americana,depressive,7,1,0.142857
1990,Americana,happy,7,0,0.000000
1990,Americana,melancholic,7,1,0.142857
1990,Americana,optimistic,7,0,0.000000
1990,Americana,peaceful,7,0,0.000000
1990,Americana,playful,7,1,0.142857
1990,Americana,sad,7,0,0.000000
1990,Americana,sombre,7,2,0.285714
1990,Americana,uplifting,7,1,0.142857
1990,Anti-Folk,aggressive,1,0,0.000000
1990,Anti-Folk,angry,1,0,0.000000
1990,Anti-Folk,anxious,1,0,0.000000
1990,Anti-Folk,bittersweet,1,0,0.000000
1990,Anti-Folk,calm,1,0,0.000000
1990,Anti-Folk,dark,1,0,0.000000
1990,Anti-Folk,depressive,1,1,1.000000
1990,Anti-Folk,happy,1,0,0.000000
1990,Anti-Folk,melancholic,1,1,1.000000
1990,Anti-Folk,optimistic,1,0,0.000000
1990,Anti-Folk,peaceful,1,0,0.000000
1990,Anti-Folk,playful,1,0,0.000000
1990,Anti-Folk,sad,1,0,0.000000
1990,Anti-Folk,sombre,1,0,0.000000
1990,Anti-Folk,uplifting,1,0,0.000000
1990,Art Pop,aggressive,21,0,0.000000
1990,Art Pop,angry,21,0,0.000000
1990,Art Pop,anxious,21,1,0.047619
1990,Art Pop,bittersweet,21,4,0.190476
1990,Art Pop,calm,21,0,0.000000
1990,Art Pop,dark,21,2,0.095238
1990,Art Pop,depressive,21,0,0.000000
1990,Art Pop,happy,21,0,0.000000
1990,Art Pop,melancholic,21,5,0.238095
1990,Art Pop,optimistic,21,0,0.000000
1990,Art Pop,peaceful,21,0,0.000000
1990,Art Pop,playful,21,7,0.333333
1990,Art Pop,sad,21,2,0.095238
1990,Art Pop,sombre,21,1,0.047619
1990,Art Pop,uplifting,21,0,0.000000
1990,Art Punk,aggressive,2,0,0.000000
1990,Art Punk,angry,2,0,0.000000
1990,Art Punk,anxious,2,1,0.500000
1990,Art Punk,bittersweet,2,0,0.000000
1990,Art Punk,calm,2,0,0.000000
1990,Art Punk,dark,2,0,0.000000
1990,Art Punk,depressive,2,0,0.000000
1990,Art Punk,happy,2,0,0.000000
1990,Art Punk,melancholic,2,0,0.000000
1990,Art Punk,optimistic,2,0,0.000000
1990,Art Punk,peaceful,2,0,0.000000
1990,Art Punk,playful,2,2,1.000000
1990,Art Punk,sad,2,0,0.000000
1990,Art Punk,sombre,2,0,0.000000
1990,Art Punk,uplifting,2,0,0.000000
1990,Art Rock,aggressive,17,0,0.000000
1990,Art Rock,angry,17,1,0.058824
1990,Art Rock,anxious,17,4,0.235294
1990,Art Rock,bittersweet,17,2,0.117647
1990,Art Rock,calm,17,0,0.000000
1990,Art Rock,dark,17,4,0.235294
1990,Art Rock,depressive,17,2,0.117647
1990,Art Rock,happy,17,0,0.000000
1990,Art Rock,melancholic,17,10,0.588235
1990,Art Rock,optimistic,17,0,0.000000
1990,Art Rock,peaceful,17,1,0.058824
1990,Art Rock,playful,17,3,0.176471
1990,Art Rock,sad,17,2,0.117647
1990,Art Rock,sombre,17,2,0.117647
1990,Art Rock,uplifting,17,1,0.058824
1990,Atmospheric Black Metal,aggressive,8,1,0.125000
1990,Atmospheric Black Metal,angry,8,0,0.000000
1990,Atmospheric Black Metal,anxious,8,0,0.000000
1990,Atmospheric Black Metal,bittersweet,8,0,0.000000
1990,Atmospheric Black Metal,calm,8,0,0.000000
1990,Atmospheric Black Metal,dark,8,5,0.625000
1990,Atmospheric Black Metal,depressive,8,0,0.000000
1990,Atmospheric Black Metal,happy,8,0,0.000000
1990,Atmospheric Black Metal,melancholic,8,3,0.375000
1990,Atmospheric Black Metal,optimistic,8,0,0.000000
1990,Atmospheric Black Metal,peaceful,8,0,0.000000
1990,Atmospheric Black Metal,playful,8,0,0.000000
1990,Atmospheric Black Metal,sad,8,0,0.000000
1990,Atmospheric Black Metal,sombre,8,3,0.375000
1990,Atmospheric Black Metal,uplifting,8,0,0.000000
1990,Atmospheric Drumand Bass,aggressive,2,0,0.000000
1990,Atmospheric Drumand Bass,angry,2,0,0.000000
1990,Atmospheric Drumand Bass,anxious,2,0,0.000000
1990,Atmospheric Drumand Bass,bittersweet,2,0,0.000000
1990,Atmospheric Drumand Bass,calm,2,0,0.000000
1990,Atmospheric Drumand Bass,dark,2,0,0.000000
1990,Atmospheric Drumand Bass,depressive,2,0,0.000000
1990,Atmospheric Drumand Bass,happy,2,0,0.000000
1990,Atmospheric Drumand Bass,melancholic,2,0,0.000000
1990,Atmospheric Drumand Bass,optimistic,2,0,0.000000
1990,Atmospheric Drumand Bass,peaceful,2,0,0.000000
1990,Atmospheric Drumand Bass,playful,2,1,0.500000
1990,Atmospheric Drumand Bass,sad,2,0,0.000000
1990,Atmospheric Drumand Bass,sombre,2,0,0.000000
1990,Atmospheric Drumand Bass,uplifting,2,0,0.000000
1990,Atmospheric Sludge Metal,aggressive,4,2,0.500000
1990,Atmospheric Sludge Metal,angry,4,2,0.500000
1990,Atmospheric Sludge Metal,anxious,4,0,0.000000
1990,Atmospheric Sludge Metal,bittersweet,4,0,0.000000
1990,Atmospheric Sludge Metal,calm,4,0,0.000000
1990,Atmospheric Sludge Metal,dark,4,4,1.000000
1990,Atmospheric Sludge Metal,depressive,4,0,0.000000
1990,Atmospheric Sludge Metal,happy,4,0,0.000000
1990,Atmospheric Sludge Metal,melancholic,4,0,0.000000
1990,Atmospheric Sludge Metal,optimistic,4,0,0.000000
1990,Atmospheric Sludge Metal,peaceful,4,0,0.000000
1990,Atmospheric Sludge Metal,playful,4,0,0.000000
1990,Atmospheric Sludge Metal,sad,4,0,0.000000
1990,Atmospheric Sludge Metal,sombre,4,1,0.250000
1990,Atmospheric Sludge Metal,uplifting,4,0,0.000000
1990,Avant-Folk,aggressive,2,0,0.000000
1990,Avant-Folk,angry,2,0,0.000000
1990,Avant-Folk,anxious,2,0,0.000000
1990,Avant-Folk,bittersweet,2,0,0.000000
1990,Avant-Folk,calm,2,0,0.000000
1990,Avant-Folk,dark,2,0,0.000000
1990,Avant-Folk,depressive,2,0,0.000000
1990,Avant-Folk,happy,2,0,0.000000
1990,Avant-Folk,melancholic,2,0,0.000000
1990,Avant-Folk,optimistic,2,0,0.000000
1990,Avant-Folk,peaceful,2,0,0.000000
1990,Avant-Folk,playful,2,0,0.000000
1990,Avant-Folk,sad,2,0,0.000000
1990,Avant-Folk,sombre,2,0,0.000000
1990,Avant-Folk,uplifting,2,0,0.000000
1990,Avant-Garde Jazz,aggressive,3,2,0.666667
1990,Avant-Garde Jazz,angry,3,1,0.333333
1990,Avant-Garde Jazz,anxious,3,0,0.000000
1990,Avant-Garde Jazz,bittersweet,3,0,0.000000
1990,Avant-Garde Jazz,calm,3,0,0.000000
1990,Avant-Garde Jazz,dark,3,0,0.000000
1990,Avant-Garde Jazz,depressive,3,0,0.000000
1990,Avant-Garde Jazz,happy,3,0,0.000000
1990,Avant-Garde Jazz,melancholic,3,0,0.000000
1990,Avant-Garde Jazz,optimistic,3,0,0.000000
1990,Avant-Garde Jazz,peaceful,3,0,0.000000
1990,Avant-Garde Jazz,playful,3,1,0.333333
1990,Avant-Garde Jazz,sad,3,0,0.000000
1990,Avant-Garde Jazz,sombre,3,0,0.000000
1990,Avant-Garde Jazz,uplifting,3,0,0.000000
1990,Avant-Garde Metal,aggressive,5,0,0.000000
1990,Avant-Garde Metal,angry,5,0,0.000000
1990,Avant-Garde Metal,anxious,5,0,0.000000
1990,Avant-Garde Metal,bittersweet,5,0,0.000000
1990,Avant-Garde Metal,calm,5,0,0.000000
1990,Avant-Garde Metal,dark,5,3,0.600000
1990,Avant-Garde Metal,depressive,5,0,0.000000
1990,Avant-Garde Metal,happy,5,0,0.000000
1990,Avant-Garde Metal,melancholic,5,0,0.000000
1990,Avant-Garde Metal,optimistic,5,0,0.000000
1990,Avant-Garde Metal,peaceful,5,0,0.000000
1990,Avant-Garde Metal,playful,5,2,0.400000
1990,Avant-Garde Metal,sad,5,0,0.000000
1990,Avant-Garde Metal,sombre,5,0,0.000000
1990,Avant-Garde Metal,uplifting,5,0,0.000000
1990,Baggy/Madchester,aggressive,3,0,0.000000
1990,Baggy/Madchester,angry,3,0,0.000000
1990,Baggy/Madchester,anxious,3,0,0.000000
1990,Baggy/Madchester,bittersweet,3,1,0.333333
1990,Baggy/Madchester,calm,3,0,0.000000
1990,Baggy/Madchester,dark,3,0,0.000000
1990,Baggy/Madchester,depressive,3,0,0.000000
1990,Baggy/Madchester,happy,3,0,0.000000
1990,Baggy/Madchester,melancholic,3,0,0.000000
1990,Baggy/Madchester,optimistic,3,0,0.000000
1990,Baggy/Madchester,peaceful,3,0,0.000000
1990,Baggy/Madchester,playful,3,1,0.333333
1990,Baggy/Madchester,sad,3,0,0.000000
1990,Baggy/Madchester,sombre,3,0,0.000000
1990,Baggy/Madchester,uplifting,3,2,0.666667
1990,Big Beat,aggressive,6,2,0.333333
1990,Big Beat,angry,6,0,0.000000
1990,Big Beat,anxious,6,0,0.000000
1990,Big Beat,bittersweet,6,0,0.000000
1990,Big Beat,calm,6,0,0.000000
1990,Big Beat,dark,6,1,0.166667
1990,Big Beat,depressive,6,0,0.000000
1990,Big Beat,happy,6,0,0.000000
1990,Big Beat,melancholic,6,0,0.000000
1990,Big Beat,optimistic,6,0,0.000000
1990,Big Beat,peaceful,6,0,0.000000
1990,Big Beat,playful,6,1,0.166667
1990,Big Beat,sad,6,0,0.000000
1990,Big Beat,sombre,6,0,0.000000
1990,Big Beat,uplifting,6,2,0.333333
1990,Black Metal,aggressive,20,14,0.700000
1990,Black Metal,angry,20,0,0.000000
1990,Black Metal,anxious,20,0,0.000000
1990,Black Metal,bittersweet,20,0,0.000000
1990,Black Metal,calm,20,0,0.000000
1990,Black Metal,dark,20,13,0.650000
1990,Black Metal,depressive,20,0,0.000000
1990,Black Metal,happy,20,0,0.000000
1990,Black Metal,melancholic,20,0,0.000000
1990,Black Metal,optimistic,20,0,0.000000
1990,Black Metal,peaceful,20,0,0.000000
1990,Black Metal,playful,20,0,0.000000
1990,Black Metal,sad,20,0,0.000000
1990,Black Metal,sombre,20,3,0.150000
1990,Black Metal,uplifting,20,0,0.000000
1990,Blues Rock,aggressive,4,0,0.000000
1990,Blues Rock,angry,4,0,0.000000
1990,Blues Rock,anxious,4,0,0.000000
1990,Blues Rock,bittersweet,4,2,0.500000
1990,Blues Rock,calm,4,0,0.000000
1990,Blues Rock,dark,4,2,0.500000
1990,Blues Rock,depressive,4,0,0.000000
1990,Blues Rock,happy,4,0,0.000000
1990,Blues Rock,melancholic,4,1,0.250000
1990,Blues Rock,optimistic,4,0,0.000000
1990,Blues Rock,peaceful,4,0,0.000000
1990,Blues Rock,playful,4,1,0.250000
1990,Blues Rock,sad,4,0,0.000000
1990,Blues Rock,sombre,4,0,0.000000
1990,Blues Rock,uplifting,4,0,0.000000
1990,Bolero,aggressive,1,0,0.000000
1990,Bolero,angry,1,0,0.000000
1990,Bolero,anxious,1,0,0.000000
1990,Bolero,bittersweet,1,0,0.000000
1990,Bolero,calm,1,0,0.000000
1990,Bolero,dark,1,0,0.000000
1990,Bolero,depressive,1,0,0.000000
1990,Bolero,happy,1,0,0.000000
1990,Bolero,melancholic,1,0,0.000000
1990,Bolero,optimistic,1,0,0.000000
1990,Bolero,peaceful,1,0,0.000000
1990,Bolero,playful,1,1,1.000000
1990,Bolero,sad,1,0,0.000000
1990,Bolero,sombre,1,0,0.000000
1990,Bolero,uplifting,1,1,1.000000
1990,Boom Bap,aggressive,33,8,0.242424
1990,Boom Bap,angry,33,1,0.030303
1990,Boom Bap,anxious,33,2,0.060606
1990,Boom Bap,bittersweet,33,1,0.030303
1990,Boom Bap,calm,33,3,0.090909
1990,Boom Bap,dark,33,12,0.363636
1990,Boom Bap,depressive,33,0,0.000000
1990,Boom Bap,happy,33,1,0.030303
1990,Boom Bap,melancholic,33,0,0.000000
1990,Boom Bap,optimistic,33,2,0.060606
1990,Boom Bap,peaceful,33,0,0.000000
1990,Boom Bap,playful,33,4,0.121212
1990,Boom Bap,sad,33,0,0.000000
1990,Boom Bap,sombre,33,2,0.060606
1990,Boom Bap,uplifting,33,2,0.060606
1990,Breakbeat,aggressive,1,1,1.000000
1990,Breakbeat,angry,1,0,0.000000
1990,Breakbeat,anxious,1,0,0.000000
1990,Breakbeat,bittersweet,1,0,0.000000
1990,Breakbeat,calm,1,0,0.000000
1990,Breakbeat,dark,1,1,1.000000
1990,Breakbeat,depressive,1,0,0.000000
1990,Breakbeat,happy,1,0,0.000000
1990,Breakbeat,melancholic,1,0,0.000000
1990,Breakbeat,optimistic,1,0,0.000000
1990,Breakbeat,peaceful,1,0,0.000000
1990,Breakbeat,playful,1,0,0.000000
1990,Breakbeat,sad,1,0,0.000000
1990,Breakbeat,sombre,1,0,0.000000
1990,Breakbeat,uplifting,1,0,0.000000
1990,Breakbeat Hardcore,aggressive,1,0,0.000000
1990,Breakbeat Hardcore,angry,1,0,0.000000
1990,Breakbeat Hardcore,anxious,1,0,0.000000
1990,Breakbeat Hardcore,bittersweet,1,0,0.000000
1990,Breakbeat Hardcore,calm,1,0,0.000000
1990,Breakbeat Hardcore,dark,1,0,0.000000
1990,Breakbeat Hardcore,depressive,1,0,0.000000
1990,Breakbeat Hardcore,happy,1,0,0.000000
1990,Breakbeat Hardcore,melancholic,1,0,0.000000
1990,Breakbeat Hardcore,optimistic,1,0,0.000000
1990,Breakbeat Hardcore,peaceful,1,0,0.000000
1990,Breakbeat Hardcore,playful,1,1,1.000000
1990,Breakbeat Hardcore,sad,1,0,0.000000
1990,Breakbeat Hardcore,sombre,1,0,0.000000
1990,Breakbeat Hardcore,uplifting,1,0,0.000000
1990,Breakcore,aggressive,1,0,0.000000
1990,Breakcore,angry,1,0,0.000000
1990,Breakcore,anxious,1,0,0.000000
1990,Breakcore,bittersweet,1,0,0.000000
1990,Breakcore,calm,1,0,0.000000
1990,Breakcore,dark,1,1,1.000000
1990,Breakcore,depressive,1,0,0.000000
1990,Breakcore,happy,1,0,0.000000
1990,Breakcore,melancholic,1,0,0.000000
1990,Breakcore,optimistic,1,0,0.000000
1990,Breakcore,peaceful,1,0,0.000000
1990,Breakcore,playful,1,0,0.000000
1990,Breakcore,sad,1,0,0.000000
1990,Breakcore,sombre,1,0,0.000000
1990,Breakcore,uplifting,1,0,0.000000
1990,Britpop,aggressive,19,0,0.000000
1990,Britpop,angry,19,1,0.052632
1990,Britpop,anxious,19,2,0.105263
1990,Britpop,bittersweet,19,10,0.526316
1990,Britpop,calm,19,0,0.000000
1990,Britpop,dark,19,1,0.052632
1990,Britpop,depressive,19,1,0.052632
1990,Britpop,happy,19,0,0.000000
1990,Britpop,melancholic,19,8,0.421053
1990,Britpop,optimistic,19,3,0.157895
1990,Britpop,peaceful,19,0,0.000000
1990,Britpop,playful,19,3,0.157895
1990,Britpop,sad,19,2,0.105263
1990,Britpop,sombre,19,1,0.052632
1990,Britpop,uplifting,19,7,0.368421
1990,Brutal Death Metal,aggressive,5,5,1.000000
1990,Brutal Death Metal,angry,5,0,0.000000
1990,Brutal Death Metal,anxious,5,0,0.000000
1990,Brutal Death Metal,bittersweet,5,0,0.000000
1990,Brutal Death Metal,calm,5,0,0.000000
1990,Brutal Death Metal,dark,5,2,0.400000
1990,Brutal Death Metal,depressive,5,0,0.000000
1990,Brutal Death Metal,happy,5,0,0.000000
1990,Brutal Death Metal,melancholic,5,0,0.000000
1990,Brutal Death Metal,optimistic,5,0,0.000000
1990,Brutal Death Metal,peaceful,5,0,0.000000
1990,Brutal Death Metal,playful,5,0,0.000000
1990,Brutal Death Metal,sad,5,0,0.000000
1990,Brutal Death Metal,sombre,5,0,0.000000
1990,Brutal Death Metal,uplifting,5,0,0.000000
1990,Canterbury Scene,aggressive,1,0,0.000000
1990,Canterbury Scene,angry,1,0,0.000000
1990,Canterbury Scene,anxious,1,0,0.000000
1990,Canterbury Scene,bittersweet,1,0,0.000000
1990,Canterbury Scene,calm,1,0,0.000000
1990,Canterbury Scene,dark,1,0,0.000000
1990,Canterbury Scene,depressive,1,0,0.000000
1990,Canterbury Scene,happy,1,0,0.000000
1990,Canterbury Scene,melancholic,1,0,0.000000
1990,Canterbury Scene,optimistic,1,0,0.000000
1990,Canterbury Scene,peaceful,1,0,0.000000
1990,Canterbury Scene,playful,1,0,0.000000
1990,Canterbury Scene,sad,1,0,0.000000
1990,Canterbury Scene,sombre,1,0,0.000000
1990,Canterbury Scene,uplifting,1,0,0.000000
1990,Chamber Folk,aggressive,1,0,0.000000
1990,Chamber Folk,angry,1,0,0.000000
1990,Chamber Folk,anxious,1,0,0.000000
1990,Chamber Folk,bittersweet,1,0,0.000000
1990,Chamber Folk,calm,1,0,0.000000
1990,Chamber Folk,dark,1,0,0.000000
1990,Chamber Folk,depressive,1,0,0.000000
1990,Chamber Folk,happy,1,0,0.000000
1990,Chamber Folk,melancholic,1,1,1.000000
1990,Chamber Folk,optimistic,1,0,0.000000
1990,Chamber Folk,peaceful,1,1,1.000000
1990,Chamber Folk,playful,1,0,0.000000
1990,Chamber Folk,sad,1,0,0.000000
1990,Chamber Folk,sombre,1,0,0.000000
1990,Chamber Folk,uplifting,1,0,0.000000
1990,Chamber Pop,aggressive,9,0,0.000000
1990,Chamber Pop,angry,9,0,0.000000
1990,Chamber Pop,anxious,9,0,0.000000
1990,Chamber Pop,bittersweet,9,8,0.888889
1990,Chamber Pop,calm,9,0,0.000000
1990,Chamber Pop,dark,9,1,0.111111
1990,Chamber Pop,depressive,9,0,0.000000
1990,Chamber Pop,happy,9,0,0.000000
1990,Chamber Pop,melancholic,9,5,0.555556
1990,Chamber Pop,optimistic,9,0,0.000000
1990,Chamber Pop,peaceful,9,0,0.000000
1990,Chamber Pop,playful,9,1,0.111111
1990,Chamber Pop,sad,9,1,0.111111
1990,Chamber Pop,sombre,9,2,0.222222
1990,Chamber Pop,uplifting,9,0,0.000000
1990,Conscious Hip Hop,aggressive,22,3,0.136364
1990,Conscious Hip Hop,angry,22,5,0.227273
1990,Conscious Hip Hop,anxious,22,2,0.090909
1990,Conscious Hip Hop,bittersweet,22,0,0.000000
1990,Conscious Hip Hop,calm,22,2,0.090909
1990,Conscious Hip Hop,dark,22,1,0.045455
1990,Conscious Hip Hop,depressive,22,0,0.000000
1990,Conscious Hip Hop,happy,22,0,0.000000
1990,Conscious Hip Hop,melancholic,22,1,0.045455
1990,Conscious Hip Hop,optimistic,22,2,0.090909
1990,Conscious Hip Hop,peaceful,22,0,0.000000
1990,Conscious Hip Hop,playful,22,4,0.181818
1990,Conscious Hip Hop,sad,22,0,0.000000
1990,Conscious Hip Hop,sombre,22,2,0.090909
1990,Conscious Hip Hop,uplifting,22,4,0.181818
1990,Contemporary Folk,aggressive,3,0,0.000000
1990,Contemporary Folk,angry,3,0,0.000000
1990,Contemporary Folk,anxious,3,0,0.000000
1990,Contemporary Folk,bittersweet,3,0,0.000000
1990,Contemporary Folk,calm,3,0,0.000000
1990,Contemporary Folk,dark,3,1,0.333333
1990,Contemporary Folk,depressive,3,2,0.666667
1990,Contemporary Folk,happy,3,0,0.000000
1990,Contemporary Folk,melancholic,3,0,0.000000
1990,Contemporary Folk,optimistic,3,0,0.000000
1990,Contemporary Folk,peaceful,3,0,0.000000
1990,Contemporary Folk,playful,3,0,0.000000
1990,Contemporary Folk,sad,3,0,0.000000
1990,Contemporary Folk,sombre,3,1,0.333333
1990,Contemporary Folk,uplifting,3,0,0.000000
1990,Contemporary R&B,aggressive,6,0,0.000000
1990,Contemporary R&B,angry,6,1,0.166667
1990,Contemporary R&B,anxious,6,2,0.333333
1990,Contemporary R&B,bittersweet,6,1,0.166667
1990,Contemporary R&B,calm,6,0,0.000000
1990,Contemporary R&B,dark,6,1,0.166667
1990,Contemporary R&B,depressive,6,0,0.000000
1990,Contemporary R&B,happy,6,0,0.000000
1990,Contemporary R&B,melancholic,6,0,0.000000
1990,Contemporary R&B,optimistic,6,0,0.000000
1990,Contemporary R&B,peaceful,6,0,0.000000
1990,Contemporary R&B,playful,6,1,0.166667
1990,Contemporary R&B,sad,6,0,0.000000
1990,Contemporary R&B,sombre,6,0,0.000000
1990,Contemporary R&B,uplifting,6,2,0.333333
1990,Country,aggressive,3,0,0.000000
1990,Country,angry,3,0,0.000000
1990,Country,anxious,3,0,0.000000
1990,Country,bittersweet,3,0,0.000000
1990,Country,calm,3,0,0.000000
1990,Country,dark,3,1,0.333333
1990,Country,depressive,3,0,0.000000
1990,Country,happy,3,0,0.000000
1990,Country,melancholic,3,0,0.000000
1990,Country,optimistic,3,0,0.000000
1990,Country,peaceful,3,0,0.000000
1990,Country,playful,3,1,0.333333
1990,Country,sad,3,0,0.000000
1990,Country,sombre,3,1,0.333333
1990,Country,uplifting,3,0,0.000000
1990,Country Rock,aggressive,2,0,0.000000
1990,Country Rock,angry,2,0,0.000000
1990,Country Rock,anxious,2,0,0.000000
1990,Country Rock,bittersweet,2,1,0.500000
1990,Country Rock,calm,2,0,0.000000
1990,Country Rock,dark,2,0,0.000000
1990,Country Rock,depressive,2,0,0.000000
1990,Country Rock,happy,2,0,0.000000
1990,Country Rock,melancholic,2,1,0.500000
1990,Country Rock,optimistic,2,0,0.000000
1990,Country Rock,peaceful,2,0,0.000000
1990,Country Rock,playful,2,0,0.000000
1990,Country Rock,sad,2,0,0.000000
1990,Country Rock,sombre,2,0,0.000000
1990,Country Rock,uplifting,2,0,0.000000
1990,Crossover Thrash,aggressive,1,1,1.000000
1990,Crossover Thrash,angry,1,1,1.000000
1990,Crossover Thrash,anxious,1,0,0.000000
1990,Crossover Thrash,bittersweet,1,0,0.000000
1990,Crossover Thrash,calm,1,0,0.000000
1990,Crossover Thrash,dark,1,0,0.000000
1990,Crossover Thrash,depressive,1,0,0.000000
1990,Crossover Thrash,happy,1,0,0.000000
1990,Crossover Thrash,melancholic,1,0,0.000000
1990,Crossover Thrash,optimistic,1,0,0.000000
1990,Crossover Thrash,peaceful,1,0,0.000000
1990,Crossover Thrash,playful,1,0,0.000000
1990,Crossover Thrash,sad,1,0,0.000000
1990,Crossover Thrash,sombre,1,0,0.000000
1990,Crossover Thrash,uplifting,1,0,0.000000
1990,Dance-Pop,aggressive,3,0,0.000000
1990,Dance-Pop,angry,3,0,0.000000
1990,Dance-Pop,anxious,3,0,0.000000
1990,Dance-Pop,bittersweet,3,2,0.666667
1990,Dance-Pop,calm,3,0,0.000000
1990,Dance-Pop,dark,3,0,0.000000
1990,Dance-Pop,depressive,3,0,0.000000
1990,Dance-Pop,happy,3,1,0.333333
1990,Dance-Pop,melancholic,3,0,0.000000
1990,Dance-Pop,optimistic,3,1,0.333333
1990,Dance-Pop,peaceful,3,0,0.000000
1990,Dance-Pop,playful,3,0,0.000000
1990,Dance-Pop,sad,3,0,0.000000
1990,Dance-Pop,sombre,3,0,0.000000
1990,Dance-Pop,uplifting,3,0,0.000000
1990,Dance-Punk,aggressive,1,0,0.000000
1990,Dance-Punk,angry,1,0,0.000000
1990,Dance-Punk,anxious,1,0,0.000000
1990,Dance-Punk,bittersweet,1,0,0.000000
1990,Dance-Punk,calm,1,0,0.000000
1990,Dance-Punk,dark,1,0,0.000000
1990,Dance-Punk,depressive,1,0,0.000000
1990,Dance-Punk,happy,1,0,0.000000
1990,Dance-Punk,melancholic,1,0,0.000000
1990,Dance-Punk,optimistic,1,0,0.000000
1990,Dance-Punk,peaceful,1,0,0.000000
1990,Dance-Punk,playful,1,1,1.000000
1990,Dance-Punk,sad,1,0,0.000000
1990,Dance-Punk,sombre,1,0,0.000000
1990,Dance-Punk,uplifting,1,0,0.000000
1990,Dark Ambient,aggressive,1,0,0.000000
1990,Dark Ambient,angry,1,0,0.000000
1990,Dark Ambient,anxious,1,0,0.000000
1990,Dark Ambient,bittersweet,1,0,0.000000
1990,Dark Ambient,calm,1,0,0.000000
1990,Dark Ambient,dark,1,1,1.000000
1990,Dark Ambient,depressive,1,0,0.000000
1990,Dark Ambient,happy,1,0,0.000000
1990,Dark Ambient,melancholic,1,0,0.000000
1990,Dark Ambient,optimistic,1,0,0.000000
1990,Dark Ambient,peaceful,1,0,0.000000
1990,Dark Ambient,playful,1,0,0.000000
1990,Dark Ambient,sad,1,0,0.000000
1990,Dark Ambient,sombre,1,0,0.000000
1990,Dark Ambient,uplifting,1,0,0.000000
1990,Dark Cabaret,aggressive,2,0,0.000000
1990,Dark Cabaret,angry,2,0,0.000000
1990,Dark Cabaret,anxious,2,0,0.000000
1990,Dark Cabaret,bittersweet,2,0,0.000000
1990,Dark Cabaret,calm,2,0,0.000000
1990,Dark Cabaret,dark,2,2,1.000000
1990,Dark Cabaret,depressive,2,0,0.000000
1990,Dark Cabaret,happy,2,0,0.000000
1990,Dark Cabaret,melancholic,2,2,1.000000
1990,Dark Cabaret,optimistic,2,0,0.000000
1990,Dark Cabaret,peaceful,2,0,0.000000
1990,Dark Cabaret,playful,2,0,0.000000
1990,Dark Cabaret,sad,2,0,0.000000
1990,Dark Cabaret,sombre,2,1,0.500000
1990,Dark Cabaret,uplifting,2,0,0.000000
1990,Dark Folk,aggressive,1,0,0.000000
1990,Dark Folk,angry,1,0,0.000000
1990,Dark Folk,anxious,1,0,0.000000
1990,Dark Folk,bittersweet,1,0,0.000000
1990,Dark Folk,calm,1,0,0.000000
1990,Dark Folk,dark,1,1,1.000000
1990,Dark Folk,depressive,1,0,0.000000
1990,Dark Folk,happy,1,0,0.000000
1990,Dark Folk,melancholic,1,1,1.000000
1990,Dark Folk,optimistic,1,0,0.000000
1990,Dark Folk,peaceful,1,0,0.000000
1990,Dark Folk,playful,1,0,0.000000
1990,Dark Folk,sad,1,0,0.000000
1990,Dark Folk,sombre,1,0,0.000000
1990,Dark Folk,uplifting,1,0,0.000000
1990,Dark Jazz,aggressive,2,0,0.000000
1990,Dark Jazz,angry,2,0,0.000000
1990,Dark Jazz,anxious,2,0,0.000000
1990,Dark Jazz,bittersweet,2,0,0.000000
1990,Dark Jazz,calm,2,0,0.000000
1990,Dark Jazz,dark,2,2,1.000000
1990,Dark Jazz,depressive,2,0,0.000000
1990,Dark Jazz,happy,2,0,0.000000
1990,Dark Jazz,melancholic,2,2,1.000000
1990,Dark Jazz,optimistic,2,0,0.000000
1990,Dark Jazz,peaceful,2,0,0.000000
1990,Dark Jazz,playful,2,0,0.000000
1990,Dark Jazz,sad,2,0,0.000000
1990,Dark Jazz,sombre,2,0,0.000000
1990,Dark Jazz,uplifting,2,0,0.000000
1990,Death Doom Metal,aggressive,6,1,0.166667
1990,Death Doom Metal,angry,6,1,0.166667
1990,Death Doom Metal,anxious,6,0,0.000000
1990,Death Doom Metal,bittersweet,6,0,0.000000
1990,Death Doom Metal,calm,6,0,0.000000
1990,Death Doom Metal,dark,6,5,0.833333
1990,Death Doom Metal,depressive,6,2,0.333333
1990,Death Doom Metal,happy,6,0,0.000000
1990,Death Doom Metal,melancholic,6,5,0.833333
1990,Death Doom Metal,optimistic,6,0,0.000000
1990,Death Doom Metal,peaceful,6,0,0.000000
1990,Death Doom Metal,playful,6,0,0.000000
1990,Death Doom Metal,sad,6,0,0.000000
1990,Death Doom Metal,sombre,6,5,0.833333
1990,Death Doom Metal,uplifting,6,0,0.000000
1990,Death Metal,aggressive,29,26,0.896552
1990,Death Metal,angry,29,9,0.310345
1990,Death Metal,anxious,29,1,0.034483
1990,Death Metal,bittersweet,29,0,0.000000
1990,Death Metal,calm,29,0,0.000000
1990,Death Metal,dark,29,16,0.551724
1990,Death Metal,depressive,29,0,0.000000
1990,Death Metal,happy,29,0,0.000000
1990,Death Metal,melancholic,29,0,0.000000
1990,Death Metal,optimistic,29,0,0.000000
1990,Death Metal,peaceful,29,0,0.000000
1990,Death Metal,playful,29,0,0.000000
1990,Death Metal,sad,29,0,0.000000
1990,Death Metal,sombre,29,1,0.034483
1990,Death Metal,uplifting,29,0,0.000000
1990,Death'n'Roll,aggressive,2,1,0.500000
1990,Death'n'Roll,angry,2,2,1.000000
1990,Death'n'Roll,anxious,2,0,0.000000
1990,Death'n'Roll,bittersweet,2,0,0.000000
1990,Death'n'Roll,calm,2,0,0.000000
1990,Death'n'Roll,dark,2,0,0.000000
1990,Death'n'Roll,depressive,2,0,0.000000
1990,Death'n'Roll,happy,2,0,0.000000
1990,Death'n'Roll,melancholic,2,0,0.000000
1990,Death'n'Roll,optimistic,2,0,0.000000
1990,Death'n'Roll,peaceful,2,0,0.000000
1990,Death'n'Roll,playful,2,0,0.000000
1990,Death'n'Roll,sad,2,0,0.000000
1990,Death'n'Roll,sombre,2,0,0.000000
1990,Death'n'Roll,uplifting,2,0,0.000000
1990,Digital Hardcore,aggressive,1,1,1.000000
1990,Digital Hardcore,angry,1,1,1.000000
1990,Digital Hardcore,anxious,1,0,0.000000
1990,Digital Hardcore,bittersweet,1,0,0.000000
1990,Digital Hardcore,calm,1,0,0.000000
1990,Digital Hardcore,dark,1,0,0.000000
1990,Digital Hardcore,depressive,1,0,0.000000
1990,Digital Hardcore,happy,1,0,0.000000
1990,Digital Hardcore,melancholic,1,0,0.000000
1990,Digital Hardcore,optimistic,1,0,0.000000
1990,Digital Hardcore,peaceful,1,0,0.000000
1990,Digital Hardcore,playful,1,0,0.000000
1990,Digital Hardcore,sad,1,0,0.000000
1990,Digital Hardcore,sombre,1,0,0.000000
1990,Digital Hardcore,uplifting,1,0,0.000000
1990,Dirty South,aggressive,1,0,0.000000
1990,Dirty South,angry,1,0,0.000000
1990,Dirty South,anxious,1,0,0.000000
1990,Dirty South,bittersweet,1,0,0.000000
1990,Dirty South,calm,1,0,0.000000
1990,Dirty South,dark,1,0,0.000000
1990,Dirty South,depressive,1,0,0.000000
1990,Dirty South,happy,1,0,0.000000
1990,Dirty South,melancholic,1,0,0.000000
1990,Dirty South,optimistic,1,0,0.000000
1990,Dirty South,peaceful,1,0,0.000000
1990,Dirty South,playful,1,0,0.000000
1990,Dirty South,sad,1,0,0.000000
1990,Dirty South,sombre,1,1,1.000000
1990,Dirty South,uplifting,1,0,0.000000
1990,Djent,aggressive,2,2,1.000000
1990,Djent,angry,2,0,0.000000
1990,Djent,anxious,2,0,0.000000
1990,Djent,bittersweet,2,0,0.000000
1990,Djent,calm,2,0,0.000000
1990,Djent,dark,2,0,0.000000
1990,Djent,depressive,2,0,0.000000
1990,Djent,happy,2,0,0.000000
1990,Djent,melancholic,2,0,0.000000
1990,Djent,optimistic,2,0,0.000000
1990,Djent,peaceful,2,0,0.000000
1990,Djent,playful,2,0,0.000000
1990,Djent,sad,2,0,0.000000
1990,Djent,sombre,2,0,0.000000
1990,Djent,uplifting,2,0,0.000000
1990,Doom Metal,aggressive,9,1,0.111111
1990,Doom Metal,angry,9,0,0.000000
1990,Doom Metal,anxious,9,0,0.000000
1990,Doom Metal,bittersweet,9,0,0.000000
1990,Doom Metal,calm,9,0,0.000000
1990,Doom Metal,dark,9,4,0.444444
1990,Doom Metal,depressive,9,3,0.333333
1990,Doom Metal,happy,9,0,0.000000
1990,Doom Metal,melancholic,9,5,0.555556
1990,Doom Metal,optimistic,9,0,0.000000
1990,Doom Metal,peaceful,9,0,0.000000
1990,Doom Metal,playful,9,0,0.000000
1990,Doom Metal,sad,9,2,0.222222
1990,Doom Metal,sombre,9,4,0.444444
1990,Doom Metal,uplifting,9,0,0.000000
1990,Downtempo,aggressive,9,0,0.000000
1990,Downtempo,angry,9,0,0.000000
1990,Downtempo,anxious,9,1,0.111111
1990,Downtempo,bittersweet,9,2,0.222222
1990,Downtempo,calm,9,0,0.000000
1990,Downtempo,dark,9,1,0.111111
1990,Downtempo,depressive,9,0,0.000000
1990,Downtempo,happy,9,0,0.000000
1990,Downtempo,melancholic,9,5,0.555556
1990,Downtempo,optimistic,9,0,0.000000
1990,Downtempo,peaceful,9,2,0.222222
1990,Downtempo,playful,9,1,0.111111
1990,Downtempo,sad,9,0,0.000000
1990,Downtempo,sombre,9,1,0.111111
1990,Downtempo,uplifting,9,0,0.000000
1990,Dream Pop,aggressive,23,0,0.000000
1990,Dream Pop,angry,23,0,0.000000
1990,Dream Pop,anxious,23,0,0.000000
1990,Dream Pop,bittersweet,23,8,0.347826
1990,Dream Pop,calm,23,5,0.217391
1990,Dream Pop,dark,23,0,0.000000
1990,Dream Pop,depressive,23,0,0.000000
1990,Dream Pop,happy,23,1,0.043478
1990,Dream Pop,melancholic,23,11,0.478261
1990,Dream Pop,optimistic,23,1,0.043478
1990,Dream Pop,peaceful,23,3,0.130435
1990,Dream Pop,playful,23,3,0.130435
1990,Dream Pop,sad,23,2,0.086957
1990,Dream Pop,sombre,23,0,0.000000
1990,Dream Pop,uplifting,23,1,0.043478
1990,Drilland Bass,aggressive,3,0,0.000000
1990,Drilland Bass,angry,3,0,0.000000
1990,Drilland Bass,anxious,3,0,0.000000
1990,Drilland Bass,bittersweet,3,0,0.000000
1990,Drilland Bass,calm,3,0,0.000000
1990,Drilland Bass,dark,3,0,0.000000
1990,Drilland Bass,depressive,3,0,0.000000
1990,Drilland Bass,happy,3,0,0.000000
1990,Drilland Bass,melancholic,3,0,0.000000
1990,Drilland Bass,optimistic,3,0,0.000000
1990,Drilland Bass,peaceful,3,0,0.000000
1990,Drilland Bass,playful,3,2,0.666667
1990,Drilland Bass,sad,3,0,0.000000
1990,Drilland Bass,sombre,3,0,0.000000
1990,Drilland Bass,uplifting,3,0,0.000000
1990,Drone,aggressive,5,0,0.000000
1990,Drone,angry,5,0,0.000000
1990,Drone,anxious,5,0,0.000000
1990,Drone,bittersweet,5,0,0.000000
1990,Drone,calm,5,1,0.200000
1990,Drone,dark,5,2,0.400000
1990,Drone,depressive,5,0,0.000000
1990,Drone,happy,5,0,0.000000
1990,Drone,melancholic,5,0,0.000000
1990,Drone,optimistic,5,0,0.000000
1990,Drone,peaceful,5,0,0.000000
1990,Drone,playful,5,0,0.000000
1990,Drone,sad,5,0,0.000000
1990,Drone,sombre,5,0,0.000000
1990,Drone,uplifting,5,0,0.000000
1990,Drone Metal,aggressive,4,1,0.250000
1990,Drone Metal,angry,4,1,0.250000
1990,Drone Metal,anxious,4,0,0.000000
1990,Drone Metal,bittersweet,4,0,0.000000
1990,Drone Metal,calm,4,0,0.000000
1990,Drone Metal,dark,4,0,0.000000
1990,Drone Metal,depressive,4,0,0.000000
1990,Drone Metal,happy,4,0,0.000000
1990,Drone Metal,melancholic,4,0,0.000000
1990,Drone Metal,optimistic,4,0,0.000000
1990,Drone Metal,peaceful,4,0,0.000000
1990,Drone Metal,playful,4,0,0.000000
1990,Drone Metal,sad,4,0,0.000000
1990,Drone Metal,sombre,4,0,0.000000
1990,Drone Metal,uplifting,4,0,0.000000
1990,Drumand Bass,aggressive,1,0,0.000000
1990,Drumand Bass,angry,1,0,0.000000
1990,Drumand Bass,anxious,1,0,0.000000
1990,Drumand Bass,bittersweet,1,0,0.000000
1990,Drumand Bass,calm,1,0,0.000000
1990,Drumand Bass,dark,1,0,0.000000
1990,Drumand Bass,depressive,1,0,0.000000
1990,Drumand Bass,happy,1,0,0.000000
1990,Drumand Bass,melancholic,1,0,0.000000
1990,Drumand Bass,optimistic,1,0,0.000000
1990,Drumand Bass,peaceful,1,0,0.000000
1990,Drumand Bass,playful,1,0,0.000000
1990,Drumand Bass,sad,1,0,0.000000
1990,Drumand Bass,sombre,1,0,0.000000
1990,Drumand Bass,uplifting,1,0,0.000000
1990,Dub Techno,aggressive,1,0,0.000000
1990,Dub Techno,angry,1,0,0.000000
1990,Dub Techno,anxious,1,0,0.000000
1990,Dub Techno,bittersweet,1,0,0.000000
1990,Dub Techno,calm,1,0,0.000000
1990,Dub Techno,dark,1,1,1.000000
1990,Dub Techno,depressive,1,0,0.000000
1990,Dub Techno,happy,1,0,0.000000
1990,Dub Techno,melancholic,1,0,0.000000
1990,Dub Techno,optimistic,1,0,0.000000
1990,Dub Techno,peaceful,1,0,0.000000
1990,Dub Techno,playful,1,0,0.000000
1990,Dub Techno,sad,1,0,0.000000
1990,Dub Techno,sombre,1,0,0.000000
1990,Dub Techno,uplifting,1,0,0.000000
1990,Dungeon Synth,aggressive,3,0,0.000000
1990,Dungeon Synth,angry,3,0,0.000000
1990,Dungeon Synth,anxious,3,0,0.000000
1990,Dungeon Synth,bittersweet,3,0,0.000000
1990,Dungeon Synth,calm,3,1,0.333333
1990,Dungeon Synth,dark,3,0,0.000000
1990,Dungeon Synth,depressive,3,0,0.000000
1990,Dungeon Synth,happy,3,0,0.000000
1990,Dungeon Synth,melancholic,3,3,1.000000
1990,Dungeon Synth,optimistic,3,0,0.000000
1990,Dungeon Synth,peaceful,3,0,0.000000
1990,Dungeon Synth,playful,3,0,0.000000
1990,Dungeon Synth,sad,3,0,0.000000
1990,Dungeon Synth,sombre,3,1,0.333333
1990,Dungeon Synth,uplifting,3,0,0.000000
1990,East Coast Hip Hop,aggressive,60,11,0.183333
1990,East Coast Hip Hop,angry,60,3,0.050000
1990,East Coast Hip Hop,anxious,60,2,0.033333
1990,East Coast Hip Hop,bittersweet,60,0,0.000000
1990,East Coast Hip Hop,calm,60,5,0.083333
1990,East Coast Hip Hop,dark,60,16,0.266667
1990,East Coast Hip Hop,depressive,60,0,0.000000
1990,East Coast Hip Hop,happy,60,0,0.000000
1990,East Coast Hip Hop,melancholic,60,1,0.016667
1990,East Coast Hip Hop,optimistic,60,2,0.033333
1990,East Coast Hip Hop,peaceful,60,0,0.000000
1990,East Coast Hip Hop,playful,60,12,0.200000
1990,East Coast Hip Hop,sad,60,0,0.000000
1990,East Coast Hip Hop,sombre,60,2,0.033333
1990,East Coast Hip Hop,uplifting,60,3,0.050000
1990,Electro-Industrial,aggressive,1,0,0.000000
1990,Electro-Industrial,angry,1,0,0.000000
1990,Electro-Industrial,anxious,1,0,0.000000
1990,Electro-Industrial,bittersweet,1,0,0.000000
1990,Electro-Industrial,calm,1,0,0.000000
1990,Electro-Industrial,dark,1,1,1.000000
1990,Electro-Industrial,depressive,1,0,0.000000
1990,Electro-Industrial,happy,1,0,0.000000
1990,Electro-Industrial,melancholic,1,0,0.000000
1990,Electro-Industrial,optimistic,1,0,0.000000
1990,Electro-Industrial,peaceful,1,0,0.000000
1990,Electro-Industrial,playful,1,0,0.000000
1990,Electro-Industrial,sad,1,0,0.000000
1990,Electro-Industrial,sombre,1,0,0.000000
1990,Electro-Industrial,uplifting,1,0,0.000000
1990,Electronic,aggressive,7,1,0.142857
1990,Electronic,angry,7,0,0.000000
1990,Electronic,anxious,7,1,0.142857
1990,Electronic,bittersweet,7,0,0.000000
1990,Electronic,calm,7,0,0.000000
1990,Electronic,dark,7,4,0.571429
1990,Electronic,depressive,7,0,0.000000
1990,Electronic,happy,7,0,0.000000
1990,Electronic,melancholic,7,0,0.000000
1990,Electronic,optimistic,7,0,0.000000
1990,Electronic,peaceful,7,0,0.000000
1990,Electronic,playful,7,1,0.142857
1990,Electronic,sad,7,0,0.000000
1990,Electronic,sombre,7,1,0.142857
1990,Electronic,uplifting,7,0,0.000000
1990,Emo,aggressive,2,0,0.000000
1990,Emo,angry,2,1,0.500000
1990,Emo,anxious,2,0,0.000000
1990,Emo,bittersweet,2,1,0.500000
1990,Emo,calm,2,0,0.000000
1990,Emo,dark,2,0,0.000000
1990,Emo,depressive,2,1,0.500000
1990,Emo,happy,2,0,0.000000
1990,Emo,melancholic,2,2,1.000000
1990,Emo,optimistic,2,0,0.000000
1990,Emo,peaceful,2,0,0.000000
1990,Emo,playful,2,0,0.000000
1990,Emo,sad,2,1,0.500000
1990,Emo,sombre,2,0,0.000000
1990,Emo,uplifting,2,0,0.000000
1990,Emo-Pop,aggressive,1,0,0.000000
1990,Emo-Pop,angry,1,0,0.000000
1990,Emo-Pop,anxious,1,0,0.000000
1990,Emo-Pop,bittersweet,1,1,1.000000
1990,Emo-Pop,calm,1,0,0.000000
1990,Emo-Pop,dark,1,0,0.000000
1990,Emo-Pop,depressive,1,0,0.000000
1990,Emo-Pop,happy,1,0,0.000000
1990,Emo-Pop,melancholic,1,1,1.000000
1990,Emo-Pop,optimistic,1,0,0.000000
1990,Emo-Pop,peaceful,1,0,0.000000
1990,Emo-Pop,playful,1,0,0.000000
1990,Emo-Pop,sad,1,0,0.000000
1990,Emo-Pop,sombre,1,0,0.000000
1990,Emo-Pop,uplifting,1,0,0.000000
1990,Emoviolence,aggressive,1,1,1.000000
1990,Emoviolence,angry,1,1,1.000000
1990,Emoviolence,anxious,1,1,1.000000
1990,Emoviolence,bittersweet,1,0,0.000000
1990,Emoviolence,calm,1,0,0.000000
1990,Emoviolence,dark,1,1,1.000000
1990,Emoviolence,depressive,1,0,0.000000
1990,Emoviolence,happy,1,0,0.000000
1990,Emoviolence,melancholic,1,0,0.000000
1990,Emoviolence,optimistic,1,0,0.000000
1990,Emoviolence,peaceful,1,0,0.000000
1990,Emoviolence,playful,1,0,0.000000
1990,Emoviolence,sad,1,0,0.000000
1990,Emoviolence,sombre,1,0,0.000000
1990,Emoviolence,uplifting,1,0,0.000000
1990,Experimental,aggressive,4,0,0.000000
1990,Experimental,angry,4,0,0.000000
1990,Experimental,anxious,4,0,0.000000
1990,Experimental,bittersweet,4,0,0.000000
1990,Experimental,calm,4,0,0.000000
1990,Experimental,dark,4,3,0.750000
1990,Experimental,depressive,4,1,0.250000
1990,Experimental,happy,4,0,0.000000
1990,Experimental,melancholic,4,1,0.250000
1990,Experimental,optimistic,4,0,0.000000
1990,Experimental,peaceful,4,0,0.000000
1990,Experimental,playful,4,1,0.250000
1990,Experimental,sad,4,0,0.000000
1990,Experimental,sombre,4,2,0.500000
1990,Experimental,uplifting,4,0,0.000000
1990,Experimental Hip Hop,aggressive,2,1,0.500000
1990,Experimental Hip Hop,angry,2,0,0.000000
1990,Experimental Hip Hop,anxious,2,0,0.000000
1990,Experimental Hip Hop,bittersweet,2,0,0.000000
1990,Experimental Hip Hop,calm,2,0,0.000000
1990,Experimental Hip Hop,dark,2,0,0.000000
1990,Experimental Hip Hop,depressive,2,0,0.000000
1990,Experimental Hip Hop,happy,2,0,0.000000
1990,Experimental Hip Hop,melancholic,2,0,0.000000
1990,Experimental Hip Hop,optimistic,2,0,0.000000
1990,Experimental Hip Hop,peaceful,2,0,0.000000
1990,Experimental Hip Hop,playful,2,0,0.000000
1990,Experimental Hip Hop,sad,2,0,0.000000
1990,Experimental Hip Hop,sombre,2,1,0.500000
1990,Experimental Hip Hop,uplifting,2,0,0.000000
1990,Experimental Rock,aggressive,31,1,0.032258
1990,Experimental Rock,angry,31,0,0.000000
1990,Experimental Rock,anxious,31,1,0.032258
1990,Experimental Rock,bittersweet,31,1,0.032258
1990,Experimental Rock,calm,31,1,0.032258
1990,Experimental Rock,dark,31,4,0.129032
1990,Experimental Rock,depressive,31,2,0.064516
1990,Experimental Rock,happy,31,0,0.000000
1990,Experimental Rock,melancholic,31,5,0.161290
1990,Experimental Rock,optimistic,31,0,0.000000
1990,Experimental Rock,peaceful,31,2,0.064516
1990,Experimental Rock,playful,31,11,0.354839
1990,Experimental Rock,sad,31,0,0.000000
1990,Experimental Rock,sombre,31,2,0.064516
1990,Experimental Rock,uplifting,31,2,0.064516
1990,Film Score,aggressive,2,0,0.000000
1990,Film Score,angry,2,0,0.000000
1990,Film Score,anxious,2,0,0.000000
1990,Film Score,bittersweet,2,0,0.000000
1990,Film Score,calm,2,0,0.000000
1990,Film Score,dark,2,1,0.500000
1990,Film Score,depressive,2,1,0.500000
1990,Film Score,happy,2,0,0.000000
1990,Film Score,melancholic,2,2,1.000000
1990,Film Score,optimistic,2,0,0.000000
1990,Film Score,peaceful,2,0,0.000000
1990,Film Score,playful,2,0,0.000000
1990,Film Score,sad,2,0,0.000000
1990,Film Score,sombre,2,0,0.000000
1990,Film Score,uplifting,2,0,0.000000
1990,Folk Metal,aggressive,1,0,0.000000
1990,Folk Metal,angry,1,0,0.000000
1990,Folk Metal,anxious,1,0,0.000000
1990,Folk Metal,bittersweet,1,0,0.000000
1990,Folk Metal,calm,1,0,0.000000
1990,Folk Metal,dark,1,1,1.000000
1990,Folk Metal,depressive,1,0,0.000000
1990,Folk Metal,happy,1,0,0.000000
1990,Folk Metal,melancholic,1,1,1.000000
1990,Folk Metal,optimistic,1,0,0.000000
1990,Folk Metal,peaceful,1,0,0.000000
1990,Folk Metal,playful,1,0,0.000000
1990,Folk Metal,sad,1,0,0.000000
1990,Folk Metal,sombre,1,0,0.000000
1990,Folk Metal,uplifting,1,0,0.000000
1990,Folk Rock,aggressive,9,0,0.000000
1990,Folk Rock,angry,9,0,0.000000
1990,Folk Rock,anxious,9,0,0.000000
1990,Folk Rock,bittersweet,9,4,0.444444
1990,Folk Rock,calm,9,0,0.000000
1990,Folk Rock,dark,9,1,0.111111
1990,Folk Rock,depressive,9,1,0.111111
1990,Folk Rock,happy,9,0,0.000000
1990,Folk Rock,melancholic,9,6,0.666667
1990,Folk Rock,optimistic,9,0,0.000000
1990,Folk Rock,peaceful,9,0,0.000000
1990,Folk Rock,playful,9,1,0.111111
1990,Folk Rock,sad,9,2,0.222222
1990,Folk Rock,sombre,9,3,0.333333
1990,Folk Rock,uplifting,9,1,0.111111
1990,Freak Folk,aggressive,1,0,0.000000
1990,Freak Folk,angry,1,0,0.000000
1990,Freak Folk,anxious,1,0,0.000000
1990,Freak Folk,bittersweet,1,0,0.000000
1990,Freak Folk,calm,1,0,0.000000
1990,Freak Folk,dark,1,0,0.000000
1990,Freak Folk,depressive,1,0,0.000000
1990,Freak Folk,happy,1,0,0.000000
1990,Freak Folk,melancholic,1,0,0.000000
1990,Freak Folk,optimistic,1,0,0.000000
1990,Freak Folk,peaceful,1,0,0.000000
1990,Freak Folk,playful,1,1,1.000000
1990,Freak Folk,sad,1,0,0.000000
1990,Freak Folk,sombre,1,0,0.000000
1990,Freak Folk,uplifting,1,0,0.000000
1990,French House,aggressive,1,0,0.000000
1990,French House,angry,1,0,0.000000
1990,French House,anxious,1,0,0.000000
1990,French House,bittersweet,1,0,0.000000
1990,French House,calm,1,0,0.000000
1990,French House,dark,1,0,0.000000
1990,French House,depressive,1,0,0.000000
1990,French House,happy,1,0,0.000000
1990,French House,melancholic,1,0,0.000000
1990,French House,optimistic,1,0,0.000000
1990,French House,peaceful,1,0,0.000000
1990,French House,playful,1,1,1.000000
1990,French House,sad,1,0,0.000000
1990,French House,sombre,1,0,0.000000
1990,French House,uplifting,1,0,0.000000
1990,Funk,aggressive,2,0,0.000000
1990,Funk,angry,2,0,0.000000
1990,Funk,anxious,2,0,0.000000
1990,Funk,bittersweet,2,0,0.000000
1990,Funk,calm,2,0,0.000000
1990,Funk,dark,2,0,0.000000
1990,Funk,depressive,2,0,0.000000
1990,Funk,happy,2,1,0.500000
1990,Funk,melancholic,2,0,0.000000
1990,Funk,optimistic,2,0,0.000000
1990,Funk,peaceful,2,0,0.000000
1990,Funk,playful,2,0,0.000000
1990,Funk,sad,2,0,0.000000
1990,Funk,sombre,2,0,0.000000
1990,Funk,uplifting,2,2,1.000000
1990,Funk Metal,aggressive,7,1,0.142857
1990,Funk Metal,angry,7,0,0.000000
1990,Funk Metal,anxious,7,0,0.000000
1990,Funk Metal,bittersweet,7,0,0.000000
1990,Funk Metal,calm,7,0,0.000000
1990,Funk Metal,dark,7,1,0.142857
1990,Funk Metal,depressive,7,0,0.000000
1990,Funk Metal,happy,7,0,0.000000
1990,Funk Metal,melancholic,7,0,0.000000
1990,Funk Metal,optimistic,7,0,0.000000
1990,Funk Metal,peaceful,7,0,0.000000
1990,Funk Metal,playful,7,7,1.000000
1990,Funk Metal,sad,7,0,0.000000
1990,Funk Metal,sombre,7,0,0.000000
1990,Funk Metal,uplifting,7,0,0.000000
1990,Funk Rock,aggressive,7,0,0.000000
1990,Funk Rock,angry,7,0,0.000000
1990,Funk Rock,anxious,7,0,0.000000
1990,Funk Rock,bittersweet,7,1,0.142857
1990,Funk Rock,calm,7,0,0.000000
1990,Funk Rock,dark,7,1,0.142857
1990,Funk Rock,depressive,7,0,0.000000
1990,Funk Rock,happy,7,2,0.285714
1990,Funk Rock,melancholic,7,1,0.142857
1990,Funk Rock,optimistic,7,1,0.142857
1990,Funk Rock,peaceful,7,0,0.000000
1990,Funk Rock,playful,7,7,1.000000
1990,Funk Rock,sad,7,0,0.000000
1990,Funk Rock,sombre,7,0,0.000000
1990,Funk Rock,uplifting,7,1,0.142857
1990,G-Funk,aggressive,3,1,0.333333
1990,G-Funk,angry,3,0,0.000000
1990,G-Funk,anxious,3,0,0.000000
1990,G-Funk,bittersweet,3,0,0.000000
1990,G-Funk,calm,3,0,0.000000
1990,G-Funk,dark,3,0,0.000000
1990,G-Funk,depressive,3,0,0.000000
1990,G-Funk,happy,3,0,0.000000
1990,G-Funk,melancholic,3,0,0.000000
1990,G-Funk,optimistic,3,0,0.000000
1990,G-Funk,peaceful,3,0,0.000000
1990,G-Funk,playful,3,0,0.000000
1990,G-Funk,sad,3,0,0.000000
1990,G-Funk,sombre,3,0,0.000000
1990,G-Funk,uplifting,3,0,0.000000
1990,Gangsta Rap,aggressive,24,9,0.375000
1990,Gangsta Rap,angry,24,7,0.291667
1990,Gangsta Rap,anxious,24,3,0.125000
1990,Gangsta Rap,bittersweet,24,0,0.000000
1990,Gangsta Rap,calm,24,0,0.000000
1990,Gangsta Rap,dark,24,8,0.333333
1990,Gangsta Rap,depressive,24,0,0.000000
1990,Gangsta Rap,happy,24,0,0.000000
1990,Gangsta Rap,melancholic,24,1,0.041667
1990,Gangsta Rap,optimistic,24,0,0.000000
1990,Gangsta Rap,peaceful,24,0,0.000000
1990,Gangsta Rap,playful,24,1,0.041667
1990,Gangsta Rap,sad,24,0,0.000000
1990,Gangsta Rap,sombre,24,3,0.125000
1990,Gangsta Rap,uplifting,24,0,0.000000
1990,Garage Punk,aggressive,1,0,0.000000
1990,Garage Punk,angry,1,0,0.000000
1990,Garage Punk,anxious,1,0,0.000000
1990,Garage Punk,bittersweet,1,0,0.000000
1990,Garage Punk,calm,1,0,0.000000
1990,Garage Punk,dark,1,0,0.000000
1990,Garage Punk,depressive,1,0,0.000000
1990,Garage Punk,happy,1,0,0.000000
1990,Garage Punk,melancholic,1,0,0.000000
1990,Garage Punk,optimistic,1,0,0.000000
1990,Garage Punk,peaceful,1,0,0.000000
1990,Garage Punk,playful,1,0,0.000000
1990,Garage Punk,sad,1,0,0.000000
1990,Garage Punk,sombre,1,0,0.000000
1990,Garage Punk,uplifting,1,0,0.000000
1990,Garage Rock Revival,aggressive,2,0,0.000000
1990,Garage Rock Revival,angry,2,0,0.000000
1990,Garage Rock Revival,anxious,2,0,0.000000
1990,Garage Rock Revival,bittersweet,2,1,0.500000
1990,Garage Rock Revival,calm,2,0,0.000000
1990,Garage Rock Revival,dark,2,0,0.000000
1990,Garage Rock Revival,depressive,2,0,0.000000
1990,Garage Rock Revival,happy,2,0,0.000000
1990,Garage Rock Revival,melancholic,2,0,0.000000
1990,Garage Rock Revival,optimistic,2,0,0.000000
1990,Garage Rock Revival,peaceful,2,0,0.000000
1990,Garage Rock Revival,playful,2,1,0.500000
1990,Garage Rock Revival,sad,2,0,0.000000
1990,Garage Rock Revival,sombre,2,0,0.000000
1990,Garage Rock Revival,uplifting,2,0,0.000000
1990,Glam Rock,aggressive,3,0,0.000000
1990,Glam Rock,angry,3,0,0.000000
1990,Glam Rock,anxious,3,1,0.333333
1990,Glam Rock,bittersweet,3,1,0.333333
1990,Glam Rock,calm,3,0,0.000000
1990,Glam Rock,dark,3,1,0.333333
1990,Glam Rock,depressive,3,0,0.000000
1990,Glam Rock,happy,3,0,0.000000
1990,Glam Rock,melancholic,3,2,0.666667
1990,Glam Rock,optimistic,3,1,0.333333
1990,Glam Rock,peaceful,3,0,0.000000
1990,Glam Rock,playful,3,0,0.000000
1990,Glam Rock,sad,3,0,0.000000
1990,Glam Rock,sombre,3,0,0.000000
1990,Glam Rock,uplifting,3,0,0.000000
1990,Glitch,aggressive,1,0,0.000000
1990,Glitch,angry,1,0,0.000000
1990,Glitch,anxious,1,0,0.000000
1990,Glitch,bittersweet,1,0,0.000000
1990,Glitch,calm,1,0,0.000000
1990,Glitch,dark,1,0,0.000000
1990,Glitch,depressive,1,0,0.000000
1990,Glitch,happy,1,0,0.000000
1990,Glitch,melancholic,1,0,0.000000
1990,Glitch,optimistic,1,0,0.000000
1990,Glitch,peaceful,1,1,1.000000
1990,Glitch,playful,1,0,0.000000
1990,Glitch,sad,1,0,0.000000
1990,Glitch,sombre,1,0,0.000000
1990,Glitch,uplifting,1,0,0.000000
1990,Gothic Country,aggressive,1,0,0.000000
1990,Gothic Country,angry,1,0,0.000000
1990,Gothic Country,anxious,1,0,0.000000
1990,Gothic Country,bittersweet,1,0,0.000000
1990,Gothic Country,calm,1,0,0.000000
1990,Gothic Country,dark,1,1,1.000000
1990,Gothic Country,depressive,1,0,0.000000
1990,Gothic Country,happy,1,0,0.000000
1990,Gothic Country,melancholic,1,0,0.000000
1990,Gothic Country,optimistic,1,0,0.000000
1990,Gothic Country,peaceful,1,0,0.000000
1990,Gothic Country,playful,1,0,0.000000
1990,Gothic Country,sad,1,0,0.000000
1990,Gothic Country,sombre,1,0,0.000000
1990,Gothic Country,uplifting,1,0,0.000000
1990,Gothic Metal,aggressive,12,1,0.083333
1990,Gothic Metal,angry,12,0,0.000000
1990,Gothic Metal,anxious,12,0,0.000000
1990,Gothic Metal,bittersweet,12,0,0.000000
1990,Gothic Metal,calm,12,0,0.000000
1990,Gothic Metal,dark,12,8,0.666667
1990,Gothic Metal,depressive,12,3,0.250000
1990,Gothic Metal,happy,12,0,0.000000
1990,Gothic Metal,melancholic,12,8,0.666667
1990,Gothic Metal,optimistic,12,0,0.000000
1990,Gothic Metal,peaceful,12,0,0.000000
1990,Gothic Metal,playful,12,0,0.000000
1990,Gothic Metal,sad,12,1,0.083333
1990,Gothic Metal,sombre,12,7,0.583333
1990,Gothic Metal,uplifting,12,0,0.000000
1990,Gothic Rock,aggressive,2,0,0.000000
1990,Gothic Rock,angry,2,0,0.000000
1990,Gothic Rock,anxious,2,0,0.000000
1990,Gothic Rock,bittersweet,2,0,0.000000
1990,Gothic Rock,calm,2,0,0.000000
1990,Gothic Rock,dark,2,1,0.500000
1990,Gothic Rock,depressive,2,1,0.500000
1990,Gothic Rock,happy,2,0,0.000000
1990,Gothic Rock,melancholic,2,1,0.500000
1990,Gothic Rock,optimistic,2,0,0.000000
1990,Gothic Rock,peaceful,2,0,0.000000
1990,Gothic Rock,playful,2,0,0.000000
1990,Gothic Rock,sad,2,0,0.000000
1990,Gothic Rock,sombre,2,2,1.000000
1990,Gothic Rock,uplifting,2,0,0.000000
1990,Grindcore,aggressive,1,1,1.000000
1990,Grindcore,angry,1,1,1.000000
1990,Grindcore,anxious,1,0,0.000000
1990,Grindcore,bittersweet,1,0,0.000000
1990,Grindcore,calm,1,0,0.000000
1990,Grindcore,dark,1,0,0.000000
1990,Grindcore,depressive,1,0,0.000000
1990,Grindcore,happy,1,0,0.000000
1990,Grindcore,melancholic,1,0,0.000000
1990,Grindcore,optimistic,1,0,0.000000
1990,Grindcore,peaceful,1,0,0.000000
1990,Grindcore,playful,1,0,0.000000
1990,Grindcore,sad,1,0,0.000000
1990,Grindcore,sombre,1,0,0.000000
1990,Grindcore,uplifting,1,0,0.000000
1990,Groove Metal,aggressive,11,11,1.000000
1990,Groove Metal,angry,11,9,0.818182
1990,Groove Metal,anxious,11,0,0.000000
1990,Groove Metal,bittersweet,11,0,0.000000
1990,Groove Metal,calm,11,0,0.000000
1990,Groove Metal,dark,11,1,0.090909
1990,Groove Metal,depressive,11,0,0.000000
1990,Groove Metal,happy,11,0,0.000000
1990,Groove Metal,melancholic,11,0,0.000000
1990,Groove Metal,optimistic,11,0,0.000000
1990,Groove Metal,peaceful,11,0,0.000000
1990,Groove Metal,playful,11,0,0.000000
1990,Groove Metal,sad,11,0,0.000000
1990,Groove Metal,sombre,11,0,0.000000
1990,Groove Metal,uplifting,11,0,0.000000
1990,Grunge,aggressive,20,3,0.150000
1990,Grunge,angry,20,9,0.450000
1990,Grunge,anxious,20,7,0.350000
1990,Grunge,bittersweet,20,8,0.400000
1990,Grunge,calm,20,0,0.000000
1990,Grunge,dark,20,6,0.300000
1990,Grunge,depressive,20,3,0.150000
1990,Grunge,happy,20,0,0.000000
1990,Grunge,melancholic,20,10,0.500000
1990,Grunge,optimistic,20,0,0.000000
1990,Grunge,peaceful,20,0,0.000000
1990,Grunge,playful,20,0,0.000000
1990,Grunge,sad,20,2,0.100000
1990,Grunge,sombre,20,6,0.300000
1990,Grunge,uplifting,20,0,0.000000
1990,Hard Rock,aggressive,26,2,0.076923
1990,Hard Rock,angry,26,5,0.192308
1990,Hard Rock,anxious,26,3,0.115385
1990,Hard Rock,bittersweet,26,6,0.230769
1990,Hard Rock,calm,26,0,0.000000
1990,Hard Rock,dark,26,4,0.153846
1990,Hard Rock,depressive,26,1,0.038462
1990,Hard Rock,happy,26,0,0.000000
1990,Hard Rock,melancholic,26,5,0.192308
1990,Hard Rock,optimistic,26,1,0.038462
1990,Hard Rock,peaceful,26,0,0.000000
1990,Hard Rock,playful,26,2,0.076923
1990,Hard Rock,sad,26,0,0.000000
1990,Hard Rock,sombre,26,0,0.000000
1990,Hard Rock,uplifting,26,1,0.038462
1990,Hardcore Hip Hop,aggressive,18,9,0.500000
1990,Hardcore Hip Hop,angry,18,2,0.111111
1990,Hardcore Hip Hop,anxious,18,0,0.000000
1990,Hardcore Hip Hop,bittersweet,18,0,0.000000
1990,Hardcore Hip Hop,calm,18,0,0.000000
1990,Hardcore Hip Hop,dark,18,8,0.444444
1990,Hardcore Hip Hop,depressive,18,0,0.000000
1990,Hardcore Hip Hop,happy,18,0,0.000000
1990,Hardcore Hip Hop,melancholic,18,1,0.055556
1990,Hardcore Hip Hop,optimistic,18,0,0.000000
1990,Hardcore Hip Hop,peaceful,18,0,0.000000
1990,Hardcore Hip Hop,playful,18,1,0.055556
1990,Hardcore Hip Hop,sad,18,0,0.000000
1990,Hardcore Hip Hop,sombre,18,1,0.055556
1990,Hardcore Hip Hop,uplifting,18,0,0.000000
1990,Hardcore Punk,aggressive,2,2,1.000000
1990,Hardcore Punk,angry,2,2,1.000000
1990,Hardcore Punk,anxious,2,0,0.000000
1990,Hardcore Punk,bittersweet,2,0,0.000000
1990,Hardcore Punk,calm,2,0,0.000000
1990,Hardcore Punk,dark,2,0,0.000000
1990,Hardcore Punk,depressive,2,0,0.000000
1990,Hardcore Punk,happy,2,0,0.000000
1990,Hardcore Punk,melancholic,2,0,0.000000
1990,Hardcore Punk,optimistic,2,0,0.000000
1990,Hardcore Punk,peaceful,2,0,0.000000
1990,Hardcore Punk,playful,2,0,0.000000
1990,Hardcore Punk,sad,2,0,0.000000
1990,Hardcore Punk,sombre,2,0,0.000000
1990,Hardcore Punk,uplifting,2,0,0.000000
1990,Harsh Noise,aggressive,3,2,0.666667
1990,Harsh Noise,angry,3,0,0.000000
1990,Harsh Noise,anxious,3,0,0.000000
1990,Harsh Noise,bittersweet,3,0,0.000000
1990,Harsh Noise,calm,3,0,0.000000
1990,Harsh Noise,dark,3,0,0.000000
1990,Harsh Noise,depressive,3,0,0.000000
1990,Harsh Noise,happy,3,0,0.000000
1990,Harsh Noise,melancholic,3,0,0.000000
1990,Harsh Noise,optimistic,3,0,0.000000
1990,Harsh Noise,peaceful,3,0,0.000000
1990,Harsh Noise,playful,3,1,0.333333
1990,Harsh Noise,sad,3,0,0.000000
1990,Harsh Noise,sombre,3,0,0.000000
1990,Harsh Noise,uplifting,3,0,0.000000
1990,Heartland Rock,aggressive,2,0,0.000000
1990,Heartland Rock,angry,2,0,0.000000
1990,Heartland Rock,anxious,2,0,0.000000
1990,Heartland Rock,bittersweet,2,1,0.500000
1990,Heartland Rock,calm,2,0,0.000000
1990,Heartland Rock,dark,2,0,0.000000
1990,Heartland Rock,depressive,2,1,0.500000
1990,Heartland Rock,happy,2,0,0.000000
1990,Heartland Rock,melancholic,2,2,1.000000
1990,Heartland Rock,optimistic,2,0,0.000000
1990,Heartland Rock,peaceful,2,0,0.000000
1990,Heartland Rock,playful,2,0,0.000000
1990,Heartland Rock,sad,2,0,0.000000
1990,Heartland Rock,sombre,2,0,0.000000
1990,Heartland Rock,uplifting,2,0,0.000000
1990,Heavy Metal,aggressive,22,2,0.090909
1990,Heavy Metal,angry,22,5,0.227273
1990,Heavy Metal,anxious,22,2,0.090909
1990,Heavy Metal,bittersweet,22,0,0.000000
1990,Heavy Metal,calm,22,0,0.000000
1990,Heavy Metal,dark,22,9,0.409091
1990,Heavy Metal,depressive,22,0,0.000000
1990,Heavy Metal,happy,22,0,0.000000
1990,Heavy Metal,melancholic,22,4,0.181818
1990,Heavy Metal,optimistic,22,0,0.000000
1990,Heavy Metal,peaceful,22,0,0.000000
1990,Heavy Metal,playful,22,0,0.000000
1990,Heavy Metal,sad,22,0,0.000000
1990,Heavy Metal,sombre,22,3,0.136364
1990,Heavy Metal,uplifting,22,0,0.000000
1990,Horrorcore,aggressive,3,0,0.000000
1990,Horrorcore,angry,3,0,0.000000
1990,Horrorcore,anxious,3,0,0.000000
1990,Horrorcore,bittersweet,3,0,0.000000
1990,Horrorcore,calm,3,0,0.000000
1990,Horrorcore,dark,3,3,1.000000
1990,Horrorcore,depressive,3,0,0.000000
1990,Horrorcore,happy,3,0,0.000000
1990,Horrorcore,melancholic,3,0,0.000000
1990,Horrorcore,optimistic,3,0,0.000000
1990,Horrorcore,peaceful,3,0,0.000000
1990,Horrorcore,playful,3,0,0.000000
1990,Horrorcore,sad,3,0,0.000000
1990,Horrorcore,sombre,3,0,0.000000
1990,Horrorcore,uplifting,3,0,0.000000
1990,House,aggressive,1,0,0.000000
1990,House,angry,1,0,0.000000
1990,House,anxious,1,0,0.000000
1990,House,bittersweet,1,0,0.000000
1990,House,calm,1,0,0.000000
1990,House,dark,1,0,0.000000
1990,House,depressive,1,0,0.000000
1990,House,happy,1,0,0.000000
1990,House,melancholic,1,0,0.000000
1990,House,optimistic,1,0,0.000000
1990,House,peaceful,1,0,0.000000
1990,House,playful,1,1,1.000000
1990,House,sad,1,0,0.000000
1990,House,sombre,1,0,0.000000
1990,House,uplifting,1,0,0.000000
1990,IDM,aggressive,12,0,0.000000
1990,IDM,angry,12,0,0.000000
1990,IDM,anxious,12,0,0.000000
1990,IDM,bittersweet,12,0,0.000000
1990,IDM,calm,12,1,0.083333
1990,IDM,dark,12,3,0.250000
1990,IDM,depressive,12,0,0.000000
1990,IDM,happy,12,0,0.000000
1990,IDM,melancholic,12,0,0.000000
1990,IDM,optimistic,12,0,0.000000
1990,IDM,peaceful,12,0,0.000000
1990,IDM,playful,12,2,0.166667
1990,IDM,sad,12,0,0.000000
1990,IDM,sombre,12,0,0.000000
1990,IDM,uplifting,12,0,0.000000
1990,Indie Folk,aggressive,5,0,0.000000
1990,Indie Folk,angry,5,0,0.000000
1990,Indie Folk,anxious,5,0,0.000000
1990,Indie Folk,bittersweet,5,4,0.800000
1990,Indie Folk,calm,5,0,0.000000
1990,Indie Folk,dark,5,0,0.000000
1990,Indie Folk,depressive,5,2,0.400000
1990,Indie Folk,happy,5,0,0.000000
1990,Indie Folk,melancholic,5,4,0.800000
1990,Indie Folk,optimistic,5,0,0.000000
1990,Indie Folk,peaceful,5,0,0.000000
1990,Indie Folk,playful,5,0,0.000000
1990,Indie Folk,sad,5,2,0.400000
1990,Indie Folk,sombre,5,2,0.400000
1990,Indie Folk,uplifting,5,0,0.000000
1990,Indie Pop,aggressive,18,0,0.000000
1990,Indie Pop,angry,18,1,0.055556
1990,Indie Pop,anxious,18,1,0.055556
1990,Indie Pop,bittersweet,18,14,0.777778
1990,Indie Pop,calm,18,0,0.000000
1990,Indie Pop,dark,18,1,0.055556
1990,Indie Pop,depressive,18,2,0.111111
1990,Indie Pop,happy,18,1,0.055556
1990,Indie Pop,melancholic,18,10,0.555556
1990,Indie Pop,optimistic,18,0,0.000000
1990,Indie Pop,peaceful,18,0,0.000000
1990,Indie Pop,playful,18,4,0.222222
1990,Indie Pop,sad,18,3,0.166667
1990,Indie Pop,sombre,18,3,0.166667
1990,Indie Pop,uplifting,18,1,0.055556
1990,Indie Rock,aggressive,45,0,0.000000
1990,Indie Rock,angry,45,3,0.066667
1990,Indie Rock,anxious,45,17,0.377778
1990,Indie Rock,bittersweet,45,27,0.600000
1990,Indie Rock,calm,45,1,0.022222
1990,Indie Rock,dark,45,2,0.044444
1990,Indie Rock,depressive,45,3,0.066667
1990,Indie Rock,happy,45,0,0.000000
1990,Indie Rock,melancholic,45,18,0.400000
1990,Indie Rock,optimistic,45,0,0.000000
1990,Indie Rock,peaceful,45,0,0.000000
1990,Indie Rock,playful,45,13,0.288889
1990,Indie Rock,sad,45,5,0.111111
1990,Indie Rock,sombre,45,2,0.044444
1990,Indie Rock,uplifting,45,3,0.066667
1990,Indietronica,aggressive,2,0,0.000000
1990,Indietronica,angry,2,0,0.000000
1990,Indietronica,anxious,2,0,0.000000
1990,Indietronica,bittersweet,2,0,0.000000
1990,Indietronica,calm,2,0,0.000000
1990,Indietronica,dark,2,0,0.000000
1990,Indietronica,depressive,2,0,0.000000
1990,Indietronica,happy,2,1,0.500000
1990,Indietronica,melancholic,2,0,0.000000
1990,Indietronica,optimistic,2,0,0.000000
1990,Indietronica,peaceful,2,0,0.000000
1990,Indietronica,playful,2,1,0.500000
1990,Indietronica,sad,2,0,0.000000
1990,Indietronica,sombre,2,0,0.000000
1990,Indietronica,uplifting,2,0,0.000000
1990,Industrial Metal,aggressive,8,7,0.875000
1990,Industrial Metal,angry,8,3,0.375000
1990,Industrial Metal,anxious,8,0,0.000000
1990,Industrial Metal,bittersweet,8,0,0.000000
1990,Industrial Metal,calm,8,0,0.000000
1990,Industrial Metal,dark,8,2,0.250000
1990,Industrial Metal,depressive,8,0,0.000000
1990,Industrial Metal,happy,8,0,0.000000
1990,Industrial Metal,melancholic,8,0,0.000000
1990,Industrial Metal,optimistic,8,0,0.000000
1990,Industrial Metal,peaceful,8,0,0.000000
1990,Industrial Metal,playful,8,0,0.000000
1990,Industrial Metal,sad,8,0,0.000000
1990,Industrial Metal,sombre,8,0,0.000000
1990,Industrial Metal,uplifting,8,0,0.000000
1990,Industrial Rock,aggressive,7,4,0.571429
1990,Industrial Rock,angry,7,3,0.428571
1990,Industrial Rock,anxious,7,1,0.142857
1990,Industrial Rock,bittersweet,7,0,0.000000
1990,Industrial Rock,calm,7,0,0.000000
1990,Industrial Rock,dark,7,5,0.714286
1990,Industrial Rock,depressive,7,2,0.285714
1990,Industrial Rock,happy,7,0,0.000000
1990,Industrial Rock,melancholic,7,0,0.000000
1990,Industrial Rock,optimistic,7,0,0.000000
1990,Industrial Rock,peaceful,7,0,0.000000
1990,Industrial Rock,playful,7,1,0.142857
1990,Industrial Rock,sad,7,1,0.142857
1990,Industrial Rock,sombre,7,1,0.142857
1990,Industrial Rock,uplifting,7,0,0.000000
1990,Instrumental Hip Hop,aggressive,1,0,0.000000
1990,Instrumental Hip Hop,angry,1,0,0.000000
1990,Instrumental Hip Hop,anxious,1,0,0.000000
1990,Instrumental Hip Hop,bittersweet,1,0,0.000000
1990,Instrumental Hip Hop,calm,1,0,0.000000
1990,Instrumental Hip Hop,dark,1,0,0.000000
1990,Instrumental Hip Hop,depressive,1,0,0.000000
1990,Instrumental Hip Hop,happy,1,0,0.000000
1990,Instrumental Hip Hop,melancholic,1,0,0.000000
1990,Instrumental Hip Hop,optimistic,1,0,0.000000
1990,Instrumental Hip Hop,peaceful,1,0,0.000000
1990,Instrumental Hip Hop,playful,1,0,0.000000
1990,Instrumental Hip Hop,sad,1,0,0.000000
1990,Instrumental Hip Hop,sombre,1,1,1.000000
1990,Instrumental Hip Hop,uplifting,1,0,0.000000
1990,Jangle Pop,aggressive,5,0,0.000000
1990,Jangle Pop,angry,5,0,0.000000
1990,Jangle Pop,anxious,5,0,0.000000
1990,Jangle Pop,bittersweet,5,5,1.000000
1990,Jangle Pop,calm,5,0,0.000000
1990,Jangle Pop,dark,5,0,0.000000
1990,Jangle Pop,depressive,5,0,0.000000
1990,Jangle Pop,happy,5,0,0.000000
1990,Jangle Pop,melancholic,5,2,0.400000
1990,Jangle Pop,optimistic,5,0,0.000000
1990,Jangle Pop,peaceful,5,0,0.000000
1990,Jangle Pop,playful,5,1,0.200000
1990,Jangle Pop,sad,5,0,0.000000
1990,Jangle Pop,sombre,5,0,0.000000
1990,Jangle Pop,uplifting,5,1,0.200000
1990,Jazz,aggressive,1,0,0.000000
1990,Jazz,angry,1,0,0.000000
1990,Jazz,anxious,1,0,0.000000
1990,Jazz,bittersweet,1,0,0.000000
1990,Jazz,calm,1,0,0.000000
1990,Jazz,dark,1,0,0.000000
1990,Jazz,depressive,1,0,0.000000
1990,Jazz,happy,1,0,0.000000
1990,Jazz,melancholic,1,1,1.000000
1990,Jazz,optimistic,1,0,0.000000
1990,Jazz,peaceful,1,0,0.000000
1990,Jazz,playful,1,1,1.000000
1990,Jazz,sad,1,0,0.000000
1990,Jazz,sombre,1,0,0.000000
1990,Jazz,uplifting,1,1,1.000000
1990,Jazz Pop,aggressive,1,0,0.000000
1990,Jazz Pop,angry,1,0,0.000000
1990,Jazz Pop,anxious,1,0,0.000000
1990,Jazz Pop,bittersweet,1,1,1.000000
1990,Jazz Pop,calm,1,0,0.000000
1990,Jazz Pop,dark,1,0,0.000000
1990,Jazz Pop,depressive,1,0,0.000000
1990,Jazz Pop,happy,1,0,0.000000
1990,Jazz Pop,melancholic,1,0,0.000000
1990,Jazz Pop,optimistic,1,0,0.000000
1990,Jazz Pop,peaceful,1,0,0.000000
1990,Jazz Pop,playful,1,0,0.000000
1990,Jazz Pop,sad,1,0,0.000000
1990,Jazz Pop,sombre,1,0,0.000000
1990,Jazz Pop,uplifting,1,0,0.000000
1990,Jazz Rap,aggressive,16,1,0.062500
1990,Jazz Rap,angry,16,1,0.062500
1990,Jazz Rap,anxious,16,1,0.062500
1990,Jazz Rap,bittersweet,16,0,0.000000
1990,Jazz Rap,calm,16,3,0.187500
1990,Jazz Rap,dark,16,2,0.125000
1990,Jazz Rap,depressive,16,0,0.000000
1990,Jazz Rap,happy,16,1,0.062500
1990,Jazz Rap,melancholic,16,0,0.000000
1990,Jazz Rap,optimistic,16,2,0.125000
1990,Jazz Rap,peaceful,16,0,0.000000
1990,Jazz Rap,playful,16,8,0.500000
1990,Jazz Rap,sad,16,0,0.000000
1990,Jazz Rap,sombre,16,0,0.000000
1990,Jazz Rap,uplifting,16,2,0.125000
1990,Jazz-Rock,aggressive,4,1,0.250000
1990,Jazz-Rock,angry,4,0,0.000000
1990,Jazz-Rock,anxious,4,0,0.000000
1990,Jazz-Rock,bittersweet,4,2,0.500000
1990,Jazz-Rock,calm,4,0,0.000000
1990,Jazz-Rock,dark,4,3,0.750000
1990,Jazz-Rock,depressive,4,0,0.000000
1990,Jazz-Rock,happy,4,0,0.000000
1990,Jazz-Rock,melancholic,4,0,0.000000
1990,Jazz-Rock,optimistic,4,0,0.000000
1990,Jazz-Rock,peaceful,4,0,0.000000
1990,Jazz-Rock,playful,4,1,0.250000
1990,Jazz-Rock,sad,4,0,0.000000
1990,Jazz-Rock,sombre,4,2,0.500000
1990,Jazz-Rock,uplifting,4,0,0.000000
1990,Jazzstep,aggressive,1,0,0.000000
1990,Jazzstep,angry,1,0,0.000000
1990,Jazzstep,anxious,1,0,0.000000
1990,Jazzstep,bittersweet,1,0,0.000000
1990,Jazzstep,calm,1,0,0.000000
1990,Jazzstep,dark,1,1,1.000000
1990,Jazzstep,depressive,1,0,0.000000
1990,Jazzstep,happy,1,0,0.000000
1990,Jazzstep,melancholic,1,0,0.000000
1990,Jazzstep,optimistic,1,0,0.000000
1990,Jazzstep,peaceful,1,0,0.000000
1990,Jazzstep,playful,1,0,0.000000
1990,Jazzstep,sad,1,0,0.000000
1990,Jazzstep,sombre,1,0,0.000000
1990,Jazzstep,uplifting,1,0,0.000000
1990,Jungle,aggressive,1,0,0.000000
1990,Jungle,angry,1,0,0.000000
1990,Jungle,anxious,1,0,0.000000
1990,Jungle,bittersweet,1,0,0.000000
1990,Jungle,calm,1,0,0.000000
1990,Jungle,dark,1,1,1.000000
1990,Jungle,depressive,1,0,0.000000
1990,Jungle,happy,1,0,0.000000
1990,Jungle,melancholic,1,0,0.000000
1990,Jungle,optimistic,1,0,0.000000
1990,Jungle,peaceful,1,0,0.000000
1990,Jungle,playful,1,0,0.000000
1990,Jungle,sad,1,0,0.000000
1990,Jungle,sombre,1,0,0.000000
1990,Jungle,uplifting,1,0,0.000000
1990,Krautrock,aggressive,1,0,0.000000
1990,Krautrock,angry,1,0,0.000000
1990,Krautrock,anxious,1,0,0.000000
1990,Krautrock,bittersweet,1,0,0.000000
1990,Krautrock,calm,1,0,0.000000
1990,Krautrock,dark,1,0,0.000000
1990,Krautrock,depressive,1,0,0.000000
1990,Krautrock,happy,1,0,0.000000
1990,Krautrock,melancholic,1,0,0.000000
1990,Krautrock,optimistic,1,0,0.000000
1990,Krautrock,peaceful,1,0,0.000000
1990,Krautrock,playful,1,0,0.000000
1990,Krautrock,sad,1,0,0.000000
1990,Krautrock,sombre,1,0,0.000000
1990,Krautrock,uplifting,1,0,0.000000
1990,Latin Alternative,aggressive,1,0,0.000000
1990,Latin Alternative,angry,1,0,0.000000
1990,Latin Alternative,anxious,1,0,0.000000
1990,Latin Alternative,bittersweet,1,0,0.000000
1990,Latin Alternative,calm,1,0,0.000000
1990,Latin Alternative,dark,1,0,0.000000
1990,Latin Alternative,depressive,1,0,0.000000
1990,Latin Alternative,happy,1,0,0.000000
1990,Latin Alternative,melancholic,1,0,0.000000
1990,Latin Alternative,optimistic,1,0,0.000000
1990,Latin Alternative,peaceful,1,0,0.000000
1990,Latin Alternative,playful,1,0,0.000000
1990,Latin Alternative,sad,1,0,0.000000
1990,Latin Alternative,sombre,1,0,0.000000
1990,Latin Alternative,uplifting,1,0,0.000000
1990,Latin Rock,aggressive,1,0,0.000000
1990,Latin Rock,angry,1,0,0.000000
1990,Latin Rock,anxious,1,0,0.000000
1990,Latin Rock,bittersweet,1,0,0.000000
1990,Latin Rock,calm,1,0,0.000000
1990,Latin Rock,dark,1,0,0.000000
1990,Latin Rock,depressive,1,0,0.000000
1990,Latin Rock,happy,1,0,0.000000
1990,Latin Rock,melancholic,1,0,0.000000
1990,Latin Rock,optimistic,1,0,0.000000
1990,Latin Rock,peaceful,1,0,0.000000
1990,Latin Rock,playful,1,0,0.000000
1990,Latin Rock,sad,1,0,0.000000
1990,Latin Rock,sombre,1,0,0.000000
1990,Latin Rock,uplifting,1,1,1.000000
1990,Lo-Fi/Slacker Rock,aggressive,20,0,0.000000
1990,Lo-Fi/Slacker Rock,angry,20,0,0.000000
1990,Lo-Fi/Slacker Rock,anxious,20,3,0.150000
1990,Lo-Fi/Slacker Rock,bittersweet,20,10,0.500000
1990,Lo-Fi/Slacker Rock,calm,20,0,0.000000
1990,Lo-Fi/Slacker Rock,dark,20,1,0.050000
1990,Lo-Fi/Slacker Rock,depressive,20,2,0.100000
1990,Lo-Fi/Slacker Rock,happy,20,0,0.000000
1990,Lo-Fi/Slacker Rock,melancholic,20,11,0.550000
1990,Lo-Fi/Slacker Rock,optimistic,20,0,0.000000
1990,Lo-Fi/Slacker Rock,peaceful,20,0,0.000000
1990,Lo-Fi/Slacker Rock,playful,20,6,0.300000
1990,Lo-Fi/Slacker Rock,sad,20,1,0.050000
1990,Lo-Fi/Slacker Rock,sombre,20,1,0.050000
1990,Lo-Fi/Slacker Rock,uplifting,20,1,0.050000
1990,Mandopop,aggressive,1,0,0.000000
1990,Mandopop,angry,1,0,0.000000
1990,Mandopop,anxious,1,0,0.000000
1990,Mandopop,bittersweet,1,0,0.000000
1990,Mandopop,calm,1,1,1.000000
1990,Mandopop,dark,1,0,0.000000
1990,Mandopop,depressive,1,0,0.000000
1990,Mandopop,happy,1,0,0.000000
1990,Mandopop,melancholic,1,0,0.000000
1990,Mandopop,optimistic,1,0,0.000000
1990,Mandopop,peaceful,1,1,1.000000
1990,Mandopop,playful,1,0,0.000000
1990,Mandopop,sad,1,0,0.000000
1990,Mandopop,sombre,1,0,0.000000
1990,Mandopop,uplifting,1,0,0.000000
1990,Math Rock,aggressive,8,3,0.375000
1990,Math Rock,angry,8,3,0.375000
1990,Math Rock,anxious,8,5,0.625000
1990,Math Rock,bittersweet,8,2,0.250000
1990,Math Rock,calm,8,0,0.000000
1990,Math Rock,dark,8,1,0.125000
1990,Math Rock,depressive,8,0,0.000000
1990,Math Rock,happy,8,0,0.000000
1990,Math Rock,melancholic,8,1,0.125000
1990,Math Rock,optimistic,8,0,0.000000
1990,Math Rock,peaceful,8,0,0.000000
1990,Math Rock,playful,8,0,0.000000
1990,Math Rock,sad,8,0,0.000000
1990,Math Rock,sombre,8,1,0.125000
1990,Math Rock,uplifting,8,0,0.000000
1990,Mathcore,aggressive,2,2,1.000000
1990,Mathcore,angry,2,2,1.000000
1990,Mathcore,anxious,2,0,0.000000
1990,Mathcore,bittersweet,2,0,0.000000
1990,Mathcore,calm,2,0,0.000000
1990,Mathcore,dark,2,0,0.000000
1990,Mathcore,depressive,2,0,0.000000
1990,Mathcore,happy,2,0,0.000000
1990,Mathcore,melancholic,2,0,0.000000
1990,Mathcore,optimistic,2,0,0.000000
1990,Mathcore,peaceful,2,0,0.000000
1990,Mathcore,playful,2,0,0.000000
1990,Mathcore,sad,2,0,0.000000
1990,Mathcore,sombre,2,0,0.000000
1990,Mathcore,uplifting,2,0,0.000000
1990,Melodic Black Metal,aggressive,5,2,0.400000
1990,Melodic Black Metal,angry,5,0,0.000000
1990,Melodic Black Metal,anxious,5,0,0.000000
1990,Melodic Black Metal,bittersweet,5,0,0.000000
1990,Melodic Black Metal,calm,5,0,0.000000
1990,Melodic Black Metal,dark,5,4,0.800000
1990,Melodic Black Metal,depressive,5,0,0.000000
1990,Melodic Black Metal,happy,5,0,0.000000
1990,Melodic Black Metal,melancholic,5,2,0.400000
1990,Melodic Black Metal,optimistic,5,0,0.000000
1990,Melodic Black Metal,peaceful,5,0,0.000000
1990,Melodic Black Metal,playful,5,0,0.000000
1990,Melodic Black Metal,sad,5,0,0.000000
1990,Melodic Black Metal,sombre,5,3,0.600000
1990,Melodic Black Metal,uplifting,5,0,0.000000
1990,Melodic Death Metal,aggressive,11,6,0.545455
1990,Melodic Death Metal,angry,11,3,0.272727
1990,Melodic Death Metal,anxious,11,0,0.000000
1990,Melodic Death Metal,bittersweet,11,0,0.000000
1990,Melodic Death Metal,calm,11,0,0.000000
1990,Melodic Death Metal,dark,11,1,0.090909
1990,Melodic Death Metal,depressive,11,0,0.000000
1990,Melodic Death Metal,happy,11,0,0.000000
1990,Melodic Death Metal,melancholic,11,3,0.272727
1990,Melodic Death Metal,optimistic,11,0,0.000000
1990,Melodic Death Metal,peaceful,11,0,0.000000
1990,Melodic Death Metal,playful,11,0,0.000000
1990,Melodic Death Metal,sad,11,0,0.000000
1990,Melodic Death Metal,sombre,11,0,0.000000
1990,Melodic Death Metal,uplifting,11,0,0.000000
1990,Melodic Hardcore,aggressive,1,0,0.000000
1990,Melodic Hardcore,angry,1,1,1.000000
1990,Melodic Hardcore,anxious,1,0,0.000000
1990,Melodic Hardcore,bittersweet,1,0,0.000000
1990,Melodic Hardcore,calm,1,0,0.000000
1990,Melodic Hardcore,dark,1,0,0.000000
1990,Melodic Hardcore,depressive,1,0,0.000000
1990,Melodic Hardcore,happy,1,0,0.000000
1990,Melodic Hardcore,melancholic,1,0,0.000000
1990,Melodic Hardcore,optimistic,1,0,0.000000
1990,Melodic Hardcore,peaceful,1,0,0.000000
1990,Melodic Hardcore,playful,1,0,0.000000
1990,Melodic Hardcore,sad,1,0,0.000000
1990,Melodic Hardcore,sombre,1,0,0.000000
1990,Melodic Hardcore,uplifting,1,0,0.000000
1990,Memphis Rap,aggressive,3,0,0.000000
1990,Memphis Rap,angry,3,0,0.000000
1990,Memphis Rap,anxious,3,1,0.333333
1990,Memphis Rap,bittersweet,3,0,0.000000
1990,Memphis Rap,calm,3,0,0.000000
1990,Memphis Rap,dark,3,3,1.000000
1990,Memphis Rap,depressive,3,0,0.000000
1990,Memphis Rap,happy,3,0,0.000000
1990,Memphis Rap,melancholic,3,0,0.000000
1990,Memphis Rap,optimistic,3,0,0.000000
1990,Memphis Rap,peaceful,3,0,0.000000
1990,Memphis Rap,playful,3,0,0.000000
1990,Memphis Rap,sad,3,0,0.000000
1990,Memphis Rap,sombre,3,0,0.000000
1990,Memphis Rap,uplifting,3,0,0.000000
1990,Metalcore,aggressive,2,2,1.000000
1990,Metalcore,angry,2,2,1.000000
1990,Metalcore,anxious,2,1,0.500000
1990,Metalcore,bittersweet,2,0,0.000000
1990,Metalcore,calm,2,0,0.000000
1990,Metalcore,dark,2,1,0.500000
1990,Metalcore,depressive,2,0,0.000000
1990,Metalcore,happy,2,0,0.000000
1990,Metalcore,melancholic,2,0,0.000000
1990,Metalcore,optimistic,2,0,0.000000
1990,Metalcore,peaceful,2,0,0.000000
1990,Metalcore,playful,2,0,0.000000
1990,Metalcore,sad,2,0,0.000000
1990,Metalcore,sombre,2,0,0.000000
1990,Metalcore,uplifting,2,0,0.000000
1990,Midwest Emo,aggressive,10,0,0.000000
1990,Midwest Emo,angry,10,0,0.000000
1990,Midwest Emo,anxious,10,4,0.400000
1990,Midwest Emo,bittersweet,10,8,0.800000
1990,Midwest Emo,calm,10,0,0.000000
1990,Midwest Emo,dark,10,0,0.000000
1990,Midwest Emo,depressive,10,3,0.300000
1990,Midwest Emo,happy,10,0,0.000000
1990,Midwest Emo,melancholic,10,9,0.900000
1990,Midwest Emo,optimistic,10,0,0.000000
1990,Midwest Emo,peaceful,10,0,0.000000
1990,Midwest Emo,playful,10,1,0.100000
1990,Midwest Emo,sad,10,4,0.400000
1990,Midwest Emo,sombre,10,0,0.000000
1990,Midwest Emo,uplifting,10,0,0.000000
1990,Minimal Techno,aggressive,2,0,0.000000
1990,Minimal Techno,angry,2,0,0.000000
1990,Minimal Techno,anxious,2,0,0.000000
1990,Minimal Techno,bittersweet,2,0,0.000000
1990,Minimal Techno,calm,2,1,0.500000
1990,Minimal Techno,dark,2,1,0.500000
1990,Minimal Techno,depressive,2,0,0.000000
1990,Minimal Techno,happy,2,0,0.000000
1990,Minimal Techno,melancholic,2,0,0.000000
1990,Minimal Techno,optimistic,2,0,0.000000
1990,Minimal Techno,peaceful,2,0,0.000000
1990,Minimal Techno,playful,2,0,0.000000
1990,Minimal Techno,sad,2,0,0.000000
1990,Minimal Techno,sombre,2,1,0.500000
1990,Minimal Techno,uplifting,2,0,0.000000
1990,Minimalism,aggressive,1,0,0.000000
1990,Minimalism,angry,1,0,0.000000
1990,Minimalism,anxious,1,0,0.000000
1990,Minimalism,bittersweet,1,0,0.000000
1990,Minimalism,calm,1,0,0.000000
1990,Minimalism,dark,1,0,0.000000
1990,Minimalism,depressive,1,0,0.000000
1990,Minimalism,happy,1,0,0.000000
1990,Minimalism,melancholic,1,0,0.000000
1990,Minimalism,optimistic,1,0,0.000000
1990,Minimalism,peaceful,1,0,0.000000
1990,Minimalism,playful,1,0,0.000000
1990,Minimalism,sad,1,0,0.000000
1990,Minimalism,sombre,1,0,0.000000
1990,Minimalism,uplifting,1,0,0.000000
1990,Modern Classical,aggressive,2,0,0.000000
1990,Modern Classical,angry,2,0,0.000000
1990,Modern Classical,anxious,2,0,0.000000
1990,Modern Classical,bittersweet,2,0,0.000000
1990,Modern Classical,calm,2,0,0.000000
1990,Modern Classical,dark,2,0,0.000000
1990,Modern Classical,depressive,2,1,0.500000
1990,Modern Classical,happy,2,0,0.000000
1990,Modern Classical,melancholic,2,2,1.000000
1990,Modern Classical,optimistic,2,0,0.000000
1990,Modern Classical,peaceful,2,0,0.000000
1990,Modern Classical,playful,2,0,0.000000
1990,Modern Classical,sad,2,1,0.500000
1990,Modern Classical,sombre,2,0,0.000000
1990,Modern Classical,uplifting,2,0,0.000000
1990,Musiqueconcrète,aggressive,1,0,0.000000
1990,Musiqueconcrète,angry,1,0,0.000000
1990,Musiqueconcrète,anxious,1,0,0.000000
1990,Musiqueconcrète,bittersweet,1,0,0.000000
1990,Musiqueconcrète,calm,1,0,0.000000
1990,Musiqueconcrète,dark,1,0,0.000000
1990,Musiqueconcrète,depressive,1,0,0.000000
1990,Musiqueconcrète,happy,1,0,0.000000
1990,Musiqueconcrète,melancholic,1,0,0.000000
1990,Musiqueconcrète,optimistic,1,0,0.000000
1990,Musiqueconcrète,peaceful,1,0,0.000000
1990,Musiqueconcrète,playful,1,0,0.000000
1990,Musiqueconcrète,sad,1,0,0.000000
1990,Musiqueconcrète,sombre,1,0,0.000000
1990,Musiqueconcrète,uplifting,1,0,0.000000
1990,Neo-Medieval Folk,aggressive,1,0,0.000000
1990,Neo-Medieval Folk,angry,1,0,0.000000
1990,Neo-Medieval Folk,anxious,1,0,0.000000
1990,Neo-Medieval Folk,bittersweet,1,0,0.000000
1990,Neo-Medieval Folk,calm,1,0,0.000000
1990,Neo-Medieval Folk,dark,1,0,0.000000
1990,Neo-Medieval Folk,depressive,1,0,0.000000
1990,Neo-Medieval Folk,happy,1,0,0.000000
1990,Neo-Medieval Folk,melancholic,1,0,0.000000
1990,Neo-Medieval Folk,optimistic,1,0,0.000000
1990,Neo-Medieval Folk,peaceful,1,0,0.000000
1990,Neo-Medieval Folk,playful,1,0,0.000000
1990,Neo-Medieval Folk,sad,1,0,0.000000
1990,Neo-Medieval Folk,sombre,1,0,0.000000
1990,Neo-Medieval Folk,uplifting,1,0,0.000000
1990,Neo-Psychedelia,aggressive,33,0,0.000000
1990,Neo-Psychedelia,angry,33,0,0.000000
1990,Neo-Psychedelia,anxious,33,1,0.030303
1990,Neo-Psychedelia,bittersweet,33,8,0.242424
1990,Neo-Psychedelia,calm,33,3,0.090909
1990,Neo-Psychedelia,dark,33,0,0.000000
1990,Neo-Psychedelia,depressive,33,1,0.030303
1990,Neo-Psychedelia,happy,33,5,0.151515
1990,Neo-Psychedelia,melancholic,33,8,0.242424
1990,Neo-Psychedelia,optimistic,33,2,0.060606
1990,Neo-Psychedelia,peaceful,33,1,0.030303
1990,Neo-Psychedelia,playful,33,14,0.424242
1990,Neo-Psychedelia,sad,33,1,0.030303
1990,Neo-Psychedelia,sombre,33,0,0.000000
1990,Neo-Psychedelia,uplifting,33,5,0.151515
1990,Neo-Soul,aggressive,3,0,0.000000
1990,Neo-Soul,angry,3,0,0.000000
1990,Neo-Soul,anxious,3,0,0.000000
1990,Neo-Soul,bittersweet,3,0,0.000000
1990,Neo-Soul,calm,3,0,0.000000
1990,Neo-Soul,dark,3,0,0.000000
1990,Neo-Soul,depressive,3,0,0.000000
1990,Neo-Soul,happy,3,0,0.000000
1990,Neo-Soul,melancholic,3,0,0.000000
1990,Neo-Soul,optimistic,3,0,0.000000
1990,Neo-Soul,peaceful,3,0,0.000000
1990,Neo-Soul,playful,3,0,0.000000
1990,Neo-Soul,sad,3,0,0.000000
1990,Neo-Soul,sombre,3,0,0.000000
1990,Neo-Soul,uplifting,3,0,0.000000
1990,Neoclassical Darkwave,aggressive,2,0,0.000000
1990,Neoclassical Darkwave,angry,2,0,0.000000
1990,Neoclassical Darkwave,anxious,2,0,0.000000
1990,Neoclassical Darkwave,bittersweet,2,0,0.000000
1990,Neoclassical Darkwave,calm,2,0,0.000000
1990,Neoclassical Darkwave,dark,2,0,0.000000
1990,Neoclassical Darkwave,depressive,2,0,0.000000
1990,Neoclassical Darkwave,happy,2,0,0.000000
1990,Neoclassical Darkwave,melancholic,2,0,0.000000
1990,Neoclassical Darkwave,optimistic,2,0,0.000000
1990,Neoclassical Darkwave,peaceful,2,0,0.000000
1990,Neoclassical Darkwave,playful,2,0,0.000000
1990,Neoclassical Darkwave,sad,2,0,0.000000
1990,Neoclassical Darkwave,sombre,2,1,0.500000
1990,Neoclassical Darkwave,uplifting,2,0,0.000000
1990,Neoclassical Metal,aggressive,1,0,0.000000
1990,Neoclassical Metal,angry,1,0,0.000000
1990,Neoclassical Metal,anxious,1,0,0.000000
1990,Neoclassical Metal,bittersweet,1,0,0.000000
1990,Neoclassical Metal,calm,1,0,0.000000
1990,Neoclassical Metal,dark,1,0,0.000000
1990,Neoclassical Metal,depressive,1,0,0.000000
1990,Neoclassical Metal,happy,1,0,0.000000
1990,Neoclassical Metal,melancholic,1,0,0.000000
1990,Neoclassical Metal,optimistic,1,0,0.000000
1990,Neoclassical Metal,peaceful,1,0,0.000000
1990,Neoclassical Metal,playful,1,0,0.000000
1990,Neoclassical Metal,sad,1,0,0.000000
1990,Neoclassical Metal,sombre,1,0,0.000000
1990,Neoclassical Metal,uplifting,1,0,0.000000
1990,Neofolk,aggressive,4,0,0.000000
1990,Neofolk,angry,4,0,0.000000
1990,Neofolk,anxious,4,0,0.000000
1990,Neofolk,bittersweet,4,0,0.000000
1990,Neofolk,calm,4,0,0.000000
1990,Neofolk,dark,4,1,0.250000
1990,Neofolk,depressive,4,0,0.000000
1990,Neofolk,happy,4,0,0.000000
1990,Neofolk,melancholic,4,4,1.000000
1990,Neofolk,optimistic,4,0,0.000000
1990,Neofolk,peaceful,4,0,0.000000
1990,Neofolk,playful,4,0,0.000000
1990,Neofolk,sad,4,0,0.000000
1990,Neofolk,sombre,4,3,0.750000
1990,Neofolk,uplifting,4,0,0.000000
1990,Neue Deutsche Härte,aggressive,2,2,1.000000
1990,Neue Deutsche Härte,angry,2,0,0.000000
1990,Neue Deutsche Härte,anxious,2,0,0.000000
1990,Neue Deutsche Härte,bittersweet,2,0,0.000000
1990,Neue Deutsche Härte,calm,2,0,0.000000
1990,Neue Deutsche Härte,dark,2,2,1.000000
1990,Neue Deutsche Härte,depressive,2,0,0.000000
1990,Neue Deutsche Härte,happy,2,0,0.000000
1990,Neue Deutsche Härte,melancholic,2,0,0.000000
1990,Neue Deutsche Härte,optimistic,2,0,0.000000
1990,Neue Deutsche Härte,peaceful,2,0,0.000000
1990,Neue Deutsche Härte,playful,2,0,0.000000
1990,Neue Deutsche Härte,sad,2,0,0.000000
1990,Neue Deutsche Härte,sombre,2,0,0.000000
1990,Neue Deutsche Härte,uplifting,2,0,0.000000
1990,New Jack Swing,aggressive,1,0,0.000000
1990,New Jack Swing,angry,1,0,0.000000
1990,New Jack Swing,anxious,1,1,1.000000
1990,New Jack Swing,bittersweet,1,0,0.000000
1990,New Jack Swing,calm,1,0,0.000000
1990,New Jack Swing,dark,1,0,0.000000
1990,New Jack Swing,depressive,1,0,0.000000
1990,New Jack Swing,happy,1,0,0.000000
1990,New Jack Swing,melancholic,1,0,0.000000
1990,New Jack Swing,optimistic,1,0,0.000000
1990,New Jack Swing,peaceful,1,0,0.000000
1990,New Jack Swing,playful,1,0,0.000000
1990,New Jack Swing,sad,1,0,0.000000
1990,New Jack Swing,sombre,1,0,0.000000
1990,New Jack Swing,uplifting,1,1,1.000000
1990,Noise,aggressive,1,0,0.000000
1990,Noise,angry,1,0,0.000000
1990,Noise,anxious,1,0,0.000000
1990,Noise,bittersweet,1,0,0.000000
1990,Noise,calm,1,0,0.000000
1990,Noise,dark,1,0,0.000000
1990,Noise,depressive,1,0,0.000000
1990,Noise,happy,1,0,0.000000
1990,Noise,melancholic,1,0,0.000000
1990,Noise,optimistic,1,0,0.000000
1990,Noise,peaceful,1,0,0.000000
1990,Noise,playful,1,0,0.000000
1990,Noise,sad,1,0,0.000000
1990,Noise,sombre,1,0,0.000000
1990,Noise,uplifting,1,0,0.000000
1990,Noise Pop,aggressive,17,0,0.000000
1990,Noise Pop,angry,17,0,0.000000
1990,Noise Pop,anxious,17,3,0.176471
1990,Noise Pop,bittersweet,17,7,0.411765
1990,Noise Pop,calm,17,1,0.058824
1990,Noise Pop,dark,17,0,0.000000
1990,Noise Pop,depressive,17,0,0.000000
1990,Noise Pop,happy,17,2,0.117647
1990,Noise Pop,melancholic,17,4,0.235294
1990,Noise Pop,optimistic,17,1,0.058824
1990,Noise Pop,peaceful,17,0,0.000000
1990,Noise Pop,playful,17,8,0.470588
1990,Noise Pop,sad,17,1,0.058824
1990,Noise Pop,sombre,17,0,0.000000
1990,Noise Pop,uplifting,17,0,0.000000
1990,Noise Rock,aggressive,22,6,0.272727
1990,Noise Rock,angry,22,7,0.318182
1990,Noise Rock,anxious,22,9,0.409091
1990,Noise Rock,bittersweet,22,2,0.090909
1990,Noise Rock,calm,22,0,0.000000
1990,Noise Rock,dark,22,0,0.000000
1990,Noise Rock,depressive,22,0,0.000000
1990,Noise Rock,happy,22,0,0.000000
1990,Noise Rock,melancholic,22,2,0.090909
1990,Noise Rock,optimistic,22,0,0.000000
1990,Noise Rock,peaceful,22,0,0.000000
1990,Noise Rock,playful,22,5,0.227273
1990,Noise Rock,sad,22,0,0.000000
1990,Noise Rock,sombre,22,1,0.045455
1990,Noise Rock,uplifting,22,1,0.045455
1990,Noisecore,aggressive,1,1,1.000000
1990,Noisecore,angry,1,0,0.000000
1990,Noisecore,anxious,1,0,0.000000
1990,Noisecore,bittersweet,1,0,0.000000
1990,Noisecore,calm,1,0,0.000000
1990,Noisecore,dark,1,0,0.000000
1990,Noisecore,depressive,1,0,0.000000
1990,Noisecore,happy,1,0,0.000000
1990,Noisecore,melancholic,1,0,0.000000
1990,Noisecore,optimistic,1,0,0.000000
1990,Noisecore,peaceful,1,0,0.000000
1990,Noisecore,playful,1,1,1.000000
1990,Noisecore,sad,1,0,0.000000
1990,Noisecore,sombre,1,0,0.000000
1990,Noisecore,uplifting,1,0,0.000000
1990,Nu Jazz,aggressive,2,0,0.000000
1990,Nu Jazz,angry,2,0,0.000000
1990,Nu Jazz,anxious,2,0,0.000000
1990,Nu Jazz,bittersweet,2,0,0.000000
1990,Nu Jazz,calm,2,0,0.000000
1990,Nu Jazz,dark,2,2,1.000000
1990,Nu Jazz,depressive,2,0,0.000000
1990,Nu Jazz,happy,2,0,0.000000
1990,Nu Jazz,melancholic,2,0,0.000000
1990,Nu Jazz,optimistic,2,0,0.000000
1990,Nu Jazz,peaceful,2,0,0.000000
1990,Nu Jazz,playful,2,0,0.000000
1990,Nu Jazz,sad,2,0,0.000000
1990,Nu Jazz,sombre,2,0,0.000000
1990,Nu Jazz,uplifting,2,0,0.000000
1990,Nu Metal,aggressive,11,10,0.909091
1990,Nu Metal,angry,11,9,0.818182
1990,Nu Metal,anxious,11,5,0.454545
1990,Nu Metal,bittersweet,11,0,0.000000
1990,Nu Metal,calm,11,0,0.000000
1990,Nu Metal,dark,11,5,0.454545
1990,Nu Metal,depressive,11,1,0.090909
1990,Nu Metal,happy,11,0,0.000000
1990,Nu Metal,melancholic,11,0,0.000000
1990,Nu Metal,optimistic,11,0,0.000000
1990,Nu Metal,peaceful,11,0,0.000000
1990,Nu Metal,playful,11,1,0.090909
1990,Nu Metal,sad,11,0,0.000000
1990,Nu Metal,sombre,11,0,0.000000
1990,Nu Metal,uplifting,11,0,0.000000
1990,Orchestral,aggressive,1,0,0.000000
1990,Orchestral,angry,1,0,0.000000
1990,Orchestral,anxious,1,0,0.000000
1990,Orchestral,bittersweet,1,0,0.000000
1990,Orchestral,calm,1,0,0.000000
1990,Orchestral,dark,1,0,0.000000
1990,Orchestral,depressive,1,1,1.000000
1990,Orchestral,happy,1,0,0.000000
1990,Orchestral,melancholic,1,1,1.000000
1990,Orchestral,optimistic,1,0,0.000000
1990,Orchestral,peaceful,1,0,0.000000
1990,Orchestral,playful,1,0,0.000000
1990,Orchestral,sad,1,0,0.000000
1990,Orchestral,sombre,1,0,0.000000
1990,Orchestral,uplifting,1,0,0.000000
1990,Pagan Black Metal,aggressive,1,0,0.000000
1990,Pagan Black Metal,angry,1,0,0.000000
1990,Pagan Black Metal,anxious,1,0,0.000000
1990,Pagan Black Metal,bittersweet,1,0,0.000000
1990,Pagan Black Metal,calm,1,0,0.000000
1990,Pagan Black Metal,dark,1,1,1.000000
1990,Pagan Black Metal,depressive,1,0,0.000000
1990,Pagan Black Metal,happy,1,0,0.000000
1990,Pagan Black Metal,melancholic,1,0,0.000000
1990,Pagan Black Metal,optimistic,1,0,0.000000
1990,Pagan Black Metal,peaceful,1,0,0.000000
1990,Pagan Black Metal,playful,1,0,0.000000
1990,Pagan Black Metal,sad,1,0,0.000000
1990,Pagan Black Metal,sombre,1,0,0.000000
1990,Pagan Black Metal,uplifting,1,0,0.000000
1990,Piano Rock,aggressive,5,0,0.000000
1990,Piano Rock,angry,5,3,0.600000
1990,Piano Rock,anxious,5,0,0.000000
1990,Piano Rock,bittersweet,5,2,0.400000
1990,Piano Rock,calm,5,0,0.000000
1990,Piano Rock,dark,5,1,0.200000
1990,Piano Rock,depressive,5,1,0.200000
1990,Piano Rock,happy,5,0,0.000000
1990,Piano Rock,melancholic,5,4,0.800000
1990,Piano Rock,optimistic,5,0,0.000000
1990,Piano Rock,peaceful,5,0,0.000000
1990,Piano Rock,playful,5,0,0.000000
1990,Piano Rock,sad,5,0,0.000000
1990,Piano Rock,sombre,5,1,0.200000
1990,Piano Rock,uplifting,5,0,0.000000
1990,Plunderphonics,aggressive,2,0,0.000000
1990,Plunderphonics,angry,2,0,0.000000
1990,Plunderphonics,anxious,2,0,0.000000
1990,Plunderphonics,bittersweet,2,0,0.000000
1990,Plunderphonics,calm,2,0,0.000000
1990,Plunderphonics,dark,2,0,0.000000
1990,Plunderphonics,depressive,2,0,0.000000
1990,Plunderphonics,happy,2,0,0.000000
1990,Plunderphonics,melancholic,2,0,0.000000
1990,Plunderphonics,optimistic,2,0,0.000000
1990,Plunderphonics,peaceful,2,0,0.000000
1990,Plunderphonics,playful,2,0,0.000000
1990,Plunderphonics,sad,2,0,0.000000
1990,Plunderphonics,sombre,2,1,0.500000
1990,Plunderphonics,uplifting,2,0,0.000000
1990,Political Hip Hop,aggressive,7,5,0.714286
1990,Political Hip Hop,angry,7,7,1.000000
1990,Political Hip Hop,anxious,7,0,0.000000
1990,Political Hip Hop,bittersweet,7,0,0.000000
1990,Political Hip Hop,calm,7,0,0.000000
1990,Political Hip Hop,dark,7,0,0.000000
1990,Political Hip Hop,depressive,7,0,0.000000
1990,Political Hip Hop,happy,7,0,0.000000
1990,Political Hip Hop,melancholic,7,0,0.000000
1990,Political Hip Hop,optimistic,7,0,0.000000
1990,Political Hip Hop,peaceful,7,0,0.000000
1990,Political Hip Hop,playful,7,0,0.000000
1990,Political Hip Hop,sad,7,0,0.000000
1990,Political Hip Hop,sombre,7,0,0.000000
1990,Political Hip Hop,uplifting,7,0,0.000000
1990,Pop,aggressive,4,0,0.000000
1990,Pop,angry,4,1,0.250000
1990,Pop,anxious,4,2,0.500000
1990,Pop,bittersweet,4,1,0.250000
1990,Pop,calm,4,0,0.000000
1990,Pop,dark,4,0,0.000000
1990,Pop,depressive,4,0,0.000000
1990,Pop,happy,4,0,0.000000
1990,Pop,melancholic,4,1,0.250000
1990,Pop,optimistic,4,0,0.000000
1990,Pop,peaceful,4,0,0.000000
1990,Pop,playful,4,1,0.250000
1990,Pop,sad,4,0,0.000000
1990,Pop,sombre,4,0,0.000000
1990,Pop,uplifting,4,2,0.500000
1990,Pop Punk,aggressive,11,1,0.090909
1990,Pop Punk,angry,11,3,0.272727
1990,Pop Punk,anxious,11,5,0.454545
1990,Pop Punk,bittersweet,11,4,0.363636
1990,Pop Punk,calm,11,0,0.000000
1990,Pop Punk,dark,11,0,0.000000
1990,Pop Punk,depressive,11,0,0.000000
1990,Pop Punk,happy,11,0,0.000000
1990,Pop Punk,melancholic,11,1,0.090909
1990,Pop Punk,optimistic,11,0,0.000000
1990,Pop Punk,peaceful,11,0,0.000000
1990,Pop Punk,playful,11,6,0.545455
1990,Pop Punk,sad,11,0,0.000000
1990,Pop Punk,sombre,11,0,0.000000
1990,Pop Punk,uplifting,11,0,0.000000
1990,Pop Rock,aggressive,22,0,0.000000
1990,Pop Rock,angry,22,1,0.045455
1990,Pop Rock,anxious,22,1,0.045455
1990,Pop Rock,bittersweet,22,13,0.590909
1990,Pop Rock,calm,22,0,0.000000
1990,Pop Rock,dark,22,4,0.181818
1990,Pop Rock,depressive,22,2,0.090909
1990,Pop Rock,happy,22,1,0.045455
1990,Pop Rock,melancholic,22,12,0.545455
1990,Pop Rock,optimistic,22,0,0.000000
1990,Pop Rock,peaceful,22,0,0.000000
1990,Pop Rock,playful,22,4,0.181818
1990,Pop Rock,sad,22,3,0.136364
1990,Pop Rock,sombre,22,1,0.045455
1990,Pop Rock,uplifting,22,4,0.181818
1990,Post-Bop,aggressive,1,0,0.000000
1990,Post-Bop,angry,1,0,0.000000
1990,Post-Bop,anxious,1,0,0.000000
1990,Post-Bop,bittersweet,1,0,0.000000
1990,Post-Bop,calm,1,0,0.000000
1990,Post-Bop,dark,1,0,0.000000
1990,Post-Bop,depressive,1,0,0.000000
1990,Post-Bop,happy,1,0,0.000000
1990,Post-Bop,melancholic,1,0,0.000000
1990,Post-Bop,optimistic,1,0,0.000000
1990,Post-Bop,peaceful,1,0,0.000000
1990,Post-Bop,playful,1,0,0.000000
1990,Post-Bop,sad,1,0,0.000000
1990,Post-Bop,sombre,1,0,0.000000
1990,Post-Bop,uplifting,1,0,0.000000
1990,Post-Grunge,aggressive,6,1,0.166667
1990,Post-Grunge,angry,6,0,0.000000
1990,Post-Grunge,anxious,6,2,0.333333
1990,Post-Grunge,bittersweet,6,4,0.666667
1990,Post-Grunge,calm,6,0,0.000000
1990,Post-Grunge,dark,6,0,0.000000
1990,Post-Grunge,depressive,6,0,0.000000
1990,Post-Grunge,happy,6,0,0.000000
1990,Post-Grunge,melancholic,6,3,0.500000
1990,Post-Grunge,optimistic,6,1,0.166667
1990,Post-Grunge,peaceful,6,0,0.000000
1990,Post-Grunge,playful,6,0,0.000000
1990,Post-Grunge,sad,6,0,0.000000
1990,Post-Grunge,sombre,6,0,0.000000
1990,Post-Grunge,uplifting,6,0,0.000000
1990,Post-Hardcore,aggressive,26,9,0.346154
1990,Post-Hardcore,angry,26,15,0.576923
1990,Post-Hardcore,anxious,26,15,0.576923
1990,Post-Hardcore,bittersweet,26,2,0.076923
1990,Post-Hardcore,calm,26,0,0.000000
1990,Post-Hardcore,dark,26,1,0.038462
1990,Post-Hardcore,depressive,26,1,0.038462
1990,Post-Hardcore,happy,26,0,0.000000
1990,Post-Hardcore,melancholic,26,5,0.192308
1990,Post-Hardcore,optimistic,26,0,0.000000
1990,Post-Hardcore,peaceful,26,0,0.000000
1990,Post-Hardcore,playful,26,1,0.038462
1990,Post-Hardcore,sad,26,1,0.038462
1990,Post-Hardcore,sombre,26,1,0.038462
1990,Post-Hardcore,uplifting,26,0,0.000000
1990,Post-Industrial,aggressive,4,1,0.250000
1990,Post-Industrial,angry,4,0,0.000000
1990,Post-Industrial,anxious,4,0,0.000000
1990,Post-Industrial,bittersweet,4,0,0.000000
1990,Post-Industrial,calm,4,0,0.000000
1990,Post-Industrial,dark,4,4,1.000000
1990,Post-Industrial,depressive,4,0,0.000000
1990,Post-Industrial,happy,4,0,0.000000
1990,Post-Industrial,melancholic,4,1,0.250000
1990,Post-Industrial,optimistic,4,0,0.000000
1990,Post-Industrial,peaceful,4,0,0.000000
1990,Post-Industrial,playful,4,0,0.000000
1990,Post-Industrial,sad,4,0,0.000000
1990,Post-Industrial,sombre,4,1,0.250000
1990,Post-Industrial,uplifting,4,0,0.000000
1990,Post-Punk,aggressive,5,0,0.000000
1990,Post-Punk,angry,5,0,0.000000
1990,Post-Punk,anxious,5,1,0.200000
1990,Post-Punk,bittersweet,5,0,0.000000
1990,Post-Punk,calm,5,0,0.000000
1990,Post-Punk,dark,5,5,1.000000
1990,Post-Punk,depressive,5,0,0.000000
1990,Post-Punk,happy,5,0,0.000000
1990,Post-Punk,melancholic,5,2,0.400000
1990,Post-Punk,optimistic,5,0,0.000000
1990,Post-Punk,peaceful,5,0,0.000000
1990,Post-Punk,playful,5,0,0.000000
1990,Post-Punk,sad,5,0,0.000000
1990,Post-Punk,sombre,5,4,0.800000
1990,Post-Punk,uplifting,5,0,0.000000
1990,Post-Rock,aggressive,21,0,0.000000
1990,Post-Rock,angry,21,0,0.000000
1990,Post-Rock,anxious,21,2,0.095238
1990,Post-Rock,bittersweet,21,3,0.142857
1990,Post-Rock,calm,21,3,0.142857
1990,Post-Rock,dark,21,5,0.238095
1990,Post-Rock,depressive,21,2,0.095238
1990,Post-Rock,happy,21,0,0.000000
1990,Post-Rock,melancholic,21,15,0.714286
1990,Post-Rock,optimistic,21,0,0.000000
1990,Post-Rock,peaceful,21,2,0.095238
1990,Post-Rock,playful,21,0,0.000000
1990,Post-Rock,sad,21,2,0.095238
1990,Post-Rock,sombre,21,9,0.428571
1990,Post-Rock,uplifting,21,0,0.000000
1990,Power Metal,aggressive,8,3,0.375000
1990,Power Metal,angry,8,0,0.000000
1990,Power Metal,anxious,8,0,0.000000
1990,Power Metal,bittersweet,8,0,0.000000
1990,Power Metal,calm,8,0,0.000000
1990,Power Metal,dark,8,1,0.125000
1990,Power Metal,depressive,8,0,0.000000
1990,Power Metal,happy,8,0,0.000000
1990,Power Metal,melancholic,8,1,0.125000
1990,Power Metal,optimistic,8,0,0.000000
1990,Power Metal,peaceful,8,0,0.000000
1990,Power Metal,playful,8,0,0.000000
1990,Power Metal,sad,8,0,0.000000
1990,Power Metal,sombre,8,1,0.125000
1990,Power Metal,uplifting,8,1,0.125000
1990,Power Pop,aggressive,8,0,0.000000
1990,Power Pop,angry,8,0,0.000000
1990,Power Pop,anxious,8,1,0.125000
1990,Power Pop,bittersweet,8,6,0.750000
1990,Power Pop,calm,8,0,0.000000
1990,Power Pop,dark,8,0,0.000000
1990,Power Pop,depressive,8,0,0.000000
1990,Power Pop,happy,8,0,0.000000
1990,Power Pop,melancholic,8,1,0.125000
1990,Power Pop,optimistic,8,0,0.000000
1990,Power Pop,peaceful,8,0,0.000000
1990,Power Pop,playful,8,3,0.375000
1990,Power Pop,sad,8,1,0.125000
1990,Power Pop,sombre,8,0,0.000000
1990,Power Pop,uplifting,8,1,0.125000
1990,Progressive House,aggressive,2,0,0.000000
1990,Progressive House,angry,2,0,0.000000
1990,Progressive House,anxious,2,0,0.000000
1990,Progressive House,bittersweet,2,0,0.000000
1990,Progressive House,calm,2,0,0.000000
1990,Progressive House,dark,2,1,0.500000
1990,Progressive House,depressive,2,0,0.000000
1990,Progressive House,happy,2,0,0.000000
1990,Progressive House,melancholic,2,0,0.000000
1990,Progressive House,optimistic,2,0,0.000000
1990,Progressive House,peaceful,2,0,0.000000
1990,Progressive House,playful,2,0,0.000000
1990,Progressive House,sad,2,0,0.000000
1990,Progressive House,sombre,2,0,0.000000
1990,Progressive House,uplifting,2,1,0.500000
1990,Progressive Metal,aggressive,20,2,0.100000
1990,Progressive Metal,angry,20,0,0.000000
1990,Progressive Metal,anxious,20,0,0.000000
1990,Progressive Metal,bittersweet,20,0,0.000000
1990,Progressive Metal,calm,20,0,0.000000
1990,Progressive Metal,dark,20,6,0.300000
1990,Progressive Metal,depressive,20,0,0.000000
1990,Progressive Metal,happy,20,0,0.000000
1990,Progressive Metal,melancholic,20,4,0.200000
1990,Progressive Metal,optimistic,20,0,0.000000
1990,Progressive Metal,peaceful,20,0,0.000000
1990,Progressive Metal,playful,20,0,0.000000
1990,Progressive Metal,sad,20,0,0.000000
1990,Progressive Metal,sombre,20,2,0.100000
1990,Progressive Metal,uplifting,20,1,0.050000
1990,Progressive Pop,aggressive,3,0,0.000000
1990,Progressive Pop,angry,3,0,0.000000
1990,Progressive Pop,anxious,3,0,0.000000
1990,Progressive Pop,bittersweet,3,0,0.000000
1990,Progressive Pop,calm,3,0,0.000000
1990,Progressive Pop,dark,3,0,0.000000
1990,Progressive Pop,depressive,3,0,0.000000
1990,Progressive Pop,happy,3,0,0.000000
1990,Progressive Pop,melancholic,3,0,0.000000
1990,Progressive Pop,optimistic,3,0,0.000000
1990,Progressive Pop,peaceful,3,0,0.000000
1990,Progressive Pop,playful,3,0,0.000000
1990,Progressive Pop,sad,3,0,0.000000
1990,Progressive Pop,sombre,3,0,0.000000
1990,Progressive Pop,uplifting,3,0,0.000000
1990,Progressive Rock,aggressive,13,0,0.000000
1990,Progressive Rock,angry,13,0,0.000000
1990,Progressive Rock,anxious,13,1,0.076923
1990,Progressive Rock,bittersweet,13,1,0.076923
1990,Progressive Rock,calm,13,0,0.000000
1990,Progressive Rock,dark,13,1,0.076923
1990,Progressive Rock,depressive,13,0,0.000000
1990,Progressive Rock,happy,13,0,0.000000
1990,Progressive Rock,melancholic,13,4,0.307692
1990,Progressive Rock,optimistic,13,1,0.076923
1990,Progressive Rock,peaceful,13,1,0.076923
1990,Progressive Rock,playful,13,1,0.076923
1990,Progressive Rock,sad,13,0,0.000000
1990,Progressive Rock,sombre,13,2,0.153846
1990,Progressive Rock,uplifting,13,2,0.153846
1990,Psychedelic Folk,aggressive,2,0,0.000000
1990,Psychedelic Folk,angry,2,0,0.000000
1990,Psychedelic Folk,anxious,2,0,0.000000
1990,Psychedelic Folk,bittersweet,2,1,0.500000
1990,Psychedelic Folk,calm,2,0,0.000000
1990,Psychedelic Folk,dark,2,0,0.000000
1990,Psychedelic Folk,depressive,2,0,0.000000
1990,Psychedelic Folk,happy,2,0,0.000000
1990,Psychedelic Folk,melancholic,2,1,0.500000
1990,Psychedelic Folk,optimistic,2,0,0.000000
1990,Psychedelic Folk,peaceful,2,0,0.000000
1990,Psychedelic Folk,playful,2,1,0.500000
1990,Psychedelic Folk,sad,2,0,0.000000
1990,Psychedelic Folk,sombre,2,0,0.000000
1990,Psychedelic Folk,uplifting,2,0,0.000000
1990,Psychedelic Pop,aggressive,5,0,0.000000
1990,Psychedelic Pop,angry,5,0,0.000000
1990,Psychedelic Pop,anxious,5,0,0.000000
1990,Psychedelic Pop,bittersweet,5,3,0.600000
1990,Psychedelic Pop,calm,5,0,0.000000
1990,Psychedelic Pop,dark,5,0,0.000000
1990,Psychedelic Pop,depressive,5,0,0.000000
1990,Psychedelic Pop,happy,5,0,0.000000
1990,Psychedelic Pop,melancholic,5,1,0.200000
1990,Psychedelic Pop,optimistic,5,0,0.000000
1990,Psychedelic Pop,peaceful,5,0,0.000000
1990,Psychedelic Pop,playful,5,4,0.800000
1990,Psychedelic Pop,sad,5,0,0.000000
1990,Psychedelic Pop,sombre,5,0,0.000000
1990,Psychedelic Pop,uplifting,5,1,0.200000
1990,Psychedelic Rock,aggressive,4,0,0.000000
1990,Psychedelic Rock,angry,4,0,0.000000
1990,Psychedelic Rock,anxious,4,0,0.000000
1990,Psychedelic Rock,bittersweet,4,0,0.000000
1990,Psychedelic Rock,calm,4,0,0.000000
1990,Psychedelic Rock,dark,4,0,0.000000
1990,Psychedelic Rock,depressive,4,0,0.000000
1990,Psychedelic Rock,happy,4,0,0.000000
1990,Psychedelic Rock,melancholic,4,0,0.000000
1990,Psychedelic Rock,optimistic,4,0,0.000000
1990,Psychedelic Rock,peaceful,4,0,0.000000
1990,Psychedelic Rock,playful,4,1,0.250000
1990,Psychedelic Rock,sad,4,0,0.000000
1990,Psychedelic Rock,sombre,4,0,0.000000
1990,Psychedelic Rock,uplifting,4,2,0.500000
1990,Punk Blues,aggressive,2,0,0.000000
1990,Punk Blues,angry,2,0,0.000000
1990,Punk Blues,anxious,2,0,0.000000
1990,Punk Blues,bittersweet,2,0,0.000000
1990,Punk Blues,calm,2,0,0.000000
1990,Punk Blues,dark,2,2,1.000000
1990,Punk Blues,depressive,2,0,0.000000
1990,Punk Blues,happy,2,0,0.000000
1990,Punk Blues,melancholic,2,1,0.500000
1990,Punk Blues,optimistic,2,0,0.000000
1990,Punk Blues,peaceful,2,0,0.000000
1990,Punk Blues,playful,2,0,0.000000
1990,Punk Blues,sad,2,0,0.000000
1990,Punk Blues,sombre,2,2,1.000000
1990,Punk Blues,uplifting,2,0,0.000000
1990,Punk Rock,aggressive,11,2,0.181818
1990,Punk Rock,angry,11,7,0.636364
1990,Punk Rock,anxious,11,5,0.454545
1990,Punk Rock,bittersweet,11,1,0.090909
1990,Punk Rock,calm,11,0,0.000000
1990,Punk Rock,dark,11,0,0.000000
1990,Punk Rock,depressive,11,0,0.000000
1990,Punk Rock,happy,11,0,0.000000
1990,Punk Rock,melancholic,11,0,0.000000
1990,Punk Rock,optimistic,11,0,0.000000
1990,Punk Rock,peaceful,11,0,0.000000
1990,Punk Rock,playful,11,2,0.181818
1990,Punk Rock,sad,11,0,0.000000
1990,Punk Rock,sombre,11,0,0.000000
1990,Punk Rock,uplifting,11,1,0.090909
1990,Rap Metal,aggressive,5,5,1.000000
1990,Rap Metal,angry,5,5,1.000000
1990,Rap Metal,anxious,5,0,0.000000
1990,Rap Metal,bittersweet,5,0,0.000000
1990,Rap Metal,calm,5,0,0.000000
1990,Rap Metal,dark,5,0,0.000000
1990,Rap Metal,depressive,5,0,0.000000
1990,Rap Metal,happy,5,0,0.000000
1990,Rap Metal,melancholic,5,0,0.000000
1990,Rap Metal,optimistic,5,0,0.000000
1990,Rap Metal,peaceful,5,0,0.000000
1990,Rap Metal,playful,5,0,0.000000
1990,Rap Metal,sad,5,0,0.000000
1990,Rap Metal,sombre,5,0,0.000000
1990,Rap Metal,uplifting,5,0,0.000000
1990,Rap Rock,aggressive,1,1,1.000000
1990,Rap Rock,angry,1,1,1.000000
1990,Rap Rock,anxious,1,0,0.000000
1990,Rap Rock,bittersweet,1,0,0.000000
1990,Rap Rock,calm,1,0,0.000000
1990,Rap Rock,dark,1,0,0.000000
1990,Rap Rock,depressive,1,0,0.000000
1990,Rap Rock,happy,1,0,0.000000
1990,Rap Rock,melancholic,1,0,0.000000
1990,Rap Rock,optimistic,1,0,0.000000
1990,Rap Rock,peaceful,1,0,0.000000
1990,Rap Rock,playful,1,0,0.000000
1990,Rap Rock,sad,1,0,0.000000
1990,Rap Rock,sombre,1,0,0.000000
1990,Rap Rock,uplifting,1,0,0.000000
1990,Riot Grrrl,aggressive,3,1,0.333333
1990,Riot Grrrl,angry,3,1,0.333333
1990,Riot Grrrl,anxious,3,1,0.333333
1990,Riot Grrrl,bittersweet,3,0,0.000000
1990,Riot Grrrl,calm,3,0,0.000000
1990,Riot Grrrl,dark,3,0,0.000000
1990,Riot Grrrl,depressive,3,0,0.000000
1990,Riot Grrrl,happy,3,0,0.000000
1990,Riot Grrrl,melancholic,3,0,0.000000
1990,Riot Grrrl,optimistic,3,0,0.000000
1990,Riot Grrrl,peaceful,3,0,0.000000
1990,Riot Grrrl,playful,3,1,0.333333
1990,Riot Grrrl,sad,3,0,0.000000
1990,Riot Grrrl,sombre,3,0,0.000000
1990,Riot Grrrl,uplifting,3,0,0.000000
1990,Rock,aggressive,2,0,0.000000
1990,Rock,angry,2,0,0.000000
1990,Rock,anxious,2,0,0.000000
1990,Rock,bittersweet,2,1,0.500000
1990,Rock,calm,2,0,0.000000
1990,Rock,dark,2,0,0.000000
1990,Rock,depressive,2,1,0.500000
1990,Rock,happy,2,0,0.000000
1990,Rock,melancholic,2,1,0.500000
1990,Rock,optimistic,2,0,0.000000
1990,Rock,peaceful,2,0,0.000000
1990,Rock,playful,2,0,0.000000
1990,Rock,sad,2,0,0.000000
1990,Rock,sombre,2,0,0.000000
1990,Rock,uplifting,2,0,0.000000
1990,Rock Opera,aggressive,1,0,0.000000
1990,Rock Opera,angry,1,0,0.000000
1990,Rock Opera,anxious,1,1,1.000000
1990,Rock Opera,bittersweet,1,0,0.000000
1990,Rock Opera,calm,1,0,0.000000
1990,Rock Opera,dark,1,0,0.000000
1990,Rock Opera,depressive,1,0,0.000000
1990,Rock Opera,happy,1,0,0.000000
1990,Rock Opera,melancholic,1,1,1.000000
1990,Rock Opera,optimistic,1,0,0.000000
1990,Rock Opera,peaceful,1,0,0.000000
1990,Rock Opera,playful,1,0,0.000000
1990,Rock Opera,sad,1,0,0.000000
1990,Rock Opera,sombre,1,0,0.000000
1990,Rock Opera,uplifting,1,0,0.000000
1990,Roots Rock,aggressive,1,0,0.000000
1990,Roots Rock,angry,1,0,0.000000
1990,Roots Rock,anxious,1,0,0.000000
1990,Roots Rock,bittersweet,1,1,1.000000
1990,Roots Rock,calm,1,0,0.000000
1990,Roots Rock,dark,1,0,0.000000
1990,Roots Rock,depressive,1,0,0.000000
1990,Roots Rock,happy,1,0,0.000000
1990,Roots Rock,melancholic,1,1,1.000000
1990,Roots Rock,optimistic,1,0,0.000000
1990,Roots Rock,peaceful,1,0,0.000000
1990,Roots Rock,playful,1,0,0.000000
1990,Roots Rock,sad,1,0,0.000000
1990,Roots Rock,sombre,1,0,0.000000
1990,Roots Rock,uplifting,1,0,0.000000
1990,Shibuya-kei,aggressive,2,0,0.000000
1990,Shibuya-kei,angry,2,0,0.000000
1990,Shibuya-kei,anxious,2,0,0.000000
1990,Shibuya-kei,bittersweet,2,0,0.000000
1990,Shibuya-kei,calm,2,0,0.000000
1990,Shibuya-kei,dark,2,0,0.000000
1990,Shibuya-kei,depressive,2,0,0.000000
1990,Shibuya-kei,happy,2,2,1.000000
1990,Shibuya-kei,melancholic,2,0,0.000000
1990,Shibuya-kei,optimistic,2,1,0.500000
1990,Shibuya-kei,peaceful,2,0,0.000000
1990,Shibuya-kei,playful,2,2,1.000000
1990,Shibuya-kei,sad,2,0,0.000000
1990,Shibuya-kei,sombre,2,0,0.000000
1990,Shibuya-kei,uplifting,2,1,0.500000
1990,Shoegaze,aggressive,21,0,0.000000
1990,Shoegaze,angry,21,0,0.000000
1990,Shoegaze,anxious,21,0,0.000000
1990,Shoegaze,bittersweet,21,6,0.285714
1990,Shoegaze,calm,21,1,0.047619
1990,Shoegaze,dark,21,0,0.000000
1990,Shoegaze,depressive,21,0,0.000000
1990,Shoegaze,happy,21,0,0.000000
1990,Shoegaze,melancholic,21,8,0.380952
1990,Shoegaze,optimistic,21,1,0.047619
1990,Shoegaze,peaceful,21,0,0.000000
1990,Shoegaze,playful,21,2,0.095238
1990,Shoegaze,sad,21,0,0.000000
1990,Shoegaze,sombre,21,0,0.000000
1990,Shoegaze,uplifting,21,1,0.047619
1990,Singer-Songwriter,aggressive,45,0,0.000000
1990,Singer-Songwriter,angry,45,5,0.111111
1990,Singer-Songwriter,anxious,45,3,0.066667
1990,Singer-Songwriter,bittersweet,45,16,0.355556
1990,Singer-Songwriter,calm,45,1,0.022222
1990,Singer-Songwriter,dark,45,12,0.266667
1990,Singer-Songwriter,depressive,45,11,0.244444
1990,Singer-Songwriter,happy,45,0,0.000000
1990,Singer-Songwriter,melancholic,45,26,0.577778
1990,Singer-Songwriter,optimistic,45,0,0.000000
1990,Singer-Songwriter,peaceful,45,0,0.000000
1990,Singer-Songwriter,playful,45,1,0.022222
1990,Singer-Songwriter,sad,45,10,0.222222
1990,Singer-Songwriter,sombre,45,12,0.266667
1990,Singer-Songwriter,uplifting,45,0,0.000000
1990,Ska Punk,aggressive,2,0,0.000000
1990,Ska Punk,angry,2,0,0.000000
1990,Ska Punk,anxious,2,0,0.000000
1990,Ska Punk,bittersweet,2,0,0.000000
1990,Ska Punk,calm,2,0,0.000000
1990,Ska Punk,dark,2,0,0.000000
1990,Ska Punk,depressive,2,0,0.000000
1990,Ska Punk,happy,2,0,0.000000
1990,Ska Punk,melancholic,2,0,0.000000
1990,Ska Punk,optimistic,2,1,0.500000
1990,Ska Punk,peaceful,2,0,0.000000
1990,Ska Punk,playful,2,2,1.000000
1990,Ska Punk,sad,2,0,0.000000
1990,Ska Punk,sombre,2,0,0.000000
1990,Ska Punk,uplifting,2,0,0.000000
1990,Skate Punk,aggressive,7,2,0.285714
1990,Skate Punk,angry,7,5,0.714286
1990,Skate Punk,anxious,7,1,0.142857
1990,Skate Punk,bittersweet,7,0,0.000000
1990,Skate Punk,calm,7,0,0.000000
1990,Skate Punk,dark,7,0,0.000000
1990,Skate Punk,depressive,7,0,0.000000
1990,Skate Punk,happy,7,0,0.000000
1990,Skate Punk,melancholic,7,0,0.000000
1990,Skate Punk,optimistic,7,0,0.000000
1990,Skate Punk,peaceful,7,0,0.000000
1990,Skate Punk,playful,7,2,0.285714
1990,Skate Punk,sad,7,0,0.000000
1990,Skate Punk,sombre,7,0,0.000000
1990,Skate Punk,uplifting,7,0,0.000000
1990,Slowcore,aggressive,14,0,0.000000
1990,Slowcore,angry,14,0,0.000000
1990,Slowcore,anxious,14,1,0.071429
1990,Slowcore,bittersweet,14,4,0.285714
1990,Slowcore,calm,14,1,0.071429
1990,Slowcore,dark,14,1,0.071429
1990,Slowcore,depressive,14,10,0.714286
1990,Slowcore,happy,14,0,0.000000
1990,Slowcore,melancholic,14,12,0.857143
1990,Slowcore,optimistic,14,0,0.000000
1990,Slowcore,peaceful,14,0,0.000000
1990,Slowcore,playful,14,0,0.000000
1990,Slowcore,sad,14,11,0.785714
1990,Slowcore,sombre,14,4,0.285714
1990,Slowcore,uplifting,14,0,0.000000
1990,Sludge Metal,aggressive,10,7,0.700000
1990,Sludge Metal,angry,10,5,0.500000
1990,Sludge Metal,anxious,10,1,0.100000
1990,Sludge Metal,bittersweet,10,0,0.000000
1990,Sludge Metal,calm,10,0,0.000000
1990,Sludge Metal,dark,10,5,0.500000
1990,Sludge Metal,depressive,10,0,0.000000
1990,Sludge Metal,happy,10,0,0.000000
1990,Sludge Metal,melancholic,10,0,0.000000
1990,Sludge Metal,optimistic,10,0,0.000000
1990,Sludge Metal,peaceful,10,0,0.000000
1990,Sludge Metal,playful,10,0,0.000000
1990,Sludge Metal,sad,10,0,0.000000
1990,Sludge Metal,sombre,10,0,0.000000
1990,Sludge Metal,uplifting,10,0,0.000000
1990,Smooth Soul,aggressive,1,0,0.000000
1990,Smooth Soul,angry,1,0,0.000000
1990,Smooth Soul,anxious,1,0,0.000000
1990,Smooth Soul,bittersweet,1,0,0.000000
1990,Smooth Soul,calm,1,0,0.000000
1990,Smooth Soul,dark,1,0,0.000000
1990,Smooth Soul,depressive,1,0,0.000000
1990,Smooth Soul,happy,1,0,0.000000
1990,Smooth Soul,melancholic,1,0,0.000000
1990,Smooth Soul,optimistic,1,0,0.000000
1990,Smooth Soul,peaceful,1,0,0.000000
1990,Smooth Soul,playful,1,0,0.000000
1990,Smooth Soul,sad,1,0,0.000000
1990,Smooth Soul,sombre,1,0,0.000000
1990,Smooth Soul,uplifting,1,0,0.000000
1990,Soncubano,aggressive,1,0,0.000000
1990,Soncubano,angry,1,0,0.000000
1990,Soncubano,anxious,1,0,0.000000
1990,Soncubano,bittersweet,1,0,0.000000
1990,Soncubano,calm,1,0,0.000000
1990,Soncubano,dark,1,0,0.000000
1990,Soncubano,depressive,1,0,0.000000
1990,Soncubano,happy,1,0,0.000000
1990,Soncubano,melancholic,1,0,0.000000
1990,Soncubano,optimistic,1,0,0.000000
1990,Soncubano,peaceful,1,0,0.000000
1990,Soncubano,playful,1,1,1.000000
1990,Soncubano,sad,1,0,0.000000
1990,Soncubano,sombre,1,0,0.000000
1990,Soncubano,uplifting,1,1,1.000000
1990,Sophisti-Pop,aggressive,2,0,0.000000
1990,Sophisti-Pop,angry,2,0,0.000000
1990,Sophisti-Pop,anxious,2,0,0.000000
1990,Sophisti-Pop,bittersweet,2,1,0.500000
1990,Sophisti-Pop,calm,2,0,0.000000
1990,Sophisti-Pop,dark,2,0,0.000000
1990,Sophisti-Pop,depressive,2,0,0.000000
1990,Sophisti-Pop,happy,2,0,0.000000
1990,Sophisti-Pop,melancholic,2,0,0.000000
1990,Sophisti-Pop,optimistic,2,0,0.000000
1990,Sophisti-Pop,peaceful,2,0,0.000000
1990,Sophisti-Pop,playful,2,0,0.000000
1990,Sophisti-Pop,sad,2,0,0.000000
1990,Sophisti-Pop,sombre,2,1,0.500000
1990,Sophisti-Pop,uplifting,2,0,0.000000
1990,Sound Collage,aggressive,1,0,0.000000
1990,Sound Collage,angry,1,0,0.000000
1990,Sound Collage,anxious,1,0,0.000000
1990,Sound Collage,bittersweet,1,0,0.000000
1990,Sound Collage,calm,1,0,0.000000
1990,Sound Collage,dark,1,0,0.000000
1990,Sound Collage,depressive,1,0,0.000000
1990,Sound Collage,happy,1,0,0.000000
1990,Sound Collage,melancholic,1,0,0.000000
1990,Sound Collage,optimistic,1,0,0.000000
1990,Sound Collage,peaceful,1,0,0.000000
1990,Sound Collage,playful,1,0,0.000000
1990,Sound Collage,sad,1,0,0.000000
1990,Sound Collage,sombre,1,0,0.000000
1990,Sound Collage,uplifting,1,0,0.000000
1990,Southern Hip Hop,aggressive,9,1,0.111111
1990,Southern Hip Hop,angry,9,1,0.111111
1990,Southern Hip Hop,anxious,9,1,0.111111
1990,Southern Hip Hop,bittersweet,9,0,0.000000
1990,Southern Hip Hop,calm,9,0,0.000000
1990,Southern Hip Hop,dark,9,3,0.333333
1990,Southern Hip Hop,depressive,9,0,0.000000
1990,Southern Hip Hop,happy,9,0,0.000000
1990,Southern Hip Hop,melancholic,9,0,0.000000
1990,Southern Hip Hop,optimistic,9,1,0.111111
1990,Southern Hip Hop,peaceful,9,0,0.000000
1990,Southern Hip Hop,playful,9,1,0.111111
1990,Southern Hip Hop,sad,9,0,0.000000
1990,Southern Hip Hop,sombre,9,2,0.222222
1990,Southern Hip Hop,uplifting,9,1,0.111111
1990,Southern Metal,aggressive,1,0,0.000000
1990,Southern Metal,angry,1,0,0.000000
1990,Southern Metal,anxious,1,0,0.000000
1990,Southern Metal,bittersweet,1,0,0.000000
1990,Southern Metal,calm,1,0,0.000000
1990,Southern Metal,dark,1,0,0.000000
1990,Southern Metal,depressive,1,0,0.000000
1990,Southern Metal,happy,1,0,0.000000
1990,Southern Metal,melancholic,1,0,0.000000
1990,Southern Metal,optimistic,1,0,0.000000
1990,Southern Metal,peaceful,1,0,0.000000
1990,Southern Metal,playful,1,0,0.000000
1990,Southern Metal,sad,1,0,0.000000
1990,Southern Metal,sombre,1,0,0.000000
1990,Southern Metal,uplifting,1,0,0.000000
1990,Southern Rock,aggressive,1,0,0.000000
1990,Southern Rock,angry,1,0,0.000000
1990,Southern Rock,anxious,1,0,0.000000
1990,Southern Rock,bittersweet,1,1,1.000000
1990,Southern Rock,calm,1,0,0.000000
1990,Southern Rock,dark,1,0,0.000000
1990,Southern Rock,depressive,1,0,0.000000
1990,Southern Rock,happy,1,0,0.000000
1990,Southern Rock,melancholic,1,0,0.000000
1990,Southern Rock,optimistic,1,0,0.000000
1990,Southern Rock,peaceful,1,0,0.000000
1990,Southern Rock,playful,1,0,0.000000
1990,Southern Rock,sad,1,0,0.000000
1990,Southern Rock,sombre,1,0,0.000000
1990,Southern Rock,uplifting,1,0,0.000000
1990,Space Rock,aggressive,4,1,0.250000
1990,Space Rock,angry,4,0,0.000000
1990,Space Rock,anxious,4,0,0.000000
1990,Space Rock,bittersweet,4,0,0.000000
1990,Space Rock,calm,4,1,0.250000
1990,Space Rock,dark,4,0,0.000000
1990,Space Rock,depressive,4,0,0.000000
1990,Space Rock,happy,4,0,0.000000
1990,Space Rock,melancholic,4,2,0.500000
1990,Space Rock,optimistic,4,0,0.000000
1990,Space Rock,peaceful,4,1,0.250000
1990,Space Rock,playful,4,0,0.000000
1990,Space Rock,sad,4,0,0.000000
1990,Space Rock,sombre,4,0,0.000000
1990,Space Rock,uplifting,4,0,0.000000
1990,Space Rock Revival,aggressive,6,0,0.000000
1990,Space Rock Revival,angry,6,0,0.000000
1990,Space Rock Revival,anxious,6,1,0.166667
1990,Space Rock Revival,bittersweet,6,1,0.166667
1990,Space Rock Revival,calm,6,1,0.166667
1990,Space Rock Revival,dark,6,0,0.000000
1990,Space Rock Revival,depressive,6,0,0.000000
1990,Space Rock Revival,happy,6,0,0.000000
1990,Space Rock Revival,melancholic,6,3,0.500000
1990,Space Rock Revival,optimistic,6,0,0.000000
1990,Space Rock Revival,peaceful,6,1,0.166667
1990,Space Rock Revival,playful,6,0,0.000000
1990,Space Rock Revival,sad,6,0,0.000000
1990,Space Rock Revival,sombre,6,0,0.000000
1990,Space Rock Revival,uplifting,6,0,0.000000
1990,Stoner Metal,aggressive,9,1,0.111111
1990,Stoner Metal,angry,9,1,0.111111
1990,Stoner Metal,anxious,9,0,0.000000
1990,Stoner Metal,bittersweet,9,0,0.000000
1990,Stoner Metal,calm,9,0,0.000000
1990,Stoner Metal,dark,9,2,0.222222
1990,Stoner Metal,depressive,9,0,0.000000
1990,Stoner Metal,happy,9,0,0.000000
1990,Stoner Metal,melancholic,9,0,0.000000
1990,Stoner Metal,optimistic,9,0,0.000000
1990,Stoner Metal,peaceful,9,0,0.000000
1990,Stoner Metal,playful,9,1,0.111111
1990,Stoner Metal,sad,9,0,0.000000
1990,Stoner Metal,sombre,9,0,0.000000
1990,Stoner Metal,uplifting,9,0,0.000000
1990,Stoner Rock,aggressive,7,2,0.285714
1990,Stoner Rock,angry,7,1,0.142857
1990,Stoner Rock,anxious,7,0,0.000000
1990,Stoner Rock,bittersweet,7,0,0.000000
1990,Stoner Rock,calm,7,0,0.000000
1990,Stoner Rock,dark,7,1,0.142857
1990,Stoner Rock,depressive,7,0,0.000000
1990,Stoner Rock,happy,7,0,0.000000
1990,Stoner Rock,melancholic,7,0,0.000000
1990,Stoner Rock,optimistic,7,0,0.000000
1990,Stoner Rock,peaceful,7,0,0.000000
1990,Stoner Rock,playful,7,1,0.142857
1990,Stoner Rock,sad,7,0,0.000000
1990,Stoner Rock,sombre,7,0,0.000000
1990,Stoner Rock,uplifting,7,0,0.000000
1990,Symphonic Black Metal,aggressive,7,1,0.142857
1990,Symphonic Black Metal,angry,7,0,0.000000
1990,Symphonic Black Metal,anxious,7,0,0.000000
1990,Symphonic Black Metal,bittersweet,7,0,0.000000
1990,Symphonic Black Metal,calm,7,0,0.000000
1990,Symphonic Black Metal,dark,7,4,0.571429
1990,Symphonic Black Metal,depressive,7,0,0.000000
1990,Symphonic Black Metal,happy,7,0,0.000000
1990,Symphonic Black Metal,melancholic,7,0,0.000000
1990,Symphonic Black Metal,optimistic,7,0,0.000000
1990,Symphonic Black Metal,peaceful,7,0,0.000000
1990,Symphonic Black Metal,playful,7,0,0.000000
1990,Symphonic Black Metal,sad,7,0,0.000000
1990,Symphonic Black Metal,sombre,7,2,0.285714
1990,Symphonic Black Metal,uplifting,7,0,0.000000
1990,Symphonic Metal,aggressive,2,0,0.000000
1990,Symphonic Metal,angry,2,0,0.000000
1990,Symphonic Metal,anxious,2,0,0.000000
1990,Symphonic Metal,bittersweet,2,0,0.000000
1990,Symphonic Metal,calm,2,0,0.000000
1990,Symphonic Metal,dark,2,1,0.500000
1990,Symphonic Metal,depressive,2,0,0.000000
1990,Symphonic Metal,happy,2,0,0.000000
1990,Symphonic Metal,melancholic,2,0,0.000000
1990,Symphonic Metal,optimistic,2,0,0.000000
1990,Symphonic Metal,peaceful,2,0,0.000000
1990,Symphonic Metal,playful,2,0,0.000000
1990,Symphonic Metal,sad,2,0,0.000000
1990,Symphonic Metal,sombre,2,1,0.500000
1990,Symphonic Metal,uplifting,2,0,0.000000
1990,Symphonic Prog,aggressive,1,0,0.000000
1990,Symphonic Prog,angry,1,0,0.000000
1990,Symphonic Prog,anxious,1,1,1.000000
1990,Symphonic Prog,bittersweet,1,0,0.000000
1990,Symphonic Prog,calm,1,0,0.000000
1990,Symphonic Prog,dark,1,0,0.000000
1990,Symphonic Prog,depressive,1,0,0.000000
1990,Symphonic Prog,happy,1,0,0.000000
1990,Symphonic Prog,melancholic,1,0,0.000000
1990,Symphonic Prog,optimistic,1,0,0.000000
1990,Symphonic Prog,peaceful,1,0,0.000000
1990,Symphonic Prog,playful,1,0,0.000000
1990,Symphonic Prog,sad,1,0,0.000000
1990,Symphonic Prog,sombre,1,0,0.000000
1990,Symphonic Prog,uplifting,1,0,0.000000
1990,Symphony,aggressive,1,0,0.000000
1990,Symphony,angry,1,0,0.000000
1990,Symphony,anxious,1,0,0.000000
1990,Symphony,bittersweet,1,0,0.000000
1990,Symphony,calm,1,0,0.000000
1990,Symphony,dark,1,0,0.000000
1990,Symphony,depressive,1,0,0.000000
1990,Symphony,happy,1,0,0.000000
1990,Symphony,melancholic,1,1,1.000000
1990,Symphony,optimistic,1,0,0.000000
1990,Symphony,peaceful,1,0,0.000000
1990,Symphony,playful,1,0,0.000000
1990,Symphony,sad,1,1,1.000000
1990,Symphony,sombre,1,0,0.000000
1990,Symphony,uplifting,1,0,0.000000
1990,Synthpop,aggressive,7,0,0.000000
1990,Synthpop,angry,7,0,0.000000
1990,Synthpop,anxious,7,1,0.142857
1990,Synthpop,bittersweet,7,4,0.571429
1990,Synthpop,calm,7,0,0.000000
1990,Synthpop,dark,7,2,0.285714
1990,Synthpop,depressive,7,0,0.000000
1990,Synthpop,happy,7,0,0.000000
1990,Synthpop,melancholic,7,4,0.571429
1990,Synthpop,optimistic,7,0,0.000000
1990,Synthpop,peaceful,7,0,0.000000
1990,Synthpop,playful,7,0,0.000000
1990,Synthpop,sad,7,0,0.000000
1990,Synthpop,sombre,7,4,0.571429
1990,Synthpop,uplifting,7,0,0.000000
1990,Technical Death Metal,aggressive,15,9,0.600000
1990,Technical Death Metal,angry,15,0,0.000000
1990,Technical Death Metal,anxious,15,0,0.000000
1990,Technical Death Metal,bittersweet,15,0,0.000000
1990,Technical Death Metal,calm,15,0,0.000000
1990,Technical Death Metal,dark,15,3,0.200000
1990,Technical Death Metal,depressive,15,0,0.000000
1990,Technical Death Metal,happy,15,0,0.000000
1990,Technical Death Metal,melancholic,15,0,0.000000
1990,Technical Death Metal,optimistic,15,0,0.000000
1990,Technical Death Metal,peaceful,15,0,0.000000
1990,Technical Death Metal,playful,15,0,0.000000
1990,Technical Death Metal,sad,15,0,0.000000
1990,Technical Death Metal,sombre,15,0,0.000000
1990,Technical Death Metal,uplifting,15,0,0.000000
1990,Technical Thrash Metal,aggressive,2,2,1.000000
1990,Technical Thrash Metal,angry,2,1,0.500000
1990,Technical Thrash Metal,anxious,2,1,0.500000
1990,Technical Thrash Metal,bittersweet,2,0,0.000000
1990,Technical Thrash Metal,calm,2,0,0.000000
1990,Technical Thrash Metal,dark,2,1,0.500000
1990,Technical Thrash Metal,depressive,2,0,0.000000
1990,Technical Thrash Metal,happy,2,0,0.000000
1990,Technical Thrash Metal,melancholic,2,0,0.000000
1990,Technical Thrash Metal,optimistic,2,0,0.000000
1990,Technical Thrash Metal,peaceful,2,0,0.000000
1990,Technical Thrash Metal,playful,2,0,0.000000
1990,Technical Thrash Metal,sad,2,0,0.000000
1990,Technical Thrash Metal,sombre,2,0,0.000000
1990,Technical Thrash Metal,uplifting,2,0,0.000000
1990,Techno,aggressive,3,0,0.000000
1990,Techno,angry,3,0,0.000000
1990,Techno,anxious,3,0,0.000000
1990,Techno,bittersweet,3,0,0.000000
1990,Techno,calm,3,0,0.000000
1990,Techno,dark,3,2,0.666667
1990,Techno,depressive,3,0,0.000000
1990,Techno,happy,3,0,0.000000
1990,Techno,melancholic,3,0,0.000000
1990,Techno,optimistic,3,0,0.000000
1990,Techno,peaceful,3,0,0.000000
1990,Techno,playful,3,0,0.000000
1990,Techno,sad,3,0,0.000000
1990,Techno,sombre,3,0,0.000000
1990,Techno,uplifting,3,1,0.333333
1990,Teen Pop,aggressive,1,0,0.000000
1990,Teen Pop,angry,1,0,0.000000
1990,Teen Pop,anxious,1,0,0.000000
1990,Teen Pop,bittersweet,1,0,0.000000
1990,Teen Pop,calm,1,0,0.000000
1990,Teen Pop,dark,1,0,0.000000
1990,Teen Pop,depressive,1,0,0.000000
1990,Teen Pop,happy,1,1,1.000000
1990,Teen Pop,melancholic,1,0,0.000000
1990,Teen Pop,optimistic,1,1,1.000000
1990,Teen Pop,peaceful,1,0,0.000000
1990,Teen Pop,playful,1,0,0.000000
1990,Teen Pop,sad,1,0,0.000000
1990,Teen Pop,sombre,1,0,0.000000
1990,Teen Pop,uplifting,1,0,0.000000
1990,Television Music,aggressive,2,0,0.000000
1990,Television Music,angry,2,0,0.000000
1990,Television Music,anxious,2,0,0.000000
1990,Television Music,bittersweet,2,0,0.000000
1990,Television Music,calm,2,0,0.000000
1990,Television Music,dark,2,1,0.500000
1990,Television Music,depressive,2,0,0.000000
1990,Television Music,happy,2,0,0.000000
1990,Television Music,melancholic,2,2,1.000000
1990,Television Music,optimistic,2,0,0.000000
1990,Television Music,peaceful,2,0,0.000000
1990,Television Music,playful,2,1,0.500000
1990,Television Music,sad,2,0,0.000000
1990,Television Music,sombre,2,0,0.000000
1990,Television Music,uplifting,2,1,0.500000
1990,Third Wave Ska,aggressive,2,0,0.000000
1990,Third Wave Ska,angry,2,0,0.000000
1990,Third Wave Ska,anxious,2,0,0.000000
1990,Third Wave Ska,bittersweet,2,1,0.500000
1990,Third Wave Ska,calm,2,0,0.000000
1990,Third Wave Ska,dark,2,0,0.000000
1990,Third Wave Ska,depressive,2,0,0.000000
1990,Third Wave Ska,happy,2,0,0.000000
1990,Third Wave Ska,melancholic,2,0,0.000000
1990,Third Wave Ska,optimistic,2,1,0.500000
1990,Third Wave Ska,peaceful,2,0,0.000000
1990,Third Wave Ska,playful,2,2,1.000000
1990,Third Wave Ska,sad,2,0,0.000000
1990,Third Wave Ska,sombre,2,0,0.000000
1990,Third Wave Ska,uplifting,2,1,0.500000
1990,Thrash Metal,aggressive,14,14,1.000000
1990,Thrash Metal,angry,14,9,0.642857
1990,Thrash Metal,anxious,14,2,0.142857
1990,Thrash Metal,bittersweet,14,0,0.000000
1990,Thrash Metal,calm,14,0,0.000000
1990,Thrash Metal,dark,14,5,0.357143
1990,Thrash Metal,depressive,14,0,0.000000
1990,Thrash Metal,happy,14,0,0.000000
1990,Thrash Metal,melancholic,14,0,0.000000
1990,Thrash Metal,optimistic,14,0,0.000000
1990,Thrash Metal,peaceful,14,0,0.000000
1990,Thrash Metal,playful,14,0,0.000000
1990,Thrash Metal,sad,14,0,0.000000
1990,Thrash Metal,sombre,14,0,0.000000
1990,Thrash Metal,uplifting,14,0,0.000000
1990,Trip Hop,aggressive,10,0,0.000000
1990,Trip Hop,angry,10,0,0.000000
1990,Trip Hop,anxious,10,2,0.200000
1990,Trip Hop,bittersweet,10,0,0.000000
1990,Trip Hop,calm,10,2,0.200000
1990,Trip Hop,dark,10,5,0.500000
1990,Trip Hop,depressive,10,0,0.000000
1990,Trip Hop,happy,10,0,0.000000
1990,Trip Hop,melancholic,10,5,0.500000
1990,Trip Hop,optimistic,10,0,0.000000
1990,Trip Hop,peaceful,10,0,0.000000
1990,Trip Hop,playful,10,1,0.100000
1990,Trip Hop,sad,10,0,0.000000
1990,Trip Hop,sombre,10,2,0.200000
1990,Trip Hop,uplifting,10,1,0.100000
1990,Turntable Music,aggressive,1,0,0.000000
1990,Turntable Music,angry,1,0,0.000000
1990,Turntable Music,anxious,1,0,0.000000
1990,Turntable Music,bittersweet,1,0,0.000000
1990,Turntable Music,calm,1,0,0.000000
1990,Turntable Music,dark,1,0,0.000000
1990,Turntable Music,depressive,1,0,0.000000
1990,Turntable Music,happy,1,0,0.000000
1990,Turntable Music,melancholic,1,0,0.000000
1990,Turntable Music,optimistic,1,0,0.000000
1990,Turntable Music,peaceful,1,0,0.000000
1990,Turntable Music,playful,1,0,0.000000
1990,Turntable Music,sad,1,0,0.000000
1990,Turntable Music,sombre,1,0,0.000000
1990,Turntable Music,uplifting,1,0,0.000000
1990,Twee Pop,aggressive,6,0,0.000000
1990,Twee Pop,angry,6,0,0.000000
1990,Twee Pop,anxious,6,0,0.000000
1990,Twee Pop,bittersweet,6,6,1.000000
1990,Twee Pop,calm,6,0,0.000000
1990,Twee Pop,dark,6,0,0.000000
1990,Twee Pop,depressive,6,0,0.000000
1990,Twee Pop,happy,6,1,0.166667
1990,Twee Pop,melancholic,6,3,0.500000
1990,Twee Pop,optimistic,6,0,0.000000
1990,Twee Pop,peaceful,6,0,0.000000
1990,Twee Pop,playful,6,1,0.166667
1990,Twee Pop,sad,6,0,0.000000
1990,Twee Pop,sombre,6,0,0.000000
1990,Twee Pop,uplifting,6,1,0.166667
1990,USPower Metal,aggressive,1,1,1.000000
1990,USPower Metal,angry,1,0,0.000000
1990,USPower Metal,anxious,1,0,0.000000
1990,USPower Metal,bittersweet,1,0,0.000000
1990,USPower Metal,calm,1,0,0.000000
1990,USPower Metal,dark,1,1,1.000000
1990,USPower Metal,depressive,1,0,0.000000
1990,USPower Metal,happy,1,0,0.000000
1990,USPower Metal,melancholic,1,1,1.000000
1990,USPower Metal,optimistic,1,0,0.000000
1990,USPower Metal,peaceful,1,0,0.000000
1990,USPower Metal,playful,1,0,0.000000
1990,USPower Metal,sad,1,0,0.000000
1990,USPower Metal,sombre,1,0,0.000000
1990,USPower Metal,uplifting,1,0,0.000000
1990,Viking Metal,aggressive,3,1,0.333333
1990,Viking Metal,angry,3,0,0.000000
1990,Viking Metal,anxious,3,0,0.000000
1990,Viking Metal,bittersweet,3,0,0.000000
1990,Viking Metal,calm,3,0,0.000000
1990,Viking Metal,dark,3,0,0.000000
1990,Viking Metal,depressive,3,0,0.000000
1990,Viking Metal,happy,3,0,0.000000
1990,Viking Metal,melancholic,3,0,0.000000
1990,Viking Metal,optimistic,3,0,0.000000
1990,Viking Metal,peaceful,3,0,0.000000
1990,Viking Metal,playful,3,0,0.000000
1990,Viking Metal,sad,3,0,0.000000
1990,Viking Metal,sombre,3,0,0.000000
1990,Viking Metal,uplifting,3,0,0.000000
1990,War Metal,aggressive,1,1,1.000000
1990,War Metal,angry,1,0,0.000000
1990,War Metal,anxious,1,0,0.000000
1990,War Metal,bittersweet,1,0,0.000000
1990,War Metal,calm,1,0,0.000000
1990,War Metal,dark,1,0,0.000000
1990,War Metal,depressive,1,0,0.000000
1990,War Metal,happy,1,0,0.000000
1990,War Metal,melancholic,1,0,0.000000
1990,War Metal,optimistic,1,0,0.000000
1990,War Metal,peaceful,1,0,0.000000
1990,War Metal,playful,1,0,0.000000
1990,War Metal,sad,1,0,0.000000
1990,War Metal,sombre,1,0,0.000000
1990,War Metal,uplifting,1,0,0.000000
1990,West Coast Hip Hop,aggressive,17,6,0.352941
1990,West Coast Hip Hop,angry,17,7,0.411765
1990,West Coast Hip Hop,anxious,17,2,0.117647
1990,West Coast Hip Hop,bittersweet,17,1,0.058824
1990,West Coast Hip Hop,calm,17,1,0.058824
1990,West Coast Hip Hop,dark,17,2,0.117647
1990,West Coast Hip Hop,depressive,17,0,0.000000
1990,West Coast Hip Hop,happy,17,1,0.058824
1990,West Coast Hip Hop,melancholic,17,1,0.058824
1990,West Coast Hip Hop,optimistic,17,0,0.000000
1990,West Coast Hip Hop,peaceful,17,0,0.000000
1990,West Coast Hip Hop,playful,17,3,0.176471
1990,West Coast Hip Hop,sad,17,0,0.000000
1990,West Coast Hip Hop,sombre,17,1,0.058824
1990,West Coast Hip Hop,uplifting,17,0,0.000000
1990,Zolo,aggressive,1,0,0.000000
1990,Zolo,angry,1,0,0.000000
1990,Zolo,anxious,1,0,0.000000
1990,Zolo,bittersweet,1,0,0.000000
1990,Zolo,calm,1,0,0.000000
1990,Zolo,dark,1,0,0.000000
1990,Zolo,depressive,1,0,0.000000
1990,Zolo,happy,1,0,0.000000
1990,Zolo,melancholic,1,0,0.000000
1990,Zolo,optimistic,1,0,0.000000
1990,Zolo,peaceful,1,0,0.000000
1990,Zolo,playful,1,1,1.000000
1990,Zolo,sad,1,0,0.000000
1990,Zolo,sombre,1,0,0.000000
1990,Zolo,uplifting,1,0,0.000000
2000,Abstract Hip Hop,aggressive,20,2,0.100000
2000,Abstract Hip Hop,angry,20,1,0.050000
2000,Abstract Hip Hop,anxious,20,2,0.100000
2000,Abstract Hip Hop,bittersweet,20,0,0.000000
2000,Abstract Hip Hop,calm,20,0,0.000000
2000,Abstract Hip Hop,dark,20,6,0.300000
2000,Abstract Hip Hop,depressive,20,0,0.000000
2000,Abstract Hip Hop,happy,20,0,0.000000
2000,Abstract Hip Hop,melancholic,20,1,0.050000
2000,Abstract Hip Hop,optimistic,20,0,0.000000
2000,Abstract Hip Hop,peaceful,20,0,0.000000
2000,Abstract Hip Hop,playful,20,6,0.300000
2000,Abstract Hip Hop,sad,20,0,0.000000
2000,Abstract Hip Hop,sombre,20,0,0.000000
2000,Abstract Hip Hop,uplifting,20,0,0.000000
2000,Acappella,aggressive,1,0,0.000000
2000,Acappella,angry,1,0,0.000000
2000,Acappella,anxious,1,0,0.000000
2000,Acappella,bittersweet,1,0,0.000000
2000,Acappella,calm,1,0,0.000000
2000,Acappella,dark,1,0,0.000000
2000,Acappella,depressive,1,0,0.000000
2000,Acappella,happy,1,0,0.000000
2000,Acappella,melancholic,1,0,0.000000
2000,Acappella,optimistic,1,0,0.000000
2000,Acappella,peaceful,1,0,0.000000
2000,Acappella,playful,1,0,0.000000
2000,Acappella,sad,1,0,0.000000
2000,Acappella,sombre,1,0,0.000000
2000,Acappella,uplifting,1,0,0.000000
2000,Acoustic Rock,aggressive,7,0,0.000000
2000,Acoustic Rock,angry,7,0,0.000000
2000,Acoustic Rock,anxious,7,0,0.000000
2000,Acoustic Rock,bittersweet,7,1,0.142857
2000,Acoustic Rock,calm,7,1,0.142857
2000,Acoustic Rock,dark,7,1,0.142857
2000,Acoustic Rock,depressive,7,1,0.142857
2000,Acoustic Rock,happy,7,1,0.142857
2000,Acoustic Rock,melancholic,7,3,0.428571
2000,Acoustic Rock,optimistic,7,0,0.000000
2000,Acoustic Rock,peaceful,7,0,0.000000
2000,Acoustic Rock,playful,7,2,0.285714
2000,Acoustic Rock,sad,7,1,0.142857
2000,Acoustic Rock,sombre,7,2,0.285714
2000,Acoustic Rock,uplifting,7,1,0.142857
2000,Alt-Country,aggressive,9,0,0.000000
2000,Alt-Country,angry,9,0,0.000000
2000,Alt-Country,anxious,9,1,0.111111
2000,Alt-Country,bittersweet,9,6,0.666667
2000,Alt-Country,calm,9,1,0.111111
2000,Alt-Country,dark,9,1,0.111111
2000,Alt-Country,depressive,9,0,0.000000
2000,Alt-Country,happy,9,0,0.000000
2000,Alt-Country,melancholic,9,5,0.555556
2000,Alt-Country,optimistic,9,1,0.111111
2000,Alt-Country,peaceful,9,1,0.111111
2000,Alt-Country,playful,9,0,0.000000
2000,Alt-Country,sad,9,1,0.111111
2000,Alt-Country,sombre,9,0,0.000000
2000,Alt-Country,uplifting,9,0,0.000000
2000,Alt-Pop,aggressive,1,0,0.000000
2000,Alt-Pop,angry,1,0,0.000000
2000,Alt-Pop,anxious,1,0,0.000000
2000,Alt-Pop,bittersweet,1,0,0.000000
2000,Alt-Pop,calm,1,1,1.000000
2000,Alt-Pop,dark,1,0,0.000000
2000,Alt-Pop,depressive,1,0,0.000000
2000,Alt-Pop,happy,1,0,0.000000
2000,Alt-Pop,melancholic,1,0,0.000000
2000,Alt-Pop,optimistic,1,0,0.000000
2000,Alt-Pop,peaceful,1,0,0.000000
2000,Alt-Pop,playful,1,0,0.000000
2000,Alt-Pop,sad,1,0,0.000000
2000,Alt-Pop,sombre,1,0,0.000000
2000,Alt-Pop,uplifting,1,0,0.000000
2000,Alternative Dance,aggressive,6,1,0.166667
2000,Alternative Dance,angry,6,1,0.166667
2000,Alternative Dance,anxious,6,0,0.000000
2000,Alternative Dance,bittersweet,6,1,0.166667
2000,Alternative Dance,calm,6,0,0.000000
2000,Alternative Dance,dark,6,0,0.000000
2000,Alternative Dance,depressive,6,0,0.000000
2000,Alternative Dance,happy,6,1,0.166667
2000,Alternative Dance,melancholic,6,0,0.000000
2000,Alternative Dance,optimistic,6,0,0.000000
2000,Alternative Dance,peaceful,6,0,0.000000
2000,Alternative Dance,playful,6,3,0.500000
2000,Alternative Dance,sad,6,0,0.000000
2000,Alternative Dance,sombre,6,0,0.000000
2000,Alternative Dance,uplifting,6,2,0.333333
2000,Alternative Metal,aggressive,32,16,0.500000
2000,Alternative Metal,angry,32,11,0.343750
2000,Alternative Metal,anxious,32,8,0.250000
2000,Alternative Metal,bittersweet,32,1,0.031250
2000,Alternative Metal,calm,32,0,0.000000
2000,Alternative Metal,dark,32,15,0.468750
2000,Alternative Metal,depressive,32,5,0.156250
2000,Alternative Metal,happy,32,0,0.000000
2000,Alternative Metal,melancholic,32,9,0.281250
2000,Alternative Metal,optimistic,32,0,0.000000
2000,Alternative Metal,peaceful,32,0,0.000000
2000,Alternative Metal,playful,32,5,0.156250
2000,Alternative Metal,sad,32,0,0.000000
2000,Alternative Metal,sombre,32,8,0.250000
2000,Alternative Metal,uplifting,32,0,0.000000
2000,Alternative Rock,aggressive,124,3,0.024194
2000,Alternative Rock,angry,124,11,0.088710
2000,Alternative Rock,anxious,124,23,0.185484
2000,Alternative Rock,bittersweet,124,44,0.354839
2000,Alternative Rock,calm,124,1,0.008065
2000,Alternative Rock,dark,124,18,0.145161
2000,Alternative Rock,depressive,124,5,0.040323
2000,Alternative Rock,happy,124,1,0.008065
2000,Alternative Rock,melancholic,124,57,0.459677
2000,Alternative Rock,optimistic,124,1,0.008065
2000,Alternative Rock,peaceful,124,1,0.008065
2000,Alternative Rock,playful,124,18,0.145161
2000,Alternative Rock,sad,124,4,0.032258
2000,Alternative Rock,sombre,124,21,0.169355
2000,Alternative Rock,uplifting,124,11,0.088710
2000,Ambient,aggressive,19,0,0.000000
2000,Ambient,angry,19,0,0.000000
2000,Ambient,anxious,19,0,0.000000
2000,Ambient,bittersweet,19,1,0.052632
2000,Ambient,calm,19,8,0.421053
2000,Ambient,dark,19,3,0.157895
2000,Ambient,depressive,19,0,0.000000
2000,Ambient,happy,19,0,0.000000
2000,Ambient,melancholic,19,14,0.736842
2000,Ambient,optimistic,19,0,0.000000
2000,Ambient,peaceful,19,4,0.210526
2000,Ambient,playful,19,0,0.000000
2000,Ambient,sad,19,0,0.000000
2000,Ambient,sombre,19,9,0.473684
2000,Ambient,uplifting,19,0,0.000000
2000,Ambient Pop,aggressive,6,0,0.000000
2000,Ambient Pop,angry,6,0,0.000000
2000,Ambient Pop,anxious,6,0,0.000000
2000,Ambient Pop,bittersweet,6,0,0.000000
2000,Ambient Pop,calm,6,0,0.000000
2000,Ambient Pop,dark,6,0,0.000000
2000,Ambient Pop,depressive,6,0,0.000000
2000,Ambient Pop,happy,6,0,0.000000
2000,Ambient Pop,melancholic,6,4,0.666667
2000,Ambient Pop,optimistic,6,0,0.000000
2000,Ambient Pop,peaceful,6,2,0.333333
2000,Ambient Pop,playful,6,0,0.000000
2000,Ambient Pop,sad,6,1,0.166667
2000,Ambient Pop,sombre,6,1,0.166667
2000,Ambient Pop,uplifting,6,0,0.000000
2000,Ambient Techno,aggressive,1,0,0.000000
2000,Ambient Techno,angry,1,0,0.000000
2000,Ambient Techno,anxious,1,0,0.000000
2000,Ambient Techno,bittersweet,1,0,0.000000
2000,Ambient Techno,calm,1,1,1.000000
2000,Ambient Techno,dark,1,0,0.000000
2000,Ambient Techno,depressive,1,0,0.000000
2000,Ambient Techno,happy,1,0,0.000000
2000,Ambient Techno,melancholic,1,0,0.000000
2000,Ambient Techno,optimistic,1,0,0.000000
2000,Ambient Techno,peaceful,1,0,0.000000
2000,Ambient Techno,playful,1,0,0.000000
2000,Ambient Techno,sad,1,0,0.000000
2000,Ambient Techno,sombre,1,0,0.000000
2000,Ambient Techno,uplifting,1,0,0.000000
2000,Americana,aggressive,7,0,0.000000
2000,Americana,angry,7,0,0.000000
2000,Americana,anxious,7,0,0.000000
2000,Americana,bittersweet,7,3,0.428571
2000,Americana,calm,7,1,0.142857
2000,Americana,dark,7,0,0.000000
2000,Americana,depressive,7,1,0.142857
2000,Americana,happy,7,0,0.000000
2000,Americana,melancholic,7,5,0.714286
2000,Americana,optimistic,7,0,0.000000
2000,Americana,peaceful,7,0,0.000000
2000,Americana,playful,7,0,0.000000
2000,Americana,sad,7,0,0.000000
2000,Americana,sombre,7,3,0.428571
2000,Americana,uplifting,7,0,0.000000
2000,Anti-Folk,aggressive,3,0,0.000000
2000,Anti-Folk,angry,3,0,0.000000
2000,Anti-Folk,anxious,3,2,0.666667
2000,Anti-Folk,bittersweet,3,1,0.333333
2000,Anti-Folk,calm,3,0,0.000000
2000,Anti-Folk,dark,3,0,0.000000
2000,Anti-Folk,depressive,3,1,0.333333
2000,Anti-Folk,happy,3,0,0.000000
2000,Anti-Folk,melancholic,3,0,0.000000
2000,Anti-Folk,optimistic,3,1,0.333333
2000,Anti-Folk,peaceful,3,0,0.000000
2000,Anti-Folk,playful,3,1,0.333333
2000,Anti-Folk,sad,3,0,0.000000
2000,Anti-Folk,sombre,3,0,0.000000
2000,Anti-Folk,uplifting,3,1,0.333333
2000,Art Pop,aggressive,28,0,0.000000
2000,Art Pop,angry,28,0,0.000000
2000,Art Pop,anxious,28,5,0.178571
2000,Art Pop,bittersweet,28,5,0.178571
2000,Art Pop,calm,28,1,0.035714
2000,Art Pop,dark,28,2,0.071429
2000,Art Pop,depressive,28,3,0.107143
2000,Art Pop,happy,28,0,0.000000
2000,Art Pop,melancholic,28,7,0.250000
2000,Art Pop,optimistic,28,1,0.035714
2000,Art Pop,peaceful,28,1,0.035714
2000,Art Pop,playful,28,10,0.357143
2000,Art Pop,sad,28,2,0.071429
2000,Art Pop,sombre,28,3,0.107143
2000,Art Pop,uplifting,28,3,0.107143
2000,Art Punk,aggressive,2,2,1.000000
2000,Art Punk,angry,2,0,0.000000
2000,Art Punk,anxious,2,0,0.000000
2000,Art Punk,bittersweet,2,0,0.000000
2000,Art Punk,calm,2,0,0.000000
2000,Art Punk,dark,2,0,0.000000
2000,Art Punk,depressive,2,0,0.000000
2000,Art Punk,happy,2,0,0.000000
2000,Art Punk,melancholic,2,0,0.000000
2000,Art Punk,optimistic,2,0,0.000000
2000,Art Punk,peaceful,2,0,0.000000
2000,Art Punk,playful,2,2,1.000000
2000,Art Punk,sad,2,0,0.000000
2000,Art Punk,sombre,2,0,0.000000
2000,Art Punk,uplifting,2,0,0.000000
2000,Art Rock,aggressive,36,0,0.000000
2000,Art Rock,angry,36,0,0.000000
2000,Art Rock,anxious,36,11,0.305556
2000,Art Rock,bittersweet,36,10,0.277778
2000,Art Rock,calm,36,2,0.055556
2000,Art Rock,dark,36,8,0.222222
2000,Art Rock,depressive,36,2,0.055556
2000,Art Rock,happy,36,0,0.000000
2000,Art Rock,melancholic,36,26,0.722222
2000,Art Rock,optimistic,36,0,0.000000
2000,Art Rock,peaceful,36,0,0.000000
2000,Art Rock,playful,36,4,0.111111
2000,Art Rock,sad,36,2,0.055556
2000,Art Rock,sombre,36,9,0.250000
2000,Art Rock,uplifting,36,3,0.083333
2000,Atmospheric Black Metal,aggressive,12,0,0.000000
2000,Atmospheric Black Metal,angry,12,0,0.000000
2000,Atmospheric Black Metal,anxious,12,0,0.000000
2000,Atmospheric Black Metal,bittersweet,12,0,0.000000
2000,Atmospheric Black Metal,calm,12,0,0.000000
2000,Atmospheric Black Metal,dark,12,5,0.416667
2000,Atmospheric Black Metal,depressive,12,3,0.250000
2000,Atmospheric Black Metal,happy,12,0,0.000000
2000,Atmospheric Black Metal,melancholic,12,2,0.166667
2000,Atmospheric Black Metal,optimistic,12,0,0.000000
2000,Atmospheric Black Metal,peaceful,12,0,0.000000
2000,Atmospheric Black Metal,playful,12,0,0.000000
2000,Atmospheric Black Metal,sad,12,1,0.083333
2000,Atmospheric Black Metal,sombre,12,6,0.500000
2000,Atmospheric Black Metal,uplifting,12,0,0.000000
2000,Atmospheric Sludge Metal,aggressive,13,3,0.230769
2000,Atmospheric Sludge Metal,angry,13,1,0.076923
2000,Atmospheric Sludge Metal,anxious,13,0,0.000000
2000,Atmospheric Sludge Metal,bittersweet,13,0,0.000000
2000,Atmospheric Sludge Metal,calm,13,0,0.000000
2000,Atmospheric Sludge Metal,dark,13,8,0.615385
2000,Atmospheric Sludge Metal,depressive,13,1,0.076923
2000,Atmospheric Sludge Metal,happy,13,0,0.000000
2000,Atmospheric Sludge Metal,melancholic,13,8,0.615385
2000,Atmospheric Sludge Metal,optimistic,13,0,0.000000
2000,Atmospheric Sludge Metal,peaceful,13,0,0.000000
2000,Atmospheric Sludge Metal,playful,13,0,0.000000
2000,Atmospheric Sludge Metal,sad,13,1,0.076923
2000,Atmospheric Sludge Metal,sombre,13,6,0.461538
2000,Atmospheric Sludge Metal,uplifting,13,0,0.000000
2000,Avant-Folk,aggressive,7,0,0.000000
2000,Avant-Folk,angry,7,0,0.000000
2000,Avant-Folk,anxious,7,0,0.000000
2000,Avant-Folk,bittersweet,7,0,0.000000
2000,Avant-Folk,calm,7,0,0.000000
2000,Avant-Folk,dark,7,1,0.142857
2000,Avant-Folk,depressive,7,2,0.285714
2000,Avant-Folk,happy,7,0,0.000000
2000,Avant-Folk,melancholic,7,5,0.714286
2000,Avant-Folk,optimistic,7,0,0.000000
2000,Avant-Folk,peaceful,7,0,0.000000
2000,Avant-Folk,playful,7,1,0.142857
2000,Avant-Folk,sad,7,1,0.142857
2000,Avant-Folk,sombre,7,2,0.285714
2000,Avant-Folk,uplifting,7,0,0.000000
2000,Avant-Garde Metal,aggressive,8,2,0.250000
2000,Avant-Garde Metal,angry,8,0,0.000000
2000,Avant-Garde Metal,anxious,8,0,0.000000
2000,Avant-Garde Metal,bittersweet,8,0,0.000000
2000,Avant-Garde Metal,calm,8,0,0.000000
2000,Avant-Garde Metal,dark,8,3,0.375000
2000,Avant-Garde Metal,depressive,8,1,0.125000
2000,Avant-Garde Metal,happy,8,0,0.000000
2000,Avant-Garde Metal,melancholic,8,1,0.125000
2000,Avant-Garde Metal,optimistic,8,0,0.000000
2000,Avant-Garde Metal,peaceful,8,0,0.000000
2000,Avant-Garde Metal,playful,8,2,0.250000
2000,Avant-Garde Metal,sad,8,1,0.125000
2000,Avant-Garde Metal,sombre,8,1,0.125000
2000,Avant-Garde Metal,uplifting,8,0,0.000000
2000,Baroque Pop,aggressive,2,0,0.000000
2000,Baroque Pop,angry,2,0,0.000000
2000,Baroque Pop,anxious,2,0,0.000000
2000,Baroque Pop,bittersweet,2,0,0.000000
2000,Baroque Pop,calm,2,0,0.000000
2000,Baroque Pop,dark,2,0,0.000000
2000,Baroque Pop,depressive,2,0,0.000000
2000,Baroque Pop,happy,2,0,0.000000
2000,Baroque Pop,melancholic,2,0,0.000000
2000,Baroque Pop,optimistic,2,1,0.500000
2000,Baroque Pop,peaceful,2,0,0.000000
2000,Baroque Pop,playful,2,1,0.500000
2000,Baroque Pop,sad,2,0,0.000000
2000,Baroque Pop,sombre,2,0,0.000000
2000,Baroque Pop,uplifting,2,1,0.500000
2000,Big Beat,aggressive,4,2,0.500000
2000,Big Beat,angry,4,0,0.000000
2000,Big Beat,anxious,4,0,0.000000
2000,Big Beat,bittersweet,4,0,0.000000
2000,Big Beat,calm,4,0,0.000000
2000,Big Beat,dark,4,0,0.000000
2000,Big Beat,depressive,4,0,0.000000
2000,Big Beat,happy,4,0,0.000000
2000,Big Beat,melancholic,4,0,0.000000
2000,Big Beat,optimistic,4,0,0.000000
2000,Big Beat,peaceful,4,0,0.000000
2000,Big Beat,playful,4,0,0.000000
2000,Big Beat,sad,4,0,0.000000
2000,Big Beat,sombre,4,0,0.000000
2000,Big Beat,uplifting,4,1,0.250000
2000,Bitpop,aggressive,1,0,0.000000
2000,Bitpop,angry,1,0,0.000000
2000,Bitpop,anxious,1,0,0.000000
2000,Bitpop,bittersweet,1,0,0.000000
2000,Bitpop,calm,1,0,0.000000
2000,Bitpop,dark,1,0,0.000000
2000,Bitpop,depressive,1,0,0.000000
2000,Bitpop,happy,1,0,0.000000
2000,Bitpop,melancholic,1,0,0.000000
2000,Bitpop,optimistic,1,0,0.000000
2000,Bitpop,peaceful,1,0,0.000000
2000,Bitpop,playful,1,0,0.000000
2000,Bitpop,sad,1,0,0.000000
2000,Bitpop,sombre,1,0,0.000000
2000,Bitpop,uplifting,1,0,0.000000
2000,Black Metal,aggressive,11,1,0.090909
2000,Black Metal,angry,11,0,0.000000
2000,Black Metal,anxious,11,0,0.000000
2000,Black Metal,bittersweet,11,0,0.000000
2000,Black Metal,calm,11,0,0.000000
2000,Black Metal,dark,11,7,0.636364
2000,Black Metal,depressive,11,2,0.181818
2000,Black Metal,happy,11,0,0.000000
2000,Black Metal,melancholic,11,1,0.090909
2000,Black Metal,optimistic,11,0,0.000000
2000,Black Metal,peaceful,11,0,0.000000
2000,Black Metal,playful,11,0,0.000000
2000,Black Metal,sad,11,0,0.000000
2000,Black Metal,sombre,11,3,0.272727
2000,Black Metal,uplifting,11,0,0.000000
2000,Blackgaze,aggressive,2,0,0.000000
2000,Blackgaze,angry,2,0,0.000000
2000,Blackgaze,anxious,2,1,0.500000
2000,Blackgaze,bittersweet,2,1,0.500000
2000,Blackgaze,calm,2,0,0.000000
2000,Blackgaze,dark,2,1,0.500000
2000,Blackgaze,depressive,2,1,0.500000
2000,Blackgaze,happy,2,0,0.000000
2000,Blackgaze,melancholic,2,2,1.000000
2000,Blackgaze,optimistic,2,0,0.000000
2000,Blackgaze,peaceful,2,0,0.000000
2000,Blackgaze,playful,2,0,0.000000
2000,Blackgaze,sad,2,0,0.000000
2000,Blackgaze,sombre,2,0,0.000000
2000,Blackgaze,uplifting,2,0,0.000000
2000,Blues Rock,aggressive,13,0,0.000000
2000,Blues Rock,angry,13,0,0.000000
2000,Blues Rock,anxious,13,2,0.153846
2000,Blues Rock,bittersweet,13,2,0.153846
2000,Blues Rock,calm,13,0,0.000000
2000,Blues Rock,dark,13,1,0.076923
2000,Blues Rock,depressive,13,0,0.000000
2000,Blues Rock,happy,13,0,0.000000
2000,Blues Rock,melancholic,13,2,0.153846
2000,Blues Rock,optimistic,13,0,0.000000
2000,Blues Rock,peaceful,13,0,0.000000
2000,Blues Rock,playful,13,3,0.230769
2000,Blues Rock,sad,13,0,0.000000
2000,Blues Rock,sombre,13,0,0.000000
2000,Blues Rock,uplifting,13,0,0.000000
2000,Boom Bap,aggressive,4,1,0.250000
2000,Boom Bap,angry,4,0,0.000000
2000,Boom Bap,anxious,4,0,0.000000
2000,Boom Bap,bittersweet,4,0,0.000000
2000,Boom Bap,calm,4,0,0.000000
2000,Boom Bap,dark,4,0,0.000000
2000,Boom Bap,depressive,4,0,0.000000
2000,Boom Bap,happy,4,0,0.000000
2000,Boom Bap,melancholic,4,0,0.000000
2000,Boom Bap,optimistic,4,0,0.000000
2000,Boom Bap,peaceful,4,0,0.000000
2000,Boom Bap,playful,4,0,0.000000
2000,Boom Bap,sad,4,0,0.000000
2000,Boom Bap,sombre,4,0,0.000000
2000,Boom Bap,uplifting,4,1,0.250000
2000,Breakbeat,aggressive,1,1,1.000000
2000,Breakbeat,angry,1,0,0.000000
2000,Breakbeat,anxious,1,0,0.000000
2000,Breakbeat,bittersweet,1,0,0.000000
2000,Breakbeat,calm,1,0,0.000000
2000,Breakbeat,dark,1,0,0.000000
2000,Breakbeat,depressive,1,0,0.000000
2000,Breakbeat,happy,1,0,0.000000
2000,Breakbeat,melancholic,1,0,0.000000
2000,Breakbeat,optimistic,1,0,0.000000
2000,Breakbeat,peaceful,1,0,0.000000
2000,Breakbeat,playful,1,0,0.000000
2000,Breakbeat,sad,1,0,0.000000
2000,Breakbeat,sombre,1,0,0.000000
2000,Breakbeat,uplifting,1,0,0.000000
2000,Breakcore,aggressive,1,0,0.000000
2000,Breakcore,angry,1,0,0.000000
2000,Breakcore,anxious,1,1,1.000000
2000,Breakcore,bittersweet,1,0,0.000000
2000,Breakcore,calm,1,0,0.000000
2000,Breakcore,dark,1,0,0.000000
2000,Breakcore,depressive,1,0,0.000000
2000,Breakcore,happy,1,0,0.000000
2000,Breakcore,melancholic,1,1,1.000000
2000,Breakcore,optimistic,1,0,0.000000
2000,Breakcore,peaceful,1,0,0.000000
2000,Breakcore,playful,1,0,0.000000
2000,Breakcore,sad,1,0,0.000000
2000,Breakcore,sombre,1,0,0.000000
2000,Breakcore,uplifting,1,0,0.000000
2000,Britpop,aggressive,4,0,0.000000
2000,Britpop,angry,4,0,0.000000
2000,Britpop,anxious,4,0,0.000000
2000,Britpop,bittersweet,4,3,0.750000
2000,Britpop,calm,4,0,0.000000
2000,Britpop,dark,4,0,0.000000
2000,Britpop,depressive,4,0,0.000000
2000,Britpop,happy,4,0,0.000000
2000,Britpop,melancholic,4,2,0.500000
2000,Britpop,optimistic,4,0,0.000000
2000,Britpop,peaceful,4,0,0.000000
2000,Britpop,playful,4,0,0.000000
2000,Britpop,sad,4,0,0.000000
2000,Britpop,sombre,4,0,0.000000
2000,Britpop,uplifting,4,1,0.250000
2000,Chamber Folk,aggressive,7,0,0.000000
2000,Chamber Folk,angry,7,0,0.000000
2000,Chamber Folk,anxious,7,0,0.000000
2000,Chamber Folk,bittersweet,7,3,0.428571
2000,Chamber Folk,calm,7,1,0.142857
2000,Chamber Folk,dark,7,3,0.428571
2000,Chamber Folk,depressive,7,2,0.285714
2000,Chamber Folk,happy,7,0,0.000000
2000,Chamber Folk,melancholic,7,5,0.714286
2000,Chamber Folk,optimistic,7,0,0.000000
2000,Chamber Folk,peaceful,7,0,0.000000
2000,Chamber Folk,playful,7,0,0.000000
2000,Chamber Folk,sad,7,2,0.285714
2000,Chamber Folk,sombre,7,1,0.142857
2000,Chamber Folk,uplifting,7,1,0.142857
2000,Chamber Pop,aggressive,19,0,0.000000
2000,Chamber Pop,angry,19,0,0.000000
2000,Chamber Pop,anxious,19,0,0.000000
2000,Chamber Pop,bittersweet,19,13,0.684211
2000,Chamber Pop,calm,19,0,0.000000
2000,Chamber Pop,dark,19,0,0.000000
2000,Chamber Pop,depressive,19,0,0.000000
2000,Chamber Pop,happy,19,3,0.157895
2000,Chamber Pop,melancholic,19,6,0.315789
2000,Chamber Pop,optimistic,19,3,0.157895
2000,Chamber Pop,peaceful,19,0,0.000000
2000,Chamber Pop,playful,19,5,0.263158
2000,Chamber Pop,sad,19,3,0.157895
2000,Chamber Pop,sombre,19,1,0.052632
2000,Chamber Pop,uplifting,19,3,0.157895
2000,Chillwave,aggressive,1,0,0.000000
2000,Chillwave,angry,1,0,0.000000
2000,Chillwave,anxious,1,0,0.000000
2000,Chillwave,bittersweet,1,0,0.000000
2000,Chillwave,calm,1,0,0.000000
2000,Chillwave,dark,1,0,0.000000
2000,Chillwave,depressive,1,0,0.000000
2000,Chillwave,happy,1,0,0.000000
2000,Chillwave,melancholic,1,0,0.000000
2000,Chillwave,optimistic,1,0,0.000000
2000,Chillwave,peaceful,1,0,0.000000
2000,Chillwave,playful,1,1,1.000000
2000,Chillwave,sad,1,0,0.000000
2000,Chillwave,sombre,1,0,0.000000
2000,Chillwave,uplifting,1,0,0.000000
2000,Chipmunk Soul,aggressive,2,0,0.000000
2000,Chipmunk Soul,angry,2,0,0.000000
2000,Chipmunk Soul,anxious,2,0,0.000000
2000,Chipmunk Soul,bittersweet,2,0,0.000000
2000,Chipmunk Soul,calm,2,0,0.000000
2000,Chipmunk Soul,dark,2,0,0.000000
2000,Chipmunk Soul,depressive,2,0,0.000000
2000,Chipmunk Soul,happy,2,0,0.000000
2000,Chipmunk Soul,melancholic,2,0,0.000000
2000,Chipmunk Soul,optimistic,2,0,0.000000
2000,Chipmunk Soul,peaceful,2,0,0.000000
2000,Chipmunk Soul,playful,2,1,0.500000
2000,Chipmunk Soul,sad,2,0,0.000000
2000,Chipmunk Soul,sombre,2,0,0.000000
2000,Chipmunk Soul,uplifting,2,0,0.000000
2000,Christian Rock,aggressive,1,0,0.000000
2000,Christian Rock,angry,1,0,0.000000
2000,Christian Rock,anxious,1,0,0.000000
2000,Christian Rock,bittersweet,1,0,0.000000
2000,Christian Rock,calm,1,0,0.000000
2000,Christian Rock,dark,1,0,0.000000
2000,Christian Rock,depressive,1,0,0.000000
2000,Christian Rock,happy,1,0,0.000000
2000,Christian Rock,melancholic,1,0,0.000000
2000,Christian Rock,optimistic,1,0,0.000000
2000,Christian Rock,peaceful,1,0,0.000000
2000,Christian Rock,playful,1,0,0.000000
2000,Christian Rock,sad,1,0,0.000000
2000,Christian Rock,sombre,1,0,0.000000
2000,Christian Rock,uplifting,1,0,0.000000
2000,Cinematic Classical,aggressive,3,0,0.000000
2000,Cinematic Classical,angry,3,0,0.000000
2000,Cinematic Classical,anxious,3,1,0.333333
2000,Cinematic Classical,bittersweet,3,0,0.000000
2000,Cinematic Classical,calm,3,0,0.000000
2000,Cinematic Classical,dark,3,1,0.333333
2000,Cinematic Classical,depressive,3,1,0.333333
2000,Cinematic Classical,happy,3,0,0.000000
2000,Cinematic Classical,melancholic,3,2,0.666667
2000,Cinematic Classical,optimistic,3,0,0.000000
2000,Cinematic Classical,peaceful,3,0,0.000000
2000,Cinematic Classical,playful,3,0,0.000000
2000,Cinematic Classical,sad,3,0,0.000000
2000,Cinematic Classical,sombre,3,0,0.000000
2000,Cinematic Classical,uplifting,3,0,0.000000
2000,Cloud Rap,aggressive,1,0,0.000000
2000,Cloud Rap,angry,1,0,0.000000
2000,Cloud Rap,anxious,1,0,0.000000
2000,Cloud Rap,bittersweet,1,0,0.000000
2000,Cloud Rap,calm,1,0,0.000000
2000,Cloud Rap,dark,1,0,0.000000
2000,Cloud Rap,depressive,1,0,0.000000
2000,Cloud Rap,happy,1,0,0.000000
2000,Cloud Rap,melancholic,1,0,0.000000
2000,Cloud Rap,optimistic,1,0,0.000000
2000,Cloud Rap,peaceful,1,0,0.000000
2000,Cloud Rap,playful,1,0,0.000000
2000,Cloud Rap,sad,1,0,0.000000
2000,Cloud Rap,sombre,1,0,0.000000
2000,Cloud Rap,uplifting,1,0,0.000000
2000,Comedy Rock,aggressive,2,0,0.000000
2000,Comedy Rock,angry,2,0,0.000000
2000,Comedy Rock,anxious,2,0,0.000000
2000,Comedy Rock,bittersweet,2,0,0.000000
2000,Comedy Rock,calm,2,0,0.000000
2000,Comedy Rock,dark,2,0,0.000000
2000,Comedy Rock,depressive,2,0,0.000000
2000,Comedy Rock,happy,2,0,0.000000
2000,Comedy Rock,melancholic,2,0,0.000000
2000,Comedy Rock,optimistic,2,0,0.000000
2000,Comedy Rock,peaceful,2,0,0.000000
2000,Comedy Rock,playful,2,2,1.000000
2000,Comedy Rock,sad,2,0,0.000000
2000,Comedy Rock,sombre,2,0,0.000000
2000,Comedy Rock,uplifting,2,0,0.000000
2000,Conscious Hip Hop,aggressive,13,0,0.000000
2000,Conscious Hip Hop,angry,13,0,0.000000
2000,Conscious Hip Hop,anxious,13,1,0.076923
2000,Conscious Hip Hop,bittersweet,13,0,0.000000
2000,Conscious Hip Hop,calm,13,0,0.000000
2000,Conscious Hip Hop,dark,13,1,0.076923
2000,Conscious Hip Hop,depressive,13,0,0.000000
2000,Conscious Hip Hop,happy,13,1,0.076923
2000,Conscious Hip Hop,melancholic,13,1,0.076923
2000,Conscious Hip Hop,optimistic,13,1,0.076923
2000,Conscious Hip Hop,peaceful,13,0,0.000000
2000,Conscious Hip Hop,playful,13,2,0.153846
2000,Conscious Hip Hop,sad,13,0,0.000000
2000,Conscious Hip Hop,sombre,13,1,0.076923
2000,Conscious Hip Hop,uplifting,13,4,0.307692
2000,Contemporary Folk,aggressive,20,0,0.000000
2000,Contemporary Folk,angry,20,0,0.000000
2000,Contemporary Folk,anxious,20,1,0.050000
2000,Contemporary Folk,bittersweet,20,6,0.300000
2000,Contemporary Folk,calm,20,2,0.100000
2000,Contemporary Folk,dark,20,3,0.150000
2000,Contemporary Folk,depressive,20,3,0.150000
2000,Contemporary Folk,happy,20,0,0.000000
2000,Contemporary Folk,melancholic,20,11,0.550000
2000,Contemporary Folk,optimistic,20,0,0.000000
2000,Contemporary Folk,peaceful,20,3,0.150000
2000,Contemporary Folk,playful,20,1,0.050000
2000,Contemporary Folk,sad,20,8,0.400000
2000,Contemporary Folk,sombre,20,5,0.250000
2000,Contemporary Folk,uplifting,20,1,0.050000
2000,Contemporary R&B,aggressive,10,1,0.100000
2000,Contemporary R&B,angry,10,0,0.000000
2000,Contemporary R&B,anxious,10,0,0.000000
2000,Contemporary R&B,bittersweet,10,1,0.100000
2000,Contemporary R&B,calm,10,0,0.000000
2000,Contemporary R&B,dark,10,0,0.000000
2000,Contemporary R&B,depressive,10,0,0.000000
2000,Contemporary R&B,happy,10,0,0.000000
2000,Contemporary R&B,melancholic,10,0,0.000000
2000,Contemporary R&B,optimistic,10,0,0.000000
2000,Contemporary R&B,peaceful,10,0,0.000000
2000,Contemporary R&B,playful,10,4,0.400000
2000,Contemporary R&B,sad,10,0,0.000000
2000,Contemporary R&B,sombre,10,0,0.000000
2000,Contemporary R&B,uplifting,10,2,0.200000
2000,Country,aggressive,2,0,0.000000
2000,Country,angry,2,0,0.000000
2000,Country,anxious,2,0,0.000000
2000,Country,bittersweet,2,1,0.500000
2000,Country,calm,2,0,0.000000
2000,Country,dark,2,0,0.000000
2000,Country,depressive,2,1,0.500000
2000,Country,happy,2,0,0.000000
2000,Country,melancholic,2,2,1.000000
2000,Country,optimistic,2,0,0.000000
2000,Country,peaceful,2,0,0.000000
2000,Country,playful,2,0,0.000000
2000,Country,sad,2,0,0.000000
2000,Country,sombre,2,2,1.000000
2000,Country,uplifting,2,0,0.000000
2000,Country Pop,aggressive,2,0,0.000000
2000,Country Pop,angry,2,0,0.000000
2000,Country Pop,anxious,2,0,0.000000
2000,Country Pop,bittersweet,2,0,0.000000
2000,Country Pop,calm,2,0,0.000000
2000,Country Pop,dark,2,0,0.000000
2000,Country Pop,depressive,2,0,0.000000
2000,Country Pop,happy,2,1,0.500000
2000,Country Pop,melancholic,2,1,0.500000
2000,Country Pop,optimistic,2,0,0.000000
2000,Country Pop,peaceful,2,0,0.000000
2000,Country Pop,playful,2,1,0.500000
2000,Country Pop,sad,2,0,0.000000
2000,Country Pop,sombre,2,0,0.000000
2000,Country Pop,uplifting,2,1,0.500000
2000,Country Rock,aggressive,1,0,0.000000
2000,Country Rock,angry,1,0,0.000000
2000,Country Rock,anxious,1,0,0.000000
2000,Country Rock,bittersweet,1,1,1.000000
2000,Country Rock,calm,1,0,0.000000
2000,Country Rock,dark,1,0,0.000000
2000,Country Rock,depressive,1,0,0.000000
2000,Country Rock,happy,1,0,0.000000
2000,Country Rock,melancholic,1,1,1.000000
2000,Country Rock,optimistic,1,0,0.000000
2000,Country Rock,peaceful,1,0,0.000000
2000,Country Rock,playful,1,0,0.000000
2000,Country Rock,sad,1,1,1.000000
2000,Country Rock,sombre,1,0,0.000000
2000,Country Rock,uplifting,1,0,0.000000
2000,Dance,aggressive,1,0,0.000000
2000,Dance,angry,1,0,0.000000
2000,Dance,anxious,1,0,0.000000
2000,Dance,bittersweet,1,0,0.000000
2000,Dance,calm,1,0,0.000000
2000,Dance,dark,1,0,0.000000
2000,Dance,depressive,1,0,0.000000
2000,Dance,happy,1,0,0.000000
2000,Dance,melancholic,1,0,0.000000
2000,Dance,optimistic,1,0,0.000000
2000,Dance,peaceful,1,0,0.000000
2000,Dance,playful,1,1,1.000000
2000,Dance,sad,1,0,0.000000
2000,Dance,sombre,1,0,0.000000
2000,Dance,uplifting,1,1,1.000000
2000,Dance-Pop,aggressive,14,1,0.071429
2000,Dance-Pop,angry,14,0,0.000000
2000,Dance-Pop,anxious,14,0,0.000000
2000,Dance-Pop,bittersweet,14,1,0.071429
2000,Dance-Pop,calm,14,0,0.000000
2000,Dance-Pop,dark,14,1,0.071429
2000,Dance-Pop,depressive,14,0,0.000000
2000,Dance-Pop,happy,14,2,0.142857
2000,Dance-Pop,melancholic,14,0,0.000000
2000,Dance-Pop,optimistic,14,3,0.214286
2000,Dance-Pop,peaceful,14,0,0.000000
2000,Dance-Pop,playful,14,4,0.285714
2000,Dance-Pop,sad,14,0,0.000000
2000,Dance-Pop,sombre,14,0,0.000000
2000,Dance-Pop,uplifting,14,4,0.285714
2000,Dance-Punk,aggressive,8,2,0.250000
2000,Dance-Punk,angry,8,0,0.000000
2000,Dance-Punk,anxious,8,3,0.375000
2000,Dance-Punk,bittersweet,8,1,0.125000
2000,Dance-Punk,calm,8,0,0.000000
2000,Dance-Punk,dark,8,0,0.000000
2000,Dance-Punk,depressive,8,0,0.000000
2000,Dance-Punk,happy,8,0,0.000000
2000,Dance-Punk,melancholic,8,0,0.000000
2000,Dance-Punk,optimistic,8,0,0.000000
2000,Dance-Punk,peaceful,8,0,0.000000
2000,Dance-Punk,playful,8,3,0.375000
2000,Dance-Punk,sad,8,0,0.000000
2000,Dance-Punk,sombre,8,0,0.000000
2000,Dance-Punk,uplifting,8,0,0.000000
2000,Dark Ambient,aggressive,2,0,0.000000
2000,Dark Ambient,angry,2,0,0.000000
2000,Dark Ambient,anxious,2,1,0.500000
2000,Dark Ambient,bittersweet,2,0,0.000000
2000,Dark Ambient,calm,2,0,0.000000
2000,Dark Ambient,dark,2,2,1.000000
2000,Dark Ambient,depressive,2,0,0.000000
2000,Dark Ambient,happy,2,0,0.000000
2000,Dark Ambient,melancholic,2,0,0.000000
2000,Dark Ambient,optimistic,2,0,0.000000
2000,Dark Ambient,peaceful,2,0,0.000000
2000,Dark Ambient,playful,2,0,0.000000
2000,Dark Ambient,sad,2,0,0.000000
2000,Dark Ambient,sombre,2,1,0.500000
2000,Dark Ambient,uplifting,2,0,0.000000
2000,Dark Cabaret,aggressive,2,0,0.000000
2000,Dark Cabaret,angry,2,0,0.000000
2000,Dark Cabaret,anxious,2,0,0.000000
2000,Dark Cabaret,bittersweet,2,1,0.500000
2000,Dark Cabaret,calm,2,0,0.000000
2000,Dark Cabaret,dark,2,2,1.000000
2000,Dark Cabaret,depressive,2,0,0.000000
2000,Dark Cabaret,happy,2,0,0.000000
2000,Dark Cabaret,melancholic,2,1,0.500000
2000,Dark Cabaret,optimistic,2,0,0.000000
2000,Dark Cabaret,peaceful,2,0,0.000000
2000,Dark Cabaret,playful,2,0,0.000000
2000,Dark Cabaret,sad,2,1,0.500000
2000,Dark Cabaret,sombre,2,2,1.000000
2000,Dark Cabaret,uplifting,2,0,0.000000
2000,Dark Folk,aggressive,1,0,0.000000
2000,Dark Folk,angry,1,0,0.000000
2000,Dark Folk,anxious,1,0,0.000000
2000,Dark Folk,bittersweet,1,0,0.000000
2000,Dark Folk,calm,1,0,0.000000
2000,Dark Folk,dark,1,1,1.000000
2000,Dark Folk,depressive,1,0,0.000000
2000,Dark Folk,happy,1,0,0.000000
2000,Dark Folk,melancholic,1,1,1.000000
2000,Dark Folk,optimistic,1,0,0.000000
2000,Dark Folk,peaceful,1,0,0.000000
2000,Dark Folk,playful,1,0,0.000000
2000,Dark Folk,sad,1,0,0.000000
2000,Dark Folk,sombre,1,1,1.000000
2000,Dark Folk,uplifting,1,0,0.000000
2000,Dark Jazz,aggressive,2,0,0.000000
2000,Dark Jazz,angry,2,0,0.000000
2000,Dark Jazz,anxious,2,0,0.000000
2000,Dark Jazz,bittersweet,2,0,0.000000
2000,Dark Jazz,calm,2,2,1.000000
2000,Dark Jazz,dark,2,2,1.000000
2000,Dark Jazz,depressive,2,0,0.000000
2000,Dark Jazz,happy,2,0,0.000000
2000,Dark Jazz,melancholic,2,2,1.000000
2000,Dark Jazz,optimistic,2,0,0.000000
2000,Dark Jazz,peaceful,2,0,0.000000
2000,Dark Jazz,playful,2,0,0.000000
2000,Dark Jazz,sad,2,0,0.000000
2000,Dark Jazz,sombre,2,2,1.000000
2000,Dark Jazz,uplifting,2,0,0.000000
2000,Death Doom Metal,aggressive,2,1,0.500000
2000,Death Doom Metal,angry,2,0,0.000000
2000,Death Doom Metal,anxious,2,0,0.000000
2000,Death Doom Metal,bittersweet,2,0,0.000000
2000,Death Doom Metal,calm,2,0,0.000000
2000,Death Doom Metal,dark,2,0,0.000000
2000,Death Doom Metal,depressive,2,1,0.500000
2000,Death Doom Metal,happy,2,0,0.000000
2000,Death Doom Metal,melancholic,2,1,0.500000
2000,Death Doom Metal,optimistic,2,0,0.000000
2000,Death Doom Metal,peaceful,2,0,0.000000
2000,Death Doom Metal,playful,2,0,0.000000
2000,Death Doom Metal,sad,2,0,0.000000
2000,Death Doom Metal,sombre,2,1,0.500000
2000,Death Doom Metal,uplifting,2,0,0.000000
2000,Death Metal,aggressive,13,10,0.769231
2000,Death Metal,angry,13,3,0.230769
2000,Death Metal,anxious,13,0,0.000000
2000,Death Metal,bittersweet,13,0,0.000000
2000,Death Metal,calm,13,0,0.000000
2000,Death Metal,dark,13,3,0.230769
2000,Death Metal,depressive,13,0,0.000000
2000,Death Metal,happy,13,0,0.000000
2000,Death Metal,melancholic,13,0,0.000000
2000,Death Metal,optimistic,13,0,0.000000
2000,Death Metal,peaceful,13,0,0.000000
2000,Death Metal,playful,13,0,0.000000
2000,Death Metal,sad,13,0,0.000000
2000,Death Metal,sombre,13,0,0.000000
2000,Death Metal,uplifting,13,0,0.000000
2000,Deathcore,aggressive,1,1,1.000000
2000,Deathcore,angry,1,1,1.000000
2000,Deathcore,anxious,1,0,0.000000
2000,Deathcore,bittersweet,1,0,0.000000
2000,Deathcore,calm,1,0,0.000000
2000,Deathcore,dark,1,0,0.000000
2000,Deathcore,depressive,1,0,0.000000
2000,Deathcore,happy,1,0,0.000000
2000,Deathcore,melancholic,1,0,0.000000
2000,Deathcore,optimistic,1,0,0.000000
2000,Deathcore,peaceful,1,0,0.000000
2000,Deathcore,playful,1,0,0.000000
2000,Deathcore,sad,1,0,0.000000
2000,Deathcore,sombre,1,0,0.000000
2000,Deathcore,uplifting,1,0,0.000000
2000,Deep House,aggressive,2,0,0.000000
2000,Deep House,angry,2,0,0.000000
2000,Deep House,anxious,2,0,0.000000
2000,Deep House,bittersweet,2,0,0.000000
2000,Deep House,calm,2,0,0.000000
2000,Deep House,dark,2,0,0.000000
2000,Deep House,depressive,2,0,0.000000
2000,Deep House,happy,2,0,0.000000
2000,Deep House,melancholic,2,1,0.500000
2000,Deep House,optimistic,2,0,0.000000
2000,Deep House,peaceful,2,0,0.000000
2000,Deep House,playful,2,0,0.000000
2000,Deep House,sad,2,0,0.000000
2000,Deep House,sombre,2,0,0.000000
2000,Deep House,uplifting,2,0,0.000000
2000,Depressive Black Metal,aggressive,2,0,0.000000
2000,Depressive Black Metal,angry,2,1,0.500000
2000,Depressive Black Metal,anxious,2,0,0.000000
2000,Depressive Black Metal,bittersweet,2,0,0.000000
2000,Depressive Black Metal,calm,2,0,0.000000
2000,Depressive Black Metal,dark,2,2,1.000000
2000,Depressive Black Metal,depressive,2,2,1.000000
2000,Depressive Black Metal,happy,2,0,0.000000
2000,Depressive Black Metal,melancholic,2,1,0.500000
2000,Depressive Black Metal,optimistic,2,0,0.000000
2000,Depressive Black Metal,peaceful,2,0,0.000000
2000,Depressive Black Metal,playful,2,0,0.000000
2000,Depressive Black Metal,sad,2,0,0.000000
2000,Depressive Black Metal,sombre,2,0,0.000000
2000,Depressive Black Metal,uplifting,2,0,0.000000
2000,Djent,aggressive,3,2,0.666667
2000,Djent,angry,3,0,0.000000
2000,Djent,anxious,3,0,0.000000
2000,Djent,bittersweet,3,0,0.000000
2000,Djent,calm,3,0,0.000000
2000,Djent,dark,3,1,0.333333
2000,Djent,depressive,3,0,0.000000
2000,Djent,happy,3,0,0.000000
2000,Djent,melancholic,3,0,0.000000
2000,Djent,optimistic,3,0,0.000000
2000,Djent,peaceful,3,0,0.000000
2000,Djent,playful,3,0,0.000000
2000,Djent,sad,3,0,0.000000
2000,Djent,sombre,3,0,0.000000
2000,Djent,uplifting,3,0,0.000000
2000,Doom Metal,aggressive,5,0,0.000000
2000,Doom Metal,angry,5,0,0.000000
2000,Doom Metal,anxious,5,0,0.000000
2000,Doom Metal,bittersweet,5,0,0.000000
2000,Doom Metal,calm,5,0,0.000000
2000,Doom Metal,dark,5,2,0.400000
2000,Doom Metal,depressive,5,1,0.200000
2000,Doom Metal,happy,5,0,0.000000
2000,Doom Metal,melancholic,5,1,0.200000
2000,Doom Metal,optimistic,5,0,0.000000
2000,Doom Metal,peaceful,5,0,0.000000
2000,Doom Metal,playful,5,0,0.000000
2000,Doom Metal,sad,5,1,0.200000
2000,Doom Metal,sombre,5,2,0.400000
2000,Doom Metal,uplifting,5,0,0.000000
2000,Downtempo,aggressive,5,0,0.000000
2000,Downtempo,angry,5,0,0.000000
2000,Downtempo,anxious,5,0,0.000000
2000,Downtempo,bittersweet,5,0,0.000000
2000,Downtempo,calm,5,2,0.400000
2000,Downtempo,dark,5,0,0.000000
2000,Downtempo,depressive,5,0,0.000000
2000,Downtempo,happy,5,0,0.000000
2000,Downtempo,melancholic,5,2,0.400000
2000,Downtempo,optimistic,5,0,0.000000
2000,Downtempo,peaceful,5,1,0.200000
2000,Downtempo,playful,5,0,0.000000
2000,Downtempo,sad,5,0,0.000000
2000,Downtempo,sombre,5,0,0.000000
2000,Downtempo,uplifting,5,0,0.000000
2000,Dream Pop,aggressive,22,0,0.000000
2000,Dream Pop,angry,22,0,0.000000
2000,Dream Pop,anxious,22,0,0.000000
2000,Dream Pop,bittersweet,22,9,0.409091
2000,Dream Pop,calm,22,1,0.045455
2000,Dream Pop,dark,22,0,0.000000
2000,Dream Pop,depressive,22,0,0.000000
2000,Dream Pop,happy,22,2,0.090909
2000,Dream Pop,melancholic,22,14,0.636364
2000,Dream Pop,optimistic,22,0,0.000000
2000,Dream Pop,peaceful,22,0,0.000000
2000,Dream Pop,playful,22,2,0.090909
2000,Dream Pop,sad,22,1,0.045455
2000,Dream Pop,sombre,22,0,0.000000
2000,Dream Pop,uplifting,22,2,0.090909
2000,Drilland Bass,aggressive,4,1,0.250000
2000,Drilland Bass,angry,4,0,0.000000
2000,Drilland Bass,anxious,4,1,0.250000
2000,Drilland Bass,bittersweet,4,0,0.000000
2000,Drilland Bass,calm,4,0,0.000000
2000,Drilland Bass,dark,4,0,0.000000
2000,Drilland Bass,depressive,4,0,0.000000
2000,Drilland Bass,happy,4,0,0.000000
2000,Drilland Bass,melancholic,4,2,0.500000
2000,Drilland Bass,optimistic,4,0,0.000000
2000,Drilland Bass,peaceful,4,0,0.000000
2000,Drilland Bass,playful,4,1,0.250000
2000,Drilland Bass,sad,4,0,0.000000
2000,Drilland Bass,sombre,4,0,0.000000
2000,Drilland Bass,uplifting,4,0,0.000000
2000,Drone,aggressive,12,1,0.083333
2000,Drone,angry,12,0,0.000000
2000,Drone,anxious,12,0,0.000000
2000,Drone,bittersweet,12,0,0.000000
2000,Drone,calm,12,2,0.166667
2000,Drone,dark,12,4,0.333333
2000,Drone,depressive,12,0,0.000000
2000,Drone,happy,12,0,0.000000
2000,Drone,melancholic,12,5,0.416667
2000,Drone,optimistic,12,0,0.000000
2000,Drone,peaceful,12,2,0.166667
2000,Drone,playful,12,0,0.000000
2000,Drone,sad,12,0,0.000000
2000,Drone,sombre,12,2,0.166667
2000,Drone,uplifting,12,0,0.000000
2000,Drone Metal,aggressive,6,0,0.000000
2000,Drone Metal,angry,6,0,0.000000
2000,Drone Metal,anxious,6,0,0.000000
2000,Drone Metal,bittersweet,6,0,0.000000
2000,Drone Metal,calm,6,0,0.000000
2000,Drone Metal,dark,6,3,0.500000
2000,Drone Metal,depressive,6,2,0.333333
2000,Drone Metal,happy,6,0,0.000000
2000,Drone Metal,melancholic,6,3,0.500000
2000,Drone Metal,optimistic,6,0,0.000000
2000,Drone Metal,peaceful,6,0,0.000000
2000,Drone Metal,playful,6,0,0.000000
2000,Drone Metal,sad,6,0,0.000000
2000,Drone Metal,sombre,6,3,0.500000
2000,Drone Metal,uplifting,6,0,0.000000
2000,Drumand Bass,aggressive,1,0,0.000000
2000,Drumand Bass,angry,1,0,0.000000
2000,Drumand Bass,anxious,1,0,0.000000
2000,Drumand Bass,bittersweet,1,0,0.000000
2000,Drumand Bass,calm,1,0,0.000000
2000,Drumand Bass,dark,1,0,0.000000
2000,Drumand Bass,depressive,1,0,0.000000
2000,Drumand Bass,happy,1,0,0.000000
2000,Drumand Bass,melancholic,1,0,0.000000
2000,Drumand Bass,optimistic,1,0,0.000000
2000,Drumand Bass,peaceful,1,0,0.000000
2000,Drumand Bass,playful,1,0,0.000000
2000,Drumand Bass,sad,1,0,0.000000
2000,Drumand Bass,sombre,1,0,0.000000
2000,Drumand Bass,uplifting,1,0,0.000000
2000,Dubstep,aggressive,2,0,0.000000
2000,Dubstep,angry,2,0,0.000000
2000,Dubstep,anxious,2,0,0.000000
2000,Dubstep,bittersweet,2,0,0.000000
2000,Dubstep,calm,2,0,0.000000
2000,Dubstep,dark,2,2,1.000000
2000,Dubstep,depressive,2,0,0.000000
2000,Dubstep,happy,2,0,0.000000
2000,Dubstep,melancholic,2,1,0.500000
2000,Dubstep,optimistic,2,0,0.000000
2000,Dubstep,peaceful,2,0,0.000000
2000,Dubstep,playful,2,0,0.000000
2000,Dubstep,sad,2,0,0.000000
2000,Dubstep,sombre,2,0,0.000000
2000,Dubstep,uplifting,2,0,0.000000
2000,East Coast Hip Hop,aggressive,32,5,0.156250
2000,East Coast Hip Hop,angry,32,1,0.031250
2000,East Coast Hip Hop,anxious,32,2,0.062500
2000,East Coast Hip Hop,bittersweet,32,2,0.062500
2000,East Coast Hip Hop,calm,32,0,0.000000
2000,East Coast Hip Hop,dark,32,6,0.187500
2000,East Coast Hip Hop,depressive,32,0,0.000000
2000,East Coast Hip Hop,happy,32,0,0.000000
2000,East Coast Hip Hop,melancholic,32,0,0.000000
2000,East Coast Hip Hop,optimistic,32,0,0.000000
2000,East Coast Hip Hop,peaceful,32,0,0.000000
2000,East Coast Hip Hop,playful,32,4,0.125000
2000,East Coast Hip Hop,sad,32,0,0.000000
2000,East Coast Hip Hop,sombre,32,3,0.093750
2000,East Coast Hip Hop,uplifting,32,0,0.000000
2000,Electro House,aggressive,1,0,0.000000
2000,Electro House,angry,1,0,0.000000
2000,Electro House,anxious,1,0,0.000000
2000,Electro House,bittersweet,1,0,0.000000
2000,Electro House,calm,1,0,0.000000
2000,Electro House,dark,1,0,0.000000
2000,Electro House,depressive,1,0,0.000000
2000,Electro House,happy,1,0,0.000000
2000,Electro House,melancholic,1,0,0.000000
2000,Electro House,optimistic,1,0,0.000000
2000,Electro House,peaceful,1,0,0.000000
2000,Electro House,playful,1,0,0.000000
2000,Electro House,sad,1,0,0.000000
2000,Electro House,sombre,1,0,0.000000
2000,Electro House,uplifting,1,0,0.000000
2000,Electroclash,aggressive,3,0,0.000000
2000,Electroclash,angry,3,0,0.000000
2000,Electroclash,anxious,3,0,0.000000
2000,Electroclash,bittersweet,3,0,0.000000
2000,Electroclash,calm,3,0,0.000000
2000,Electroclash,dark,3,2,0.666667
2000,Electroclash,depressive,3,0,0.000000
2000,Electroclash,happy,3,0,0.000000
2000,Electroclash,melancholic,3,1,0.333333
2000,Electroclash,optimistic,3,0,0.000000
2000,Electroclash,peaceful,3,0,0.000000
2000,Electroclash,playful,3,0,0.000000
2000,Electroclash,sad,3,0,0.000000
2000,Electroclash,sombre,3,0,0.000000
2000,Electroclash,uplifting,3,0,0.000000
2000,Electronic,aggressive,26,2,0.076923
2000,Electronic,angry,26,1,0.038462
2000,Electronic,anxious,26,6,0.230769
2000,Electronic,bittersweet,26,2,0.076923
2000,Electronic,calm,26,1,0.038462
2000,Electronic,dark,26,8,0.307692
2000,Electronic,depressive,26,1,0.038462
2000,Electronic,happy,26,0,0.000000
2000,Electronic,melancholic,26,10,0.384615
2000,Electronic,optimistic,26,0,0.000000
2000,Electronic,peaceful,26,2,0.076923
2000,Electronic,playful,26,0,0.000000
2000,Electronic,sad,26,2,0.076923
2000,Electronic,sombre,26,8,0.307692
2000,Electronic,uplifting,26,1,0.038462
2000,Electropop,aggressive,18,3,0.166667
2000,Electropop,angry,18,0,0.000000
2000,Electropop,anxious,18,1,0.055556
2000,Electropop,bittersweet,18,1,0.055556
2000,Electropop,calm,18,0,0.000000
2000,Electropop,dark,18,3,0.166667
2000,Electropop,depressive,18,0,0.000000
2000,Electropop,happy,18,3,0.166667
2000,Electropop,melancholic,18,4,0.222222
2000,Electropop,optimistic,18,2,0.111111
2000,Electropop,peaceful,18,0,0.000000
2000,Electropop,playful,18,5,0.277778
2000,Electropop,sad,18,1,0.055556
2000,Electropop,sombre,18,1,0.055556
2000,Electropop,uplifting,18,5,0.277778
2000,Emo,aggressive,7,2,0.285714
2000,Emo,angry,7,2,0.285714
2000,Emo,anxious,7,6,0.857143
2000,Emo,bittersweet,7,0,0.000000
2000,Emo,calm,7,0,0.000000
2000,Emo,dark,7,1,0.142857
2000,Emo,depressive,7,1,0.142857
2000,Emo,happy,7,0,0.000000
2000,Emo,melancholic,7,4,0.571429
2000,Emo,optimistic,7,0,0.000000
2000,Emo,peaceful,7,0,0.000000
2000,Emo,playful,7,0,0.000000
2000,Emo,sad,7,2,0.285714
2000,Emo,sombre,7,2,0.285714
2000,Emo,uplifting,7,0,0.000000
2000,Emo-Pop,aggressive,11,0,0.000000
2000,Emo-Pop,angry,11,4,0.363636
2000,Emo-Pop,anxious,11,6,0.545455
2000,Emo-Pop,bittersweet,11,4,0.363636
2000,Emo-Pop,calm,11,0,0.000000
2000,Emo-Pop,dark,11,1,0.090909
2000,Emo-Pop,depressive,11,0,0.000000
2000,Emo-Pop,happy,11,0,0.000000
2000,Emo-Pop,melancholic,11,6,0.545455
2000,Emo-Pop,optimistic,11,0,0.000000
2000,Emo-Pop,peaceful,11,0,0.000000
2000,Emo-Pop,playful,11,2,0.181818
2000,Emo-Pop,sad,11,0,0.000000
2000,Emo-Pop,sombre,11,1,0.090909
2000,Emo-Pop,uplifting,11,0,0.000000
2000,Emoviolence,aggressive,2,2,1.000000
2000,Emoviolence,angry,2,1,0.500000
2000,Emoviolence,anxious,2,1,0.500000
2000,Emoviolence,bittersweet,2,0,0.000000
2000,Emoviolence,calm,2,0,0.000000
2000,Emoviolence,dark,2,0,0.000000
2000,Emoviolence,depressive,2,0,0.000000
2000,Emoviolence,happy,2,0,0.000000
2000,Emoviolence,melancholic,2,0,0.000000
2000,Emoviolence,optimistic,2,0,0.000000
2000,Emoviolence,peaceful,2,0,0.000000
2000,Emoviolence,playful,2,0,0.000000
2000,Emoviolence,sad,2,0,0.000000
2000,Emoviolence,sombre,2,1,0.500000
2000,Emoviolence,uplifting,2,0,0.000000
2000,Experimental,aggressive,13,0,0.000000
2000,Experimental,angry,13,0,0.000000
2000,Experimental,anxious,13,3,0.230769
2000,Experimental,bittersweet,13,1,0.076923
2000,Experimental,calm,13,0,0.000000
2000,Experimental,dark,13,3,0.230769
2000,Experimental,depressive,13,1,0.076923
2000,Experimental,happy,13,0,0.000000
2000,Experimental,melancholic,13,3,0.230769
2000,Experimental,optimistic,13,0,0.000000
2000,Experimental,peaceful,13,0,0.000000
2000,Experimental,playful,13,3,0.230769
2000,Experimental,sad,13,1,0.076923
2000,Experimental,sombre,13,2,0.153846
2000,Experimental,uplifting,13,1,0.076923
2000,Experimental Hip Hop,aggressive,15,2,0.133333
2000,Experimental Hip Hop,angry,15,2,0.133333
2000,Experimental Hip Hop,anxious,15,1,0.066667
2000,Experimental Hip Hop,bittersweet,15,1,0.066667
2000,Experimental Hip Hop,calm,15,0,0.000000
2000,Experimental Hip Hop,dark,15,3,0.200000
2000,Experimental Hip Hop,depressive,15,0,0.000000
2000,Experimental Hip Hop,happy,15,0,0.000000
2000,Experimental Hip Hop,melancholic,15,1,0.066667
2000,Experimental Hip Hop,optimistic,15,0,0.000000
2000,Experimental Hip Hop,peaceful,15,0,0.000000
2000,Experimental Hip Hop,playful,15,3,0.200000
2000,Experimental Hip Hop,sad,15,0,0.000000
2000,Experimental Hip Hop,sombre,15,0,0.000000
2000,Experimental Hip Hop,uplifting,15,0,0.000000
2000,Experimental Rock,aggressive,21,1,0.047619
2000,Experimental Rock,angry,21,0,0.000000
2000,Experimental Rock,anxious,21,8,0.380952
2000,Experimental Rock,bittersweet,21,1,0.047619
2000,Experimental Rock,calm,21,0,0.000000
2000,Experimental Rock,dark,21,6,0.285714
2000,Experimental Rock,depressive,21,3,0.142857
2000,Experimental Rock,happy,21,0,0.000000
2000,Experimental Rock,melancholic,21,6,0.285714
2000,Experimental Rock,optimistic,21,0,0.000000
2000,Experimental Rock,peaceful,21,0,0.000000
2000,Experimental Rock,playful,21,3,0.142857
2000,Experimental Rock,sad,21,3,0.142857
2000,Experimental Rock,sombre,21,7,0.333333
2000,Experimental Rock,uplifting,21,1,0.047619
2000,Film Score,aggressive,4,0,0.000000
2000,Film Score,angry,4,0,0.000000
2000,Film Score,anxious,4,1,0.250000
2000,Film Score,bittersweet,4,0,0.000000
2000,Film Score,calm,4,0,0.000000
2000,Film Score,dark,4,1,0.250000
2000,Film Score,depressive,4,1,0.250000
2000,Film Score,happy,4,0,0.000000
2000,Film Score,melancholic,4,3,0.750000
2000,Film Score,optimistic,4,0,0.000000
2000,Film Score,peaceful,4,0,0.000000
2000,Film Score,playful,4,0,0.000000
2000,Film Score,sad,4,1,0.250000
2000,Film Score,sombre,4,0,0.000000
2000,Film Score,uplifting,4,0,0.000000
2000,Film Soundtrack,aggressive,4,0,0.000000
2000,Film Soundtrack,angry,4,0,0.000000
2000,Film Soundtrack,anxious,4,0,0.000000
2000,Film Soundtrack,bittersweet,4,1,0.250000
2000,Film Soundtrack,calm,4,0,0.000000
2000,Film Soundtrack,dark,4,0,0.000000
2000,Film Soundtrack,depressive,4,0,0.000000
2000,Film Soundtrack,happy,4,0,0.000000
2000,Film Soundtrack,melancholic,4,2,0.500000
2000,Film Soundtrack,optimistic,4,0,0.000000
2000,Film Soundtrack,peaceful,4,0,0.000000
2000,Film Soundtrack,playful,4,1,0.250000
2000,Film Soundtrack,sad,4,0,0.000000
2000,Film Soundtrack,sombre,4,0,0.000000
2000,Film Soundtrack,uplifting,4,0,0.000000
2000,Folk Metal,aggressive,7,1,0.142857
2000,Folk Metal,angry,7,0,0.000000
2000,Folk Metal,anxious,7,0,0.000000
2000,Folk Metal,bittersweet,7,0,0.000000
2000,Folk Metal,calm,7,0,0.000000
2000,Folk Metal,dark,7,1,0.142857
2000,Folk Metal,depressive,7,0,0.000000
2000,Folk Metal,happy,7,0,0.000000
2000,Folk Metal,melancholic,7,2,0.285714
2000,Folk Metal,optimistic,7,0,0.000000
2000,Folk Metal,peaceful,7,0,0.000000
2000,Folk Metal,playful,7,0,0.000000
2000,Folk Metal,sad,7,0,0.000000
2000,Folk Metal,sombre,7,1,0.142857
2000,Folk Metal,uplifting,7,0,0.000000
2000,Folk Pop,aggressive,4,0,0.000000
2000,Folk Pop,angry,4,0,0.000000
2000,Folk Pop,anxious,4,0,0.000000
2000,Folk Pop,bittersweet,4,3,0.750000
2000,Folk Pop,calm,4,0,0.000000
2000,Folk Pop,dark,4,0,0.000000
2000,Folk Pop,depressive,4,0,0.000000
2000,Folk Pop,happy,4,1,0.250000
2000,Folk Pop,melancholic,4,2,0.500000
2000,Folk Pop,optimistic,4,0,0.000000
2000,Folk Pop,peaceful,4,1,0.250000
2000,Folk Pop,playful,4,1,0.250000
2000,Folk Pop,sad,4,0,0.000000
2000,Folk Pop,sombre,4,0,0.000000
2000,Folk Pop,uplifting,4,1,0.250000
2000,Folk Punk,aggressive,3,0,0.000000
2000,Folk Punk,angry,3,1,0.333333
2000,Folk Punk,anxious,3,3,1.000000
2000,Folk Punk,bittersweet,3,0,0.000000
2000,Folk Punk,calm,3,0,0.000000
2000,Folk Punk,dark,3,0,0.000000
2000,Folk Punk,depressive,3,1,0.333333
2000,Folk Punk,happy,3,0,0.000000
2000,Folk Punk,melancholic,3,0,0.000000
2000,Folk Punk,optimistic,3,0,0.000000
2000,Folk Punk,peaceful,3,0,0.000000
2000,Folk Punk,playful,3,0,0.000000
2000,Folk Punk,sad,3,0,0.000000
2000,Folk Punk,sombre,3,0,0.000000
2000,Folk Punk,uplifting,3,1,0.333333
2000,Folk Rock,aggressive,12,0,0.000000
2000,Folk Rock,angry,12,0,0.000000
2000,Folk Rock,anxious,12,0,0.000000
2000,Folk Rock,bittersweet,12,6,0.500000
2000,Folk Rock,calm,12,0,0.000000
2000,Folk Rock,dark,12,2,0.166667
2000,Folk Rock,depressive,12,1,0.083333
2000,Folk Rock,happy,12,0,0.000000
2000,Folk Rock,melancholic,12,7,0.583333
2000,Folk Rock,optimistic,12,1,0.083333
2000,Folk Rock,peaceful,12,0,0.000000
2000,Folk Rock,playful,12,1,0.083333
2000,Folk Rock,sad,12,3,0.250000
2000,Folk Rock,sombre,12,1,0.083333
2000,Folk Rock,uplifting,12,1,0.083333
2000,Folktronica,aggressive,7,0,0.000000
2000,Folktronica,angry,7,0,0.000000
2000,Folktronica,anxious,7,0,0.000000
2000,Folktronica,bittersweet,7,1,0.142857
2000,Folktronica,calm,7,1,0.142857
2000,Folktronica,dark,7,0,0.000000
2000,Folktronica,depressive,7,0,0.000000
2000,Folktronica,happy,7,2,0.285714
2000,Folktronica,melancholic,7,1,0.142857
2000,Folktronica,optimistic,7,0,0.000000
2000,Folktronica,peaceful,7,3,0.428571
2000,Folktronica,playful,7,3,0.428571
2000,Folktronica,sad,7,0,0.000000
2000,Folktronica,sombre,7,0,0.000000
2000,Folktronica,uplifting,7,3,0.428571
2000,Freak Folk,aggressive,1,0,0.000000
2000,Freak Folk,angry,1,0,0.000000
2000,Freak Folk,anxious,1,0,0.000000
2000,Freak Folk,bittersweet,1,0,0.000000
2000,Freak Folk,calm,1,0,0.000000
2000,Freak Folk,dark,1,0,0.000000
2000,Freak Folk,depressive,1,0,0.000000
2000,Freak Folk,happy,1,0,0.000000
2000,Freak Folk,melancholic,1,0,0.000000
2000,Freak Folk,optimistic,1,0,0.000000
2000,Freak Folk,peaceful,1,0,0.000000
2000,Freak Folk,playful,1,1,1.000000
2000,Freak Folk,sad,1,0,0.000000
2000,Freak Folk,sombre,1,0,0.000000
2000,Freak Folk,uplifting,1,0,0.000000
2000,Free Folk,aggressive,1,0,0.000000
2000,Free Folk,angry,1,0,0.000000
2000,Free Folk,anxious,1,0,0.000000
2000,Free Folk,bittersweet,1,0,0.000000
2000,Free Folk,calm,1,0,0.000000
2000,Free Folk,dark,1,1,1.000000
2000,Free Folk,depressive,1,0,0.000000
2000,Free Folk,happy,1,0,0.000000
2000,Free Folk,melancholic,1,0,0.000000
2000,Free Folk,optimistic,1,0,0.000000
2000,Free Folk,peaceful,1,0,0.000000
2000,Free Folk,playful,1,0,0.000000
2000,Free Folk,sad,1,0,0.000000
2000,Free Folk,sombre,1,0,0.000000
2000,Free Folk,uplifting,1,0,0.000000
2000,French House,aggressive,1,0,0.000000
2000,French House,angry,1,0,0.000000
2000,French House,anxious,1,0,0.000000
2000,French House,bittersweet,1,0,0.000000
2000,French House,calm,1,0,0.000000
2000,French House,dark,1,0,0.000000
2000,French House,depressive,1,0,0.000000
2000,French House,happy,1,1,1.000000
2000,French House,melancholic,1,0,0.000000
2000,French House,optimistic,1,0,0.000000
2000,French House,peaceful,1,0,0.000000
2000,French House,playful,1,1,1.000000
2000,French House,sad,1,0,0.000000
2000,French House,sombre,1,0,0.000000
2000,French House,uplifting,1,1,1.000000
2000,Funeral Doom Metal,aggressive,1,0,0.000000
2000,Funeral Doom Metal,angry,1,0,0.000000
2000,Funeral Doom Metal,anxious,1,0,0.000000
2000,Funeral Doom Metal,bittersweet,1,0,0.000000
2000,Funeral Doom Metal,calm,1,0,0.000000
2000,Funeral Doom Metal,dark,1,0,0.000000
2000,Funeral Doom Metal,depressive,1,1,1.000000
2000,Funeral Doom Metal,happy,1,0,0.000000
2000,Funeral Doom Metal,melancholic,1,0,0.000000
2000,Funeral Doom Metal,optimistic,1,0,0.000000
2000,Funeral Doom Metal,peaceful,1,0,0.000000
2000,Funeral Doom Metal,playful,1,0,0.000000
2000,Funeral Doom Metal,sad,1,0,0.000000
2000,Funeral Doom Metal,sombre,1,0,0.000000
2000,Funeral Doom Metal,uplifting,1,0,0.000000
2000,Funk Rock,aggressive,1,0,0.000000
2000,Funk Rock,angry,1,0,0.000000
2000,Funk Rock,anxious,1,0,0.000000
2000,Funk Rock,bittersweet,1,0,0.000000
2000,Funk Rock,calm,1,0,0.000000
2000,Funk Rock,dark,1,0,0.000000
2000,Funk Rock,depressive,1,0,0.000000
2000,Funk Rock,happy,1,0,0.000000
2000,Funk Rock,melancholic,1,0,0.000000
2000,Funk Rock,optimistic,1,0,0.000000
2000,Funk Rock,peaceful,1,0,0.000000
2000,Funk Rock,playful,1,0,0.000000
2000,Funk Rock,sad,1,0,0.000000
2000,Funk Rock,sombre,1,0,0.000000
2000,Funk Rock,uplifting,1,1,1.000000
2000,Future Garage,aggressive,2,0,0.000000
2000,Future Garage,angry,2,0,0.000000
2000,Future Garage,anxious,2,0,0.000000
2000,Future Garage,bittersweet,2,0,0.000000
2000,Future Garage,calm,2,0,0.000000
2000,Future Garage,dark,2,2,1.000000
2000,Future Garage,depressive,2,0,0.000000
2000,Future Garage,happy,2,0,0.000000
2000,Future Garage,melancholic,2,1,0.500000
2000,Future Garage,optimistic,2,0,0.000000
2000,Future Garage,peaceful,2,0,0.000000
2000,Future Garage,playful,2,0,0.000000
2000,Future Garage,sad,2,0,0.000000
2000,Future Garage,sombre,2,0,0.000000
2000,Future Garage,uplifting,2,0,0.000000
2000,Gangsta Rap,aggressive,7,1,0.142857
2000,Gangsta Rap,angry,7,0,0.000000
2000,Gangsta Rap,anxious,7,0,0.000000
2000,Gangsta Rap,bittersweet,7,0,0.000000
2000,Gangsta Rap,calm,7,0,0.000000
2000,Gangsta Rap,dark,7,0,0.000000
2000,Gangsta Rap,depressive,7,0,0.000000
2000,Gangsta Rap,happy,7,0,0.000000
2000,Gangsta Rap,melancholic,7,0,0.000000
2000,Gangsta Rap,optimistic,7,0,0.000000
2000,Gangsta Rap,peaceful,7,0,0.000000
2000,Gangsta Rap,playful,7,1,0.142857
2000,Gangsta Rap,sad,7,0,0.000000
2000,Gangsta Rap,sombre,7,0,0.000000
2000,Gangsta Rap,uplifting,7,0,0.000000
2000,Garage Punk,aggressive,2,0,0.000000
2000,Garage Punk,angry,2,0,0.000000
2000,Garage Punk,anxious,2,1,0.500000
2000,Garage Punk,bittersweet,2,0,0.000000
2000,Garage Punk,calm,2,0,0.000000
2000,Garage Punk,dark,2,0,0.000000
2000,Garage Punk,depressive,2,0,0.000000
2000,Garage Punk,happy,2,0,0.000000
2000,Garage Punk,melancholic,2,0,0.000000
2000,Garage Punk,optimistic,2,0,0.000000
2000,Garage Punk,peaceful,2,0,0.000000
2000,Garage Punk,playful,2,0,0.000000
2000,Garage Punk,sad,2,0,0.000000
2000,Garage Punk,sombre,2,0,0.000000
2000,Garage Punk,uplifting,2,0,0.000000
2000,Garage Rock,aggressive,3,0,0.000000
2000,Garage Rock,angry,3,0,0.000000
2000,Garage Rock,anxious,3,0,0.000000
2000,Garage Rock,bittersweet,3,0,0.000000
2000,Garage Rock,calm,3,0,0.000000
2000,Garage Rock,dark,3,0,0.000000
2000,Garage Rock,depressive,3,0,0.000000
2000,Garage Rock,happy,3,0,0.000000
2000,Garage Rock,melancholic,3,0,0.000000
2000,Garage Rock,optimistic,3,0,0.000000
2000,Garage Rock,peaceful,3,0,0.000000
2000,Garage Rock,playful,3,0,0.000000
2000,Garage Rock,sad,3,0,0.000000
2000,Garage Rock,sombre,3,1,0.333333
2000,Garage Rock,uplifting,3,0,0.000000
2000,Garage Rock Revival,aggressive,21,0,0.000000
2000,Garage Rock Revival,angry,21,0,0.000000
2000,Garage Rock Revival,anxious,21,2,0.095238
2000,Garage Rock Revival,bittersweet,21,4,0.190476
2000,Garage Rock Revival,calm,21,0,0.000000
2000,Garage Rock Revival,dark,21,0,0.000000
2000,Garage Rock Revival,depressive,21,0,0.000000
2000,Garage Rock Revival,happy,21,0,0.000000
2000,Garage Rock Revival,melancholic,21,1,0.047619
2000,Garage Rock Revival,optimistic,21,0,0.000000
2000,Garage Rock Revival,peaceful,21,0,0.000000
2000,Garage Rock Revival,playful,21,8,0.380952
2000,Garage Rock Revival,sad,21,0,0.000000
2000,Garage Rock Revival,sombre,21,0,0.000000
2000,Garage Rock Revival,uplifting,21,2,0.095238
2000,Glam Rock,aggressive,1,0,0.000000
2000,Glam Rock,angry,1,0,0.000000
2000,Glam Rock,anxious,1,0,0.000000
2000,Glam Rock,bittersweet,1,1,1.000000
2000,Glam Rock,calm,1,0,0.000000
2000,Glam Rock,dark,1,0,0.000000
2000,Glam Rock,depressive,1,0,0.000000
2000,Glam Rock,happy,1,0,0.000000
2000,Glam Rock,melancholic,1,0,0.000000
2000,Glam Rock,optimistic,1,0,0.000000
2000,Glam Rock,peaceful,1,0,0.000000
2000,Glam Rock,playful,1,0,0.000000
2000,Glam Rock,sad,1,0,0.000000
2000,Glam Rock,sombre,1,0,0.000000
2000,Glam Rock,uplifting,1,0,0.000000
2000,Glitch,aggressive,6,0,0.000000
2000,Glitch,angry,6,0,0.000000
2000,Glitch,anxious,6,0,0.000000
2000,Glitch,bittersweet,6,0,0.000000
2000,Glitch,calm,6,1,0.166667
2000,Glitch,dark,6,0,0.000000
2000,Glitch,depressive,6,0,0.000000
2000,Glitch,happy,6,0,0.000000
2000,Glitch,melancholic,6,3,0.500000
2000,Glitch,optimistic,6,0,0.000000
2000,Glitch,peaceful,6,0,0.000000
2000,Glitch,playful,6,0,0.000000
2000,Glitch,sad,6,0,0.000000
2000,Glitch,sombre,6,0,0.000000
2000,Glitch,uplifting,6,0,0.000000
2000,Glitch Hop,aggressive,1,0,0.000000
2000,Glitch Hop,angry,1,0,0.000000
2000,Glitch Hop,anxious,1,0,0.000000
2000,Glitch Hop,bittersweet,1,1,1.000000
2000,Glitch Hop,calm,1,0,0.000000
2000,Glitch Hop,dark,1,0,0.000000
2000,Glitch Hop,depressive,1,0,0.000000
2000,Glitch Hop,happy,1,0,0.000000
2000,Glitch Hop,melancholic,1,0,0.000000
2000,Glitch Hop,optimistic,1,0,0.000000
2000,Glitch Hop,peaceful,1,0,0.000000
2000,Glitch Hop,playful,1,1,1.000000
2000,Glitch Hop,sad,1,0,0.000000
2000,Glitch Hop,sombre,1,0,0.000000
2000,Glitch Hop,uplifting,1,0,0.000000
2000,Glitch Pop,aggressive,3,0,0.000000
2000,Glitch Pop,angry,3,0,0.000000
2000,Glitch Pop,anxious,3,1,0.333333
2000,Glitch Pop,bittersweet,3,0,0.000000
2000,Glitch Pop,calm,3,0,0.000000
2000,Glitch Pop,dark,3,0,0.000000
2000,Glitch Pop,depressive,3,0,0.000000
2000,Glitch Pop,happy,3,0,0.000000
2000,Glitch Pop,melancholic,3,2,0.666667
2000,Glitch Pop,optimistic,3,0,0.000000
2000,Glitch Pop,peaceful,3,0,0.000000
2000,Glitch Pop,playful,3,2,0.666667
2000,Glitch Pop,sad,3,0,0.000000
2000,Glitch Pop,sombre,3,1,0.333333
2000,Glitch Pop,uplifting,3,1,0.333333
2000,Gothic Country,aggressive,2,0,0.000000
2000,Gothic Country,angry,2,0,0.000000
2000,Gothic Country,anxious,2,1,0.500000
2000,Gothic Country,bittersweet,2,0,0.000000
2000,Gothic Country,calm,2,0,0.000000
2000,Gothic Country,dark,2,2,1.000000
2000,Gothic Country,depressive,2,1,0.500000
2000,Gothic Country,happy,2,0,0.000000
2000,Gothic Country,melancholic,2,2,1.000000
2000,Gothic Country,optimistic,2,0,0.000000
2000,Gothic Country,peaceful,2,0,0.000000
2000,Gothic Country,playful,2,0,0.000000
2000,Gothic Country,sad,2,0,0.000000
2000,Gothic Country,sombre,2,1,0.500000
2000,Gothic Country,uplifting,2,0,0.000000
2000,Gothic Metal,aggressive,2,0,0.000000
2000,Gothic Metal,angry,2,0,0.000000
2000,Gothic Metal,anxious,2,0,0.000000
2000,Gothic Metal,bittersweet,2,0,0.000000
2000,Gothic Metal,calm,2,0,0.000000
2000,Gothic Metal,dark,2,1,0.500000
2000,Gothic Metal,depressive,2,1,0.500000
2000,Gothic Metal,happy,2,0,0.000000
2000,Gothic Metal,melancholic,2,2,1.000000
2000,Gothic Metal,optimistic,2,0,0.000000
2000,Gothic Metal,peaceful,2,0,0.000000
2000,Gothic Metal,playful,2,0,0.000000
2000,Gothic Metal,sad,2,0,0.000000
2000,Gothic Metal,sombre,2,1,0.500000
2000,Gothic Metal,uplifting,2,0,0.000000
2000,Gothic Rock,aggressive,1,0,0.000000
2000,Gothic Rock,angry,1,0,0.000000
2000,Gothic Rock,anxious,1,0,0.000000
2000,Gothic Rock,bittersweet,1,1,1.000000
2000,Gothic Rock,calm,1,0,0.000000
2000,Gothic Rock,dark,1,0,0.000000
2000,Gothic Rock,depressive,1,0,0.000000
2000,Gothic Rock,happy,1,0,0.000000
2000,Gothic Rock,melancholic,1,1,1.000000
2000,Gothic Rock,optimistic,1,0,0.000000
2000,Gothic Rock,peaceful,1,0,0.000000
2000,Gothic Rock,playful,1,0,0.000000
2000,Gothic Rock,sad,1,0,0.000000
2000,Gothic Rock,sombre,1,1,1.000000
2000,Gothic Rock,uplifting,1,0,0.000000
2000,Grime,aggressive,1,1,1.000000
2000,Grime,angry,1,0,0.000000
2000,Grime,anxious,1,0,0.000000
2000,Grime,bittersweet,1,0,0.000000
2000,Grime,calm,1,0,0.000000
2000,Grime,dark,1,0,0.000000
2000,Grime,depressive,1,0,0.000000
2000,Grime,happy,1,0,0.000000
2000,Grime,melancholic,1,0,0.000000
2000,Grime,optimistic,1,0,0.000000
2000,Grime,peaceful,1,0,0.000000
2000,Grime,playful,1,0,0.000000
2000,Grime,sad,1,0,0.000000
2000,Grime,sombre,1,0,0.000000
2000,Grime,uplifting,1,0,0.000000
2000,Grindcore,aggressive,4,4,1.000000
2000,Grindcore,angry,4,2,0.500000
2000,Grindcore,anxious,4,1,0.250000
2000,Grindcore,bittersweet,4,0,0.000000
2000,Grindcore,calm,4,0,0.000000
2000,Grindcore,dark,4,1,0.250000
2000,Grindcore,depressive,4,0,0.000000
2000,Grindcore,happy,4,0,0.000000
2000,Grindcore,melancholic,4,0,0.000000
2000,Grindcore,optimistic,4,0,0.000000
2000,Grindcore,peaceful,4,0,0.000000
2000,Grindcore,playful,4,0,0.000000
2000,Grindcore,sad,4,0,0.000000
2000,Grindcore,sombre,4,0,0.000000
2000,Grindcore,uplifting,4,0,0.000000
2000,Groove Metal,aggressive,5,5,1.000000
2000,Groove Metal,angry,5,5,1.000000
2000,Groove Metal,anxious,5,0,0.000000
2000,Groove Metal,bittersweet,5,0,0.000000
2000,Groove Metal,calm,5,0,0.000000
2000,Groove Metal,dark,5,3,0.600000
2000,Groove Metal,depressive,5,0,0.000000
2000,Groove Metal,happy,5,0,0.000000
2000,Groove Metal,melancholic,5,0,0.000000
2000,Groove Metal,optimistic,5,0,0.000000
2000,Groove Metal,peaceful,5,0,0.000000
2000,Groove Metal,playful,5,0,0.000000
2000,Groove Metal,sad,5,0,0.000000
2000,Groove Metal,sombre,5,0,0.000000
2000,Groove Metal,uplifting,5,0,0.000000
2000,Grunge,aggressive,1,0,0.000000
2000,Grunge,angry,1,0,0.000000
2000,Grunge,anxious,1,1,1.000000
2000,Grunge,bittersweet,1,0,0.000000
2000,Grunge,calm,1,0,0.000000
2000,Grunge,dark,1,1,1.000000
2000,Grunge,depressive,1,1,1.000000
2000,Grunge,happy,1,0,0.000000
2000,Grunge,melancholic,1,1,1.000000
2000,Grunge,optimistic,1,0,0.000000
2000,Grunge,peaceful,1,0,0.000000
2000,Grunge,playful,1,0,0.000000
2000,Grunge,sad,1,0,0.000000
2000,Grunge,sombre,1,1,1.000000
2000,Grunge,uplifting,1,0,0.000000
2000,Hard Rock,aggressive,21,2,0.095238
2000,Hard Rock,angry,21,3,0.142857
2000,Hard Rock,anxious,21,0,0.000000
2000,Hard Rock,bittersweet,21,2,0.095238
2000,Hard Rock,calm,21,1,0.047619
2000,Hard Rock,dark,21,2,0.095238
2000,Hard Rock,depressive,21,0,0.000000
2000,Hard Rock,happy,21,1,0.047619
2000,Hard Rock,melancholic,21,2,0.095238
2000,Hard Rock,optimistic,21,1,0.047619
2000,Hard Rock,peaceful,21,0,0.000000
2000,Hard Rock,playful,21,2,0.095238
2000,Hard Rock,sad,21,1,0.047619
2000,Hard Rock,sombre,21,1,0.047619
2000,Hard Rock,uplifting,21,2,0.095238
2000,Hardcore Hip Hop,aggressive,10,4,0.400000
2000,Hardcore Hip Hop,angry,10,1,0.100000
2000,Hardcore Hip Hop,anxious,10,0,0.000000
2000,Hardcore Hip Hop,bittersweet,10,1,0.100000
2000,Hardcore Hip Hop,calm,10,0,0.000000
2000,Hardcore Hip Hop,dark,10,2,0.200000
2000,Hardcore Hip Hop,depressive,10,0,0.000000
2000,Hardcore Hip Hop,happy,10,0,0.000000
2000,Hardcore Hip Hop,melancholic,10,0,0.000000
2000,Hardcore Hip Hop,optimistic,10,0,0.000000
2000,Hardcore Hip Hop,peaceful,10,0,0.000000
2000,Hardcore Hip Hop,playful,10,0,0.000000
2000,Hardcore Hip Hop,sad,10,0,0.000000
2000,Hardcore Hip Hop,sombre,10,2,0.200000
2000,Hardcore Hip Hop,uplifting,10,0,0.000000
2000,Heartland Rock,aggressive,4,0,0.000000
2000,Heartland Rock,angry,4,0,0.000000
2000,Heartland Rock,anxious,4,0,0.000000
2000,Heartland Rock,bittersweet,4,3,0.750000
2000,Heartland Rock,calm,4,0,0.000000
2000,Heartland Rock,dark,4,0,0.000000
2000,Heartland Rock,depressive,4,0,0.000000
2000,Heartland Rock,happy,4,0,0.000000
2000,Heartland Rock,melancholic,4,1,0.250000
2000,Heartland Rock,optimistic,4,1,0.250000
2000,Heartland Rock,peaceful,4,0,0.000000
2000,Heartland Rock,playful,4,1,0.250000
2000,Heartland Rock,sad,4,1,0.250000
2000,Heartland Rock,sombre,4,0,0.000000
2000,Heartland Rock,uplifting,4,1,0.250000
2000,Heavy Metal,aggressive,12,2,0.166667
2000,Heavy Metal,angry,12,2,0.166667
2000,Heavy Metal,anxious,12,0,0.000000
2000,Heavy Metal,bittersweet,12,1,0.083333
2000,Heavy Metal,calm,12,0,0.000000
2000,Heavy Metal,dark,12,2,0.166667
2000,Heavy Metal,depressive,12,0,0.000000
2000,Heavy Metal,happy,12,0,0.000000
2000,Heavy Metal,melancholic,12,0,0.000000
2000,Heavy Metal,optimistic,12,0,0.000000
2000,Heavy Metal,peaceful,12,0,0.000000
2000,Heavy Metal,playful,12,0,0.000000
2000,Heavy Metal,sad,12,0,0.000000
2000,Heavy Metal,sombre,12,0,0.000000
2000,Heavy Metal,uplifting,12,0,0.000000
2000,Hip Hop,aggressive,6,0,0.000000
2000,Hip Hop,angry,6,1,0.166667
2000,Hip Hop,anxious,6,0,0.000000
2000,Hip Hop,bittersweet,6,0,0.000000
2000,Hip Hop,calm,6,0,0.000000
2000,Hip Hop,dark,6,1,0.166667
2000,Hip Hop,depressive,6,0,0.000000
2000,Hip Hop,happy,6,0,0.000000
2000,Hip Hop,melancholic,6,0,0.000000
2000,Hip Hop,optimistic,6,0,0.000000
2000,Hip Hop,peaceful,6,0,0.000000
2000,Hip Hop,playful,6,3,0.500000
2000,Hip Hop,sad,6,0,0.000000
2000,Hip Hop,sombre,6,0,0.000000
2000,Hip Hop,uplifting,6,1,0.166667
2000,Hypnagogic Pop,aggressive,3,0,0.000000
2000,Hypnagogic Pop,angry,3,0,0.000000
2000,Hypnagogic Pop,anxious,3,1,0.333333
2000,Hypnagogic Pop,bittersweet,3,1,0.333333
2000,Hypnagogic Pop,calm,3,0,0.000000
2000,Hypnagogic Pop,dark,3,0,0.000000
2000,Hypnagogic Pop,depressive,3,0,0.000000
2000,Hypnagogic Pop,happy,3,0,0.000000
2000,Hypnagogic Pop,melancholic,3,3,1.000000
2000,Hypnagogic Pop,optimistic,3,0,0.000000
2000,Hypnagogic Pop,peaceful,3,0,0.000000
2000,Hypnagogic Pop,playful,3,2,0.666667
2000,Hypnagogic Pop,sad,3,0,0.000000
2000,Hypnagogic Pop,sombre,3,0,0.000000
2000,Hypnagogic Pop,uplifting,3,0,0.000000
2000,IDM,aggressive,13,1,0.076923
2000,IDM,angry,13,0,0.000000
2000,IDM,anxious,13,0,0.000000
2000,IDM,bittersweet,13,0,0.000000
2000,IDM,calm,13,1,0.076923
2000,IDM,dark,13,2,0.153846
2000,IDM,depressive,13,0,0.000000
2000,IDM,happy,13,0,0.000000
2000,IDM,melancholic,13,2,0.153846
2000,IDM,optimistic,13,0,0.000000
2000,IDM,peaceful,13,0,0.000000
2000,IDM,playful,13,2,0.153846
2000,IDM,sad,13,0,0.000000
2000,IDM,sombre,13,0,0.000000
2000,IDM,uplifting,13,0,0.000000
2000,Indie Folk,aggressive,32,0,0.000000
2000,Indie Folk,angry,32,0,0.000000
2000,Indie Folk,anxious,32,2,0.062500
2000,Indie Folk,bittersweet,32,14,0.437500
2000,Indie Folk,calm,32,2,0.062500
2000,Indie Folk,dark,32,0,0.000000
2000,Indie Folk,depressive,32,1,0.031250
2000,Indie Folk,happy,32,0,0.000000
2000,Indie Folk,melancholic,32,20,0.625000
2000,Indie Folk,optimistic,32,1,0.031250
2000,Indie Folk,peaceful,32,2,0.062500
2000,Indie Folk,playful,32,2,0.062500
2000,Indie Folk,sad,32,6,0.187500
2000,Indie Folk,sombre,32,1,0.031250
2000,Indie Folk,uplifting,32,3,0.093750
2000,Indie Pop,aggressive,65,0,0.000000
2000,Indie Pop,angry,65,0,0.000000
2000,Indie Pop,anxious,65,5,0.076923
2000,Indie Pop,bittersweet,65,38,0.584615
2000,Indie Pop,calm,65,2,0.030769
2000,Indie Pop,dark,65,1,0.015385
2000,Indie Pop,depressive,65,5,0.076923
2000,Indie Pop,happy,65,6,0.092308
2000,Indie Pop,melancholic,65,30,0.461538
2000,Indie Pop,optimistic,65,5,0.076923
2000,Indie Pop,peaceful,65,1,0.015385
2000,Indie Pop,playful,65,19,0.292308
2000,Indie Pop,sad,65,5,0.076923
2000,Indie Pop,sombre,65,1,0.015385
2000,Indie Pop,uplifting,65,12,0.184615
2000,Indie Rock,aggressive,123,3,0.024390
2000,Indie Rock,angry,123,7,0.056911
2000,Indie Rock,anxious,123,28,0.227642
2000,Indie Rock,bittersweet,123,45,0.365854
2000,Indie Rock,calm,123,0,0.000000
2000,Indie Rock,dark,123,10,0.081301
2000,Indie Rock,depressive,123,7,0.056911
2000,Indie Rock,happy,123,2,0.016260
2000,Indie Rock,melancholic,123,61,0.495935
2000,Indie Rock,optimistic,123,2,0.016260
2000,Indie Rock,peaceful,123,0,0.000000
2000,Indie Rock,playful,123,25,0.203252
2000,Indie Rock,sad,123,10,0.081301
2000,Indie Rock,sombre,123,15,0.121951
2000,Indie Rock,uplifting,123,10,0.081301
2000,Indie Surf,aggressive,1,0,0.000000
2000,Indie Surf,angry,1,0,0.000000
2000,Indie Surf,anxious,1,0,0.000000
2000,Indie Surf,bittersweet,1,1,1.000000
2000,Indie Surf,calm,1,0,0.000000
2000,Indie Surf,dark,1,0,0.000000
2000,Indie Surf,depressive,1,0,0.000000
2000,Indie Surf,happy,1,0,0.000000
2000,Indie Surf,melancholic,1,1,1.000000
2000,Indie Surf,optimistic,1,1,1.000000
2000,Indie Surf,peaceful,1,0,0.000000
2000,Indie Surf,playful,1,1,1.000000
2000,Indie Surf,sad,1,0,0.000000
2000,Indie Surf,sombre,1,0,0.000000
2000,Indie Surf,uplifting,1,0,0.000000
2000,Indietronica,aggressive,26,0,0.000000
2000,Indietronica,angry,26,0,0.000000
2000,Indietronica,anxious,26,1,0.038462
2000,Indietronica,bittersweet,26,10,0.384615
2000,Indietronica,calm,26,1,0.038462
2000,Indietronica,dark,26,0,0.000000
2000,Indietronica,depressive,26,1,0.038462
2000,Indietronica,happy,26,6,0.230769
2000,Indietronica,melancholic,26,7,0.269231
2000,Indietronica,optimistic,26,1,0.038462
2000,Indietronica,peaceful,26,1,0.038462
2000,Indietronica,playful,26,9,0.346154
2000,Indietronica,sad,26,0,0.000000
2000,Indietronica,sombre,26,0,0.000000
2000,Indietronica,uplifting,26,7,0.269231
2000,Industrial Hip Hop,aggressive,2,0,0.000000
2000,Industrial Hip Hop,angry,2,1,0.500000
2000,Industrial Hip Hop,anxious,2,0,0.000000
2000,Industrial Hip Hop,bittersweet,2,0,0.000000
2000,Industrial Hip Hop,calm,2,0,0.000000
2000,Industrial Hip Hop,dark,2,2,1.000000
2000,Industrial Hip Hop,depressive,2,0,0.000000
2000,Industrial Hip Hop,happy,2,0,0.000000
2000,Industrial Hip Hop,melancholic,2,0,0.000000
2000,Industrial Hip Hop,optimistic,2,0,0.000000
2000,Industrial Hip Hop,peaceful,2,0,0.000000
2000,Industrial Hip Hop,playful,2,0,0.000000
2000,Industrial Hip Hop,sad,2,0,0.000000
2000,Industrial Hip Hop,sombre,2,0,0.000000
2000,Industrial Hip Hop,uplifting,2,0,0.000000
2000,Industrial Metal,aggressive,6,5,0.833333
2000,Industrial Metal,angry,6,4,0.666667
2000,Industrial Metal,anxious,6,0,0.000000
2000,Industrial Metal,bittersweet,6,0,0.000000
2000,Industrial Metal,calm,6,0,0.000000
2000,Industrial Metal,dark,6,5,0.833333
2000,Industrial Metal,depressive,6,0,0.000000
2000,Industrial Metal,happy,6,0,0.000000
2000,Industrial Metal,melancholic,6,1,0.166667
2000,Industrial Metal,optimistic,6,0,0.000000
2000,Industrial Metal,peaceful,6,0,0.000000
2000,Industrial Metal,playful,6,1,0.166667
2000,Industrial Metal,sad,6,0,0.000000
2000,Industrial Metal,sombre,6,2,0.333333
2000,Industrial Metal,uplifting,6,0,0.000000
2000,Industrial Rock,aggressive,7,4,0.571429
2000,Industrial Rock,angry,7,3,0.428571
2000,Industrial Rock,anxious,7,2,0.285714
2000,Industrial Rock,bittersweet,7,0,0.000000
2000,Industrial Rock,calm,7,0,0.000000
2000,Industrial Rock,dark,7,7,1.000000
2000,Industrial Rock,depressive,7,1,0.142857
2000,Industrial Rock,happy,7,0,0.000000
2000,Industrial Rock,melancholic,7,0,0.000000
2000,Industrial Rock,optimistic,7,0,0.000000
2000,Industrial Rock,peaceful,7,0,0.000000
2000,Industrial Rock,playful,7,1,0.142857
2000,Industrial Rock,sad,7,0,0.000000
2000,Industrial Rock,sombre,7,1,0.142857
2000,Industrial Rock,uplifting,7,0,0.000000
2000,Instrumental Hip Hop,aggressive,8,0,0.000000
2000,Instrumental Hip Hop,angry,8,0,0.000000
2000,Instrumental Hip Hop,anxious,8,0,0.000000
2000,Instrumental Hip Hop,bittersweet,8,2,0.250000
2000,Instrumental Hip Hop,calm,8,1,0.125000
2000,Instrumental Hip Hop,dark,8,0,0.000000
2000,Instrumental Hip Hop,depressive,8,0,0.000000
2000,Instrumental Hip Hop,happy,8,0,0.000000
2000,Instrumental Hip Hop,melancholic,8,0,0.000000
2000,Instrumental Hip Hop,optimistic,8,1,0.125000
2000,Instrumental Hip Hop,peaceful,8,2,0.250000
2000,Instrumental Hip Hop,playful,8,3,0.375000
2000,Instrumental Hip Hop,sad,8,0,0.000000
2000,Instrumental Hip Hop,sombre,8,0,0.000000
2000,Instrumental Hip Hop,uplifting,8,0,0.000000
2000,J-Pop,aggressive,1,0,0.000000
2000,J-Pop,angry,1,0,0.000000
2000,J-Pop,anxious,1,0,0.000000
2000,J-Pop,bittersweet,1,0,0.000000
2000,J-Pop,calm,1,0,0.000000
2000,J-Pop,dark,1,0,0.000000
2000,J-Pop,depressive,1,0,0.000000
2000,J-Pop,happy,1,1,1.000000
2000,J-Pop,melancholic,1,0,0.000000
2000,J-Pop,optimistic,1,0,0.000000
2000,J-Pop,peaceful,1,0,0.000000
2000,J-Pop,playful,1,0,0.000000
2000,J-Pop,sad,1,0,0.000000
2000,J-Pop,sombre,1,0,0.000000
2000,J-Pop,uplifting,1,1,1.000000
2000,J-Rock,aggressive,3,0,0.000000
2000,J-Rock,angry,3,0,0.000000
2000,J-Rock,anxious,3,0,0.000000
2000,J-Rock,bittersweet,3,2,0.666667
2000,J-Rock,calm,3,0,0.000000
2000,J-Rock,dark,3,0,0.000000
2000,J-Rock,depressive,3,0,0.000000
2000,J-Rock,happy,3,1,0.333333
2000,J-Rock,melancholic,3,0,0.000000
2000,J-Rock,optimistic,3,0,0.000000
2000,J-Rock,peaceful,3,0,0.000000
2000,J-Rock,playful,3,1,0.333333
2000,J-Rock,sad,3,0,0.000000
2000,J-Rock,sombre,3,0,0.000000
2000,J-Rock,uplifting,3,2,0.666667
2000,Jazz Pop,aggressive,2,0,0.000000
2000,Jazz Pop,angry,2,0,0.000000
2000,Jazz Pop,anxious,2,0,0.000000
2000,Jazz Pop,bittersweet,2,1,0.500000
2000,Jazz Pop,calm,2,1,0.500000
2000,Jazz Pop,dark,2,0,0.000000
2000,Jazz Pop,depressive,2,0,0.000000
2000,Jazz Pop,happy,2,0,0.000000
2000,Jazz Pop,melancholic,2,1,0.500000
2000,Jazz Pop,optimistic,2,1,0.500000
2000,Jazz Pop,peaceful,2,0,0.000000
2000,Jazz Pop,playful,2,0,0.000000
2000,Jazz Pop,sad,2,0,0.000000
2000,Jazz Pop,sombre,2,0,0.000000
2000,Jazz Pop,uplifting,2,1,0.500000
2000,Jazz Rap,aggressive,5,0,0.000000
2000,Jazz Rap,angry,5,0,0.000000
2000,Jazz Rap,anxious,5,0,0.000000
2000,Jazz Rap,bittersweet,5,1,0.200000
2000,Jazz Rap,calm,5,1,0.200000
2000,Jazz Rap,dark,5,0,0.000000
2000,Jazz Rap,depressive,5,0,0.000000
2000,Jazz Rap,happy,5,0,0.000000
2000,Jazz Rap,melancholic,5,0,0.000000
2000,Jazz Rap,optimistic,5,1,0.200000
2000,Jazz Rap,peaceful,5,2,0.400000
2000,Jazz Rap,playful,5,1,0.200000
2000,Jazz Rap,sad,5,0,0.000000
2000,Jazz Rap,sombre,5,0,0.000000
2000,Jazz Rap,uplifting,5,1,0.200000
2000,Lo-Fi/Slacker Rock,aggressive,3,0,0.000000
2000,Lo-Fi/Slacker Rock,angry,3,0,0.000000
2000,Lo-Fi/Slacker Rock,anxious,3,0,0.000000
2000,Lo-Fi/Slacker Rock,bittersweet,3,2,0.666667
2000,Lo-Fi/Slacker Rock,calm,3,0,0.000000
2000,Lo-Fi/Slacker Rock,dark,3,0,0.000000
2000,Lo-Fi/Slacker Rock,depressive,3,0,0.000000
2000,Lo-Fi/Slacker Rock,happy,3,0,0.000000
2000,Lo-Fi/Slacker Rock,melancholic,3,2,0.666667
2000,Lo-Fi/Slacker Rock,optimistic,3,0,0.000000
2000,Lo-Fi/Slacker Rock,peaceful,3,0,0.000000
2000,Lo-Fi/Slacker Rock,playful,3,1,0.333333
2000,Lo-Fi/Slacker Rock,sad,3,0,0.000000
2000,Lo-Fi/Slacker Rock,sombre,3,0,0.000000
2000,Lo-Fi/Slacker Rock,uplifting,3,0,0.000000
2000,Mashup,aggressive,2,0,0.000000
2000,Mashup,angry,2,0,0.000000
2000,Mashup,anxious,2,0,0.000000
2000,Mashup,bittersweet,2,0,0.000000
2000,Mashup,calm,2,0,0.000000
2000,Mashup,dark,2,0,0.000000
2000,Mashup,depressive,2,0,0.000000
2000,Mashup,happy,2,0,0.000000
2000,Mashup,melancholic,2,0,0.000000
2000,Mashup,optimistic,2,0,0.000000
2000,Mashup,peaceful,2,0,0.000000
2000,Mashup,playful,2,0,0.000000
2000,Mashup,sad,2,0,0.000000
2000,Mashup,sombre,2,0,0.000000
2000,Mashup,uplifting,2,2,1.000000
2000,Math Rock,aggressive,10,0,0.000000
2000,Math Rock,angry,10,1,0.100000
2000,Math Rock,anxious,10,2,0.200000
2000,Math Rock,bittersweet,10,1,0.100000
2000,Math Rock,calm,10,1,0.100000
2000,Math Rock,dark,10,0,0.000000
2000,Math Rock,depressive,10,0,0.000000
2000,Math Rock,happy,10,0,0.000000
2000,Math Rock,melancholic,10,3,0.300000
2000,Math Rock,optimistic,10,0,0.000000
2000,Math Rock,peaceful,10,1,0.100000
2000,Math Rock,playful,10,4,0.400000
2000,Math Rock,sad,10,1,0.100000
2000,Math Rock,sombre,10,0,0.000000
2000,Math Rock,uplifting,10,0,0.000000
2000,Mathcore,aggressive,7,7,1.000000
2000,Mathcore,angry,7,4,0.571429
2000,Mathcore,anxious,7,2,0.285714
2000,Mathcore,bittersweet,7,0,0.000000
2000,Mathcore,calm,7,0,0.000000
2000,Mathcore,dark,7,2,0.285714
2000,Mathcore,depressive,7,0,0.000000
2000,Mathcore,happy,7,0,0.000000
2000,Mathcore,melancholic,7,0,0.000000
2000,Mathcore,optimistic,7,0,0.000000
2000,Mathcore,peaceful,7,0,0.000000
2000,Mathcore,playful,7,0,0.000000
2000,Mathcore,sad,7,1,0.142857
2000,Mathcore,sombre,7,1,0.142857
2000,Mathcore,uplifting,7,0,0.000000
2000,Melodic Black Metal,aggressive,1,0,0.000000
2000,Melodic Black Metal,angry,1,0,0.000000
2000,Melodic Black Metal,anxious,1,0,0.000000
2000,Melodic Black Metal,bittersweet,1,0,0.000000
2000,Melodic Black Metal,calm,1,0,0.000000
2000,Melodic Black Metal,dark,1,0,0.000000
2000,Melodic Black Metal,depressive,1,0,0.000000
2000,Melodic Black Metal,happy,1,0,0.000000
2000,Melodic Black Metal,melancholic,1,1,1.000000
2000,Melodic Black Metal,optimistic,1,0,0.000000
2000,Melodic Black Metal,peaceful,1,0,0.000000
2000,Melodic Black Metal,playful,1,0,0.000000
2000,Melodic Black Metal,sad,1,0,0.000000
2000,Melodic Black Metal,sombre,1,0,0.000000
2000,Melodic Black Metal,uplifting,1,0,0.000000
2000,Melodic Death Metal,aggressive,15,10,0.666667
2000,Melodic Death Metal,angry,15,2,0.133333
2000,Melodic Death Metal,anxious,15,0,0.000000
2000,Melodic Death Metal,bittersweet,15,0,0.000000
2000,Melodic Death Metal,calm,15,0,0.000000
2000,Melodic Death Metal,dark,15,5,0.333333
2000,Melodic Death Metal,depressive,15,0,0.000000
2000,Melodic Death Metal,happy,15,0,0.000000
2000,Melodic Death Metal,melancholic,15,6,0.400000
2000,Melodic Death Metal,optimistic,15,0,0.000000
2000,Melodic Death Metal,peaceful,15,0,0.000000
2000,Melodic Death Metal,playful,15,0,0.000000
2000,Melodic Death Metal,sad,15,0,0.000000
2000,Melodic Death Metal,sombre,15,5,0.333333
2000,Melodic Death Metal,uplifting,15,1,0.066667
2000,Melodic Hardcore,aggressive,4,3,0.750000
2000,Melodic Hardcore,angry,4,3,0.750000
2000,Melodic Hardcore,anxious,4,1,0.250000
2000,Melodic Hardcore,bittersweet,4,0,0.000000
2000,Melodic Hardcore,calm,4,0,0.000000
2000,Melodic Hardcore,dark,4,1,0.250000
2000,Melodic Hardcore,depressive,4,0,0.000000
2000,Melodic Hardcore,happy,4,0,0.000000
2000,Melodic Hardcore,melancholic,4,2,0.500000
2000,Melodic Hardcore,optimistic,4,0,0.000000
2000,Melodic Hardcore,peaceful,4,0,0.000000
2000,Melodic Hardcore,playful,4,0,0.000000
2000,Melodic Hardcore,sad,4,0,0.000000
2000,Melodic Hardcore,sombre,4,0,0.000000
2000,Melodic Hardcore,uplifting,4,0,0.000000
2000,Melodic Metalcore,aggressive,7,5,0.714286
2000,Melodic Metalcore,angry,7,2,0.285714
2000,Melodic Metalcore,anxious,7,0,0.000000
2000,Melodic Metalcore,bittersweet,7,0,0.000000
2000,Melodic Metalcore,calm,7,0,0.000000
2000,Melodic Metalcore,dark,7,1,0.142857
2000,Melodic Metalcore,depressive,7,0,0.000000
2000,Melodic Metalcore,happy,7,0,0.000000
2000,Melodic Metalcore,melancholic,7,1,0.142857
2000,Melodic Metalcore,optimistic,7,0,0.000000
2000,Melodic Metalcore,peaceful,7,0,0.000000
2000,Melodic Metalcore,playful,7,0,0.000000
2000,Melodic Metalcore,sad,7,1,0.142857
2000,Melodic Metalcore,sombre,7,1,0.142857
2000,Melodic Metalcore,uplifting,7,0,0.000000
2000,Metalcore,aggressive,8,8,1.000000
2000,Metalcore,angry,8,5,0.625000
2000,Metalcore,anxious,8,0,0.000000
2000,Metalcore,bittersweet,8,0,0.000000
2000,Metalcore,calm,8,0,0.000000
2000,Metalcore,dark,8,3,0.375000
2000,Metalcore,depressive,8,0,0.000000
2000,Metalcore,happy,8,0,0.000000
2000,Metalcore,melancholic,8,1,0.125000
2000,Metalcore,optimistic,8,0,0.000000
2000,Metalcore,peaceful,8,0,0.000000
2000,Metalcore,playful,8,0,0.000000
2000,Metalcore,sad,8,1,0.125000
2000,Metalcore,sombre,8,1,0.125000
2000,Metalcore,uplifting,8,0,0.000000
2000,Microhouse,aggressive,2,0,0.000000
2000,Microhouse,angry,2,0,0.000000
2000,Microhouse,anxious,2,0,0.000000
2000,Microhouse,bittersweet,2,0,0.000000
2000,Microhouse,calm,2,1,0.500000
2000,Microhouse,dark,2,0,0.000000
2000,Microhouse,depressive,2,0,0.000000
2000,Microhouse,happy,2,0,0.000000
2000,Microhouse,melancholic,2,0,0.000000
2000,Microhouse,optimistic,2,0,0.000000
2000,Microhouse,peaceful,2,0,0.000000
2000,Microhouse,playful,2,0,0.000000
2000,Microhouse,sad,2,0,0.000000
2000,Microhouse,sombre,2,0,0.000000
2000,Microhouse,uplifting,2,0,0.000000
2000,Microsound,aggressive,1,0,0.000000
2000,Microsound,angry,1,0,0.000000
2000,Microsound,anxious,1,0,0.000000
2000,Microsound,bittersweet,1,0,0.000000
2000,Microsound,calm,1,0,0.000000
2000,Microsound,dark,1,0,0.000000
2000,Microsound,depressive,1,0,0.000000
2000,Microsound,happy,1,0,0.000000
2000,Microsound,melancholic,1,0,0.000000
2000,Microsound,optimistic,1,0,0.000000
2000,Microsound,peaceful,1,0,0.000000
2000,Microsound,playful,1,0,0.000000
2000,Microsound,sad,1,0,0.000000
2000,Microsound,sombre,1,0,0.000000
2000,Microsound,uplifting,1,0,0.000000
2000,Midwest Emo,aggressive,6,0,0.000000
2000,Midwest Emo,angry,6,0,0.000000
2000,Midwest Emo,anxious,6,1,0.166667
2000,Midwest Emo,bittersweet,6,2,0.333333
2000,Midwest Emo,calm,6,0,0.000000
2000,Midwest Emo,dark,6,0,0.000000
2000,Midwest Emo,depressive,6,3,0.500000
2000,Midwest Emo,happy,6,0,0.000000
2000,Midwest Emo,melancholic,6,5,0.833333
2000,Midwest Emo,optimistic,6,0,0.000000
2000,Midwest Emo,peaceful,6,0,0.000000
2000,Midwest Emo,playful,6,1,0.166667
2000,Midwest Emo,sad,6,3,0.500000
2000,Midwest Emo,sombre,6,1,0.166667
2000,Midwest Emo,uplifting,6,1,0.166667
2000,Minimal Synth,aggressive,1,0,0.000000
2000,Minimal Synth,angry,1,0,0.000000
2000,Minimal Synth,anxious,1,0,0.000000
2000,Minimal Synth,bittersweet,1,0,0.000000
2000,Minimal Synth,calm,1,0,0.000000
2000,Minimal Synth,dark,1,0,0.000000
2000,Minimal Synth,depressive,1,0,0.000000
2000,Minimal Synth,happy,1,0,0.000000
2000,Minimal Synth,melancholic,1,1,1.000000
2000,Minimal Synth,optimistic,1,0,0.000000
2000,Minimal Synth,peaceful,1,0,0.000000
2000,Minimal Synth,playful,1,1,1.000000
2000,Minimal Synth,sad,1,0,0.000000
2000,Minimal Synth,sombre,1,0,0.000000
2000,Minimal Synth,uplifting,1,0,0.000000
2000,Minimal Techno,aggressive,1,0,0.000000
2000,Minimal Techno,angry,1,0,0.000000
2000,Minimal Techno,anxious,1,0,0.000000
2000,Minimal Techno,bittersweet,1,0,0.000000
2000,Minimal Techno,calm,1,0,0.000000
2000,Minimal Techno,dark,1,0,0.000000
2000,Minimal Techno,depressive,1,0,0.000000
2000,Minimal Techno,happy,1,0,0.000000
2000,Minimal Techno,melancholic,1,0,0.000000
2000,Minimal Techno,optimistic,1,0,0.000000
2000,Minimal Techno,peaceful,1,0,0.000000
2000,Minimal Techno,playful,1,0,0.000000
2000,Minimal Techno,sad,1,0,0.000000
2000,Minimal Techno,sombre,1,0,0.000000
2000,Minimal Techno,uplifting,1,0,0.000000
2000,Minimalism,aggressive,4,0,0.000000
2000,Minimalism,angry,4,0,0.000000
2000,Minimalism,anxious,4,0,0.000000
2000,Minimalism,bittersweet,4,0,0.000000
2000,Minimalism,calm,4,2,0.500000
2000,Minimalism,dark,4,0,0.000000
2000,Minimalism,depressive,4,0,0.000000
2000,Minimalism,happy,4,0,0.000000
2000,Minimalism,melancholic,4,1,0.250000
2000,Minimalism,optimistic,4,0,0.000000
2000,Minimalism,peaceful,4,0,0.000000
2000,Minimalism,playful,4,0,0.000000
2000,Minimalism,sad,4,0,0.000000
2000,Minimalism,sombre,4,4,1.000000
2000,Minimalism,uplifting,4,0,0.000000
2000,Modern Classical,aggressive,7,0,0.000000
2000,Modern Classical,angry,7,0,0.000000
2000,Modern Classical,anxious,7,2,0.285714
2000,Modern Classical,bittersweet,7,2,0.285714
2000,Modern Classical,calm,7,1,0.142857
2000,Modern Classical,dark,7,1,0.142857
2000,Modern Classical,depressive,7,2,0.285714
2000,Modern Classical,happy,7,0,0.000000
2000,Modern Classical,melancholic,7,7,1.000000
2000,Modern Classical,optimistic,7,0,0.000000
2000,Modern Classical,peaceful,7,0,0.000000
2000,Modern Classical,playful,7,0,0.000000
2000,Modern Classical,sad,7,1,0.142857
2000,Modern Classical,sombre,7,2,0.285714
2000,Modern Classical,uplifting,7,0,0.000000
2000,Neo-Psychedelia,aggressive,30,0,0.000000
2000,Neo-Psychedelia,angry,30,0,0.000000
2000,Neo-Psychedelia,anxious,30,2,0.066667
2000,Neo-Psychedelia,bittersweet,30,11,0.366667
2000,Neo-Psychedelia,calm,30,0,0.000000
2000,Neo-Psychedelia,dark,30,0,0.000000
2000,Neo-Psychedelia,depressive,30,0,0.000000
2000,Neo-Psychedelia,happy,30,2,0.066667
2000,Neo-Psychedelia,melancholic,30,6,0.200000
2000,Neo-Psychedelia,optimistic,30,0,0.000000
2000,Neo-Psychedelia,peaceful,30,0,0.000000
2000,Neo-Psychedelia,playful,30,11,0.366667
2000,Neo-Psychedelia,sad,30,0,0.000000
2000,Neo-Psychedelia,sombre,30,0,0.000000
2000,Neo-Psychedelia,uplifting,30,6,0.200000
2000,Neo-Soul,aggressive,5,0,0.000000
2000,Neo-Soul,angry,5,0,0.000000
2000,Neo-Soul,anxious,5,0,0.000000
2000,Neo-Soul,bittersweet,5,1,0.200000
2000,Neo-Soul,calm,5,0,0.000000
2000,Neo-Soul,dark,5,0,0.000000
2000,Neo-Soul,depressive,5,0,0.000000
2000,Neo-Soul,happy,5,0,0.000000
2000,Neo-Soul,melancholic,5,0,0.000000
2000,Neo-Soul,optimistic,5,0,0.000000
2000,Neo-Soul,peaceful,5,0,0.000000
2000,Neo-Soul,playful,5,2,0.400000
2000,Neo-Soul,sad,5,0,0.000000
2000,Neo-Soul,sombre,5,0,0.000000
2000,Neo-Soul,uplifting,5,0,0.000000
2000,Neofolk,aggressive,1,0,0.000000
2000,Neofolk,angry,1,0,0.000000
2000,Neofolk,anxious,1,0,0.000000
2000,Neofolk,bittersweet,1,0,0.000000
2000,Neofolk,calm,1,0,0.000000
2000,Neofolk,dark,1,0,0.000000
2000,Neofolk,depressive,1,0,0.000000
2000,Neofolk,happy,1,0,0.000000
2000,Neofolk,melancholic,1,1,1.000000
2000,Neofolk,optimistic,1,0,0.000000
2000,Neofolk,peaceful,1,0,0.000000
2000,Neofolk,playful,1,0,0.000000
2000,Neofolk,sad,1,0,0.000000
2000,Neofolk,sombre,1,1,1.000000
2000,Neofolk,uplifting,1,0,0.000000
2000,Neue Deutsche Härte,aggressive,4,2,0.500000
2000,Neue Deutsche Härte,angry,4,1,0.250000
2000,Neue Deutsche Härte,anxious,4,0,0.000000
2000,Neue Deutsche Härte,bittersweet,4,0,0.000000
2000,Neue Deutsche Härte,calm,4,0,0.000000
2000,Neue Deutsche Härte,dark,4,3,0.750000
2000,Neue Deutsche Härte,depressive,4,0,0.000000
2000,Neue Deutsche Härte,happy,4,0,0.000000
2000,Neue Deutsche Härte,melancholic,4,1,0.250000
2000,Neue Deutsche Härte,optimistic,4,0,0.000000
2000,Neue Deutsche Härte,peaceful,4,0,0.000000
2000,Neue Deutsche Härte,playful,4,0,0.000000
2000,Neue Deutsche Härte,sad,4,0,0.000000
2000,Neue Deutsche Härte,sombre,4,4,1.000000
2000,Neue Deutsche Härte,uplifting,4,0,0.000000
2000,New Rave,aggressive,6,0,0.000000
2000,New Rave,angry,6,0,0.000000
2000,New Rave,anxious,6,1,0.166667
2000,New Rave,bittersweet,6,1,0.166667
2000,New Rave,calm,6,0,0.000000
2000,New Rave,dark,6,0,0.000000
2000,New Rave,depressive,6,0,0.000000
2000,New Rave,happy,6,1,0.166667
2000,New Rave,melancholic,6,0,0.000000
2000,New Rave,optimistic,6,0,0.000000
2000,New Rave,peaceful,6,0,0.000000
2000,New Rave,playful,6,2,0.333333
2000,New Rave,sad,6,0,0.000000
2000,New Rave,sombre,6,0,0.000000
2000,New Rave,uplifting,6,2,0.333333
2000,Noise,aggressive,2,1,0.500000
2000,Noise,angry,2,0,0.000000
2000,Noise,anxious,2,0,0.000000
2000,Noise,bittersweet,2,0,0.000000
2000,Noise,calm,2,0,0.000000
2000,Noise,dark,2,0,0.000000
2000,Noise,depressive,2,0,0.000000
2000,Noise,happy,2,0,0.000000
2000,Noise,melancholic,2,0,0.000000
2000,Noise,optimistic,2,0,0.000000
2000,Noise,peaceful,2,0,0.000000
2000,Noise,playful,2,0,0.000000
2000,Noise,sad,2,0,0.000000
2000,Noise,sombre,2,0,0.000000
2000,Noise,uplifting,2,0,0.000000
2000,Noise Pop,aggressive,6,1,0.166667
2000,Noise Pop,angry,6,0,0.000000
2000,Noise Pop,anxious,6,0,0.000000
2000,Noise Pop,bittersweet,6,1,0.166667
2000,Noise Pop,calm,6,0,0.000000
2000,Noise Pop,dark,6,0,0.000000
2000,Noise Pop,depressive,6,0,0.000000
2000,Noise Pop,happy,6,0,0.000000
2000,Noise Pop,melancholic,6,1,0.166667
2000,Noise Pop,optimistic,6,0,0.000000
2000,Noise Pop,peaceful,6,0,0.000000
2000,Noise Pop,playful,6,5,0.833333
2000,Noise Pop,sad,6,0,0.000000
2000,Noise Pop,sombre,6,0,0.000000
2000,Noise Pop,uplifting,6,0,0.000000
2000,Noise Rock,aggressive,18,4,0.222222
2000,Noise Rock,angry,18,2,0.111111
2000,Noise Rock,anxious,18,2,0.111111
2000,Noise Rock,bittersweet,18,3,0.166667
2000,Noise Rock,calm,18,0,0.000000
2000,Noise Rock,dark,18,2,0.111111
2000,Noise Rock,depressive,18,1,0.055556
2000,Noise Rock,happy,18,0,0.000000
2000,Noise Rock,melancholic,18,2,0.111111
2000,Noise Rock,optimistic,18,0,0.000000
2000,Noise Rock,peaceful,18,0,0.000000
2000,Noise Rock,playful,18,4,0.222222
2000,Noise Rock,sad,18,1,0.055556
2000,Noise Rock,sombre,18,2,0.111111
2000,Noise Rock,uplifting,18,0,0.000000
2000,Nu Jazz,aggressive,1,0,0.000000
2000,Nu Jazz,angry,1,0,0.000000
2000,Nu Jazz,anxious,1,0,0.000000
2000,Nu Jazz,bittersweet,1,0,0.000000
2000,Nu Jazz,calm,1,0,0.000000
2000,Nu Jazz,dark,1,1,1.000000
2000,Nu Jazz,depressive,1,0,0.000000
2000,Nu Jazz,happy,1,0,0.000000
2000,Nu Jazz,melancholic,1,0,0.000000
2000,Nu Jazz,optimistic,1,0,0.000000
2000,Nu Jazz,peaceful,1,0,0.000000
2000,Nu Jazz,playful,1,0,0.000000
2000,Nu Jazz,sad,1,0,0.000000
2000,Nu Jazz,sombre,1,0,0.000000
2000,Nu Jazz,uplifting,1,0,0.000000
2000,Nu Metal,aggressive,14,10,0.714286
2000,Nu Metal,angry,14,10,0.714286
2000,Nu Metal,anxious,14,5,0.357143
2000,Nu Metal,bittersweet,14,0,0.000000
2000,Nu Metal,calm,14,0,0.000000
2000,Nu Metal,dark,14,6,0.428571
2000,Nu Metal,depressive,14,2,0.142857
2000,Nu Metal,happy,14,0,0.000000
2000,Nu Metal,melancholic,14,2,0.142857
2000,Nu Metal,optimistic,14,0,0.000000
2000,Nu Metal,peaceful,14,0,0.000000
2000,Nu Metal,playful,14,0,0.000000
2000,Nu Metal,sad,14,0,0.000000
2000,Nu Metal,sombre,14,1,0.071429
2000,Nu Metal,uplifting,14,0,0.000000
2000,Nu-Disco,aggressive,2,0,0.000000
2000,Nu-Disco,angry,2,0,0.000000
2000,Nu-Disco,anxious,2,0,0.000000
2000,Nu-Disco,bittersweet,2,0,0.000000
2000,Nu-Disco,calm,2,0,0.000000
2000,Nu-Disco,dark,2,0,0.000000
2000,Nu-Disco,depressive,2,0,0.000000
2000,Nu-Disco,happy,2,0,0.000000
2000,Nu-Disco,melancholic,2,0,0.000000
2000,Nu-Disco,optimistic,2,1,0.500000
2000,Nu-Disco,peaceful,2,0,0.000000
2000,Nu-Disco,playful,2,0,0.000000
2000,Nu-Disco,sad,2,0,0.000000
2000,Nu-Disco,sombre,2,0,0.000000
2000,Nu-Disco,uplifting,2,0,0.000000
2000,Orchestral,aggressive,1,0,0.000000
2000,Orchestral,angry,1,0,0.000000
2000,Orchestral,anxious,1,0,0.000000
2000,Orchestral,bittersweet,1,0,0.000000
2000,Orchestral,calm,1,0,0.000000
2000,Orchestral,dark,1,0,0.000000
2000,Orchestral,depressive,1,0,0.000000
2000,Orchestral,happy,1,0,0.000000
2000,Orchestral,melancholic,1,0,0.000000
2000,Orchestral,optimistic,1,0,0.000000
2000,Orchestral,peaceful,1,0,0.000000
2000,Orchestral,playful,1,0,0.000000
2000,Orchestral,sad,1,0,0.000000
2000,Orchestral,sombre,1,0,0.000000
2000,Orchestral,uplifting,1,0,0.000000
2000,Pagan Black Metal,aggressive,5,0,0.000000
2000,Pagan Black Metal,angry,5,0,0.000000
2000,Pagan Black Metal,anxious,5,0,0.000000
2000,Pagan Black Metal,bittersweet,5,0,0.000000
2000,Pagan Black Metal,calm,5,0,0.000000
2000,Pagan Black Metal,dark,5,0,0.000000
2000,Pagan Black Metal,depressive,5,0,0.000000
2000,Pagan Black Metal,happy,5,0,0.000000
2000,Pagan Black Metal,melancholic,5,0,0.000000
2000,Pagan Black Metal,optimistic,5,0,0.000000
2000,Pagan Black Metal,peaceful,5,0,0.000000
2000,Pagan Black Metal,playful,5,0,0.000000
2000,Pagan Black Metal,sad,5,0,0.000000
2000,Pagan Black Metal,sombre,5,2,0.400000
2000,Pagan Black Metal,uplifting,5,0,0.000000
2000,Piano Rock,aggressive,6,0,0.000000
2000,Piano Rock,angry,6,0,0.000000
2000,Piano Rock,anxious,6,0,0.000000
2000,Piano Rock,bittersweet,6,1,0.166667
2000,Piano Rock,calm,6,0,0.000000
2000,Piano Rock,dark,6,1,0.166667
2000,Piano Rock,depressive,6,2,0.333333
2000,Piano Rock,happy,6,0,0.000000
2000,Piano Rock,melancholic,6,4,0.666667
2000,Piano Rock,optimistic,6,0,0.000000
2000,Piano Rock,peaceful,6,0,0.000000
2000,Piano Rock,playful,6,1,0.166667
2000,Piano Rock,sad,6,2,0.333333
2000,Piano Rock,sombre,6,0,0.000000
2000,Piano Rock,uplifting,6,0,0.000000
2000,Picopop,aggressive,1,0,0.000000
2000,Picopop,angry,1,0,0.000000
2000,Picopop,anxious,1,0,0.000000
2000,Picopop,bittersweet,1,0,0.000000
2000,Picopop,calm,1,0,0.000000
2000,Picopop,dark,1,0,0.000000
2000,Picopop,depressive,1,0,0.000000
2000,Picopop,happy,1,1,1.000000
2000,Picopop,melancholic,1,0,0.000000
2000,Picopop,optimistic,1,0,0.000000
2000,Picopop,peaceful,1,0,0.000000
2000,Picopop,playful,1,1,1.000000
2000,Picopop,sad,1,0,0.000000
2000,Picopop,sombre,1,0,0.000000
2000,Picopop,uplifting,1,1,1.000000
2000,Plunderphonics,aggressive,2,0,0.000000
2000,Plunderphonics,angry,2,0,0.000000
2000,Plunderphonics,anxious,2,0,0.000000
2000,Plunderphonics,bittersweet,2,0,0.000000
2000,Plunderphonics,calm,2,0,0.000000
2000,Plunderphonics,dark,2,0,0.000000
2000,Plunderphonics,depressive,2,0,0.000000
2000,Plunderphonics,happy,2,0,0.000000
2000,Plunderphonics,melancholic,2,0,0.000000
2000,Plunderphonics,optimistic,2,0,0.000000
2000,Plunderphonics,peaceful,2,0,0.000000
2000,Plunderphonics,playful,2,1,0.500000
2000,Plunderphonics,sad,2,0,0.000000
2000,Plunderphonics,sombre,2,0,0.000000
2000,Plunderphonics,uplifting,2,2,1.000000
2000,Pop,aggressive,9,1,0.111111
2000,Pop,angry,9,0,0.000000
2000,Pop,anxious,9,1,0.111111
2000,Pop,bittersweet,9,2,0.222222
2000,Pop,calm,9,0,0.000000
2000,Pop,dark,9,0,0.000000
2000,Pop,depressive,9,0,0.000000
2000,Pop,happy,9,0,0.000000
2000,Pop,melancholic,9,0,0.000000
2000,Pop,optimistic,9,0,0.000000
2000,Pop,peaceful,9,0,0.000000
2000,Pop,playful,9,6,0.666667
2000,Pop,sad,9,0,0.000000
2000,Pop,sombre,9,0,0.000000
2000,Pop,uplifting,9,1,0.111111
2000,Pop Punk,aggressive,19,0,0.000000
2000,Pop Punk,angry,19,6,0.315789
2000,Pop Punk,anxious,19,8,0.421053
2000,Pop Punk,bittersweet,19,9,0.473684
2000,Pop Punk,calm,19,0,0.000000
2000,Pop Punk,dark,19,1,0.052632
2000,Pop Punk,depressive,19,0,0.000000
2000,Pop Punk,happy,19,0,0.000000
2000,Pop Punk,melancholic,19,5,0.263158
2000,Pop Punk,optimistic,19,0,0.000000
2000,Pop Punk,peaceful,19,0,0.000000
2000,Pop Punk,playful,19,6,0.315789
2000,Pop Punk,sad,19,1,0.052632
2000,Pop Punk,sombre,19,0,0.000000
2000,Pop Punk,uplifting,19,0,0.000000
2000,Pop Rap,aggressive,10,1,0.100000
2000,Pop Rap,angry,10,0,0.000000
2000,Pop Rap,anxious,10,0,0.000000
2000,Pop Rap,bittersweet,10,0,0.000000
2000,Pop Rap,calm,10,0,0.000000
2000,Pop Rap,dark,10,0,0.000000
2000,Pop Rap,depressive,10,0,0.000000
2000,Pop Rap,happy,10,2,0.200000
2000,Pop Rap,melancholic,10,0,0.000000
2000,Pop Rap,optimistic,10,2,0.200000
2000,Pop Rap,peaceful,10,0,0.000000
2000,Pop Rap,playful,10,4,0.400000
2000,Pop Rap,sad,10,0,0.000000
2000,Pop Rap,sombre,10,0,0.000000
2000,Pop Rap,uplifting,10,3,0.300000
2000,Pop Reggae,aggressive,1,0,0.000000
2000,Pop Reggae,angry,1,0,0.000000
2000,Pop Reggae,anxious,1,0,0.000000
2000,Pop Reggae,bittersweet,1,0,0.000000
2000,Pop Reggae,calm,1,0,0.000000
2000,Pop Reggae,dark,1,0,0.000000
2000,Pop Reggae,depressive,1,0,0.000000
2000,Pop Reggae,happy,1,0,0.000000
2000,Pop Reggae,melancholic,1,0,0.000000
2000,Pop Reggae,optimistic,1,0,0.000000
2000,Pop Reggae,peaceful,1,0,0.000000
2000,Pop Reggae,playful,1,1,1.000000
2000,Pop Reggae,sad,1,0,0.000000
2000,Pop Reggae,sombre,1,0,0.000000
2000,Pop Reggae,uplifting,1,0,0.000000
2000,Pop Rock,aggressive,46,0,0.000000
2000,Pop Rock,angry,46,1,0.021739
2000,Pop Rock,anxious,46,8,0.173913
2000,Pop Rock,bittersweet,46,21,0.456522
2000,Pop Rock,calm,46,1,0.021739
2000,Pop Rock,dark,46,1,0.021739
2000,Pop Rock,depressive,46,2,0.043478
2000,Pop Rock,happy,46,0,0.000000
2000,Pop Rock,melancholic,46,18,0.391304
2000,Pop Rock,optimistic,46,4,0.086957
2000,Pop Rock,peaceful,46,2,0.043478
2000,Pop Rock,playful,46,8,0.173913
2000,Pop Rock,sad,46,1,0.021739
2000,Pop Rock,sombre,46,2,0.043478
2000,Pop Rock,uplifting,46,12,0.260870
2000,Pop Soul,aggressive,2,0,0.000000
2000,Pop Soul,angry,2,0,0.000000
2000,Pop Soul,anxious,2,0,0.000000
2000,Pop Soul,bittersweet,2,2,1.000000
2000,Pop Soul,calm,2,0,0.000000
2000,Pop Soul,dark,2,0,0.000000
2000,Pop Soul,depressive,2,0,0.000000
2000,Pop Soul,happy,2,0,0.000000
2000,Pop Soul,melancholic,2,0,0.000000
2000,Pop Soul,optimistic,2,0,0.000000
2000,Pop Soul,peaceful,2,0,0.000000
2000,Pop Soul,playful,2,0,0.000000
2000,Pop Soul,sad,2,0,0.000000
2000,Pop Soul,sombre,2,0,0.000000
2000,Pop Soul,uplifting,2,0,0.000000
2000,Post-Grunge,aggressive,10,0,0.000000
2000,Post-Grunge,angry,10,3,0.300000
2000,Post-Grunge,anxious,10,1,0.100000
2000,Post-Grunge,bittersweet,10,3,0.300000
2000,Post-Grunge,calm,10,1,0.100000
2000,Post-Grunge,dark,10,0,0.000000
2000,Post-Grunge,depressive,10,0,0.000000
2000,Post-Grunge,happy,10,0,0.000000
2000,Post-Grunge,melancholic,10,1,0.100000
2000,Post-Grunge,optimistic,10,0,0.000000
2000,Post-Grunge,peaceful,10,0,0.000000
2000,Post-Grunge,playful,10,0,0.000000
2000,Post-Grunge,sad,10,1,0.100000
2000,Post-Grunge,sombre,10,3,0.300000
2000,Post-Grunge,uplifting,10,0,0.000000
2000,Post-Hardcore,aggressive,24,13,0.541667
2000,Post-Hardcore,angry,24,4,0.166667
2000,Post-Hardcore,anxious,24,17,0.708333
2000,Post-Hardcore,bittersweet,24,1,0.041667
2000,Post-Hardcore,calm,24,0,0.000000
2000,Post-Hardcore,dark,24,5,0.208333
2000,Post-Hardcore,depressive,24,1,0.041667
2000,Post-Hardcore,happy,24,0,0.000000
2000,Post-Hardcore,melancholic,24,12,0.500000
2000,Post-Hardcore,optimistic,24,0,0.000000
2000,Post-Hardcore,peaceful,24,0,0.000000
2000,Post-Hardcore,playful,24,0,0.000000
2000,Post-Hardcore,sad,24,2,0.083333
2000,Post-Hardcore,sombre,24,7,0.291667
2000,Post-Hardcore,uplifting,24,1,0.041667
2000,Post-Industrial,aggressive,10,0,0.000000
2000,Post-Industrial,angry,10,0,0.000000
2000,Post-Industrial,anxious,10,3,0.300000
2000,Post-Industrial,bittersweet,10,0,0.000000
2000,Post-Industrial,calm,10,0,0.000000
2000,Post-Industrial,dark,10,6,0.600000
2000,Post-Industrial,depressive,10,1,0.100000
2000,Post-Industrial,happy,10,0,0.000000
2000,Post-Industrial,melancholic,10,3,0.300000
2000,Post-Industrial,optimistic,10,0,0.000000
2000,Post-Industrial,peaceful,10,0,0.000000
2000,Post-Industrial,playful,10,1,0.100000
2000,Post-Industrial,sad,10,1,0.100000
2000,Post-Industrial,sombre,10,4,0.400000
2000,Post-Industrial,uplifting,10,0,0.000000
2000,Post-Metal,aggressive,20,2,0.100000
2000,Post-Metal,angry,20,0,0.000000
2000,Post-Metal,anxious,20,0,0.000000
2000,Post-Metal,bittersweet,20,0,0.000000
2000,Post-Metal,calm,20,0,0.000000
2000,Post-Metal,dark,20,9,0.450000
2000,Post-Metal,depressive,20,3,0.150000
2000,Post-Metal,happy,20,0,0.000000
2000,Post-Metal,melancholic,20,15,0.750000
2000,Post-Metal,optimistic,20,0,0.000000
2000,Post-Metal,peaceful,20,0,0.000000
2000,Post-Metal,playful,20,0,0.000000
2000,Post-Metal,sad,20,1,0.050000
2000,Post-Metal,sombre,20,10,0.500000
2000,Post-Metal,uplifting,20,0,0.000000
2000,Post-Punk,aggressive,7,0,0.000000
2000,Post-Punk,angry,7,0,0.000000
2000,Post-Punk,anxious,7,1,0.142857
2000,Post-Punk,bittersweet,7,3,0.428571
2000,Post-Punk,calm,7,0,0.000000
2000,Post-Punk,dark,7,4,0.571429
2000,Post-Punk,depressive,7,2,0.285714
2000,Post-Punk,happy,7,0,0.000000
2000,Post-Punk,melancholic,7,2,0.285714
2000,Post-Punk,optimistic,7,0,0.000000
2000,Post-Punk,peaceful,7,0,0.000000
2000,Post-Punk,playful,7,1,0.142857
2000,Post-Punk,sad,7,0,0.000000
2000,Post-Punk,sombre,7,1,0.142857
2000,Post-Punk,uplifting,7,0,0.000000
2000,Post-Punk Revival,aggressive,18,0,0.000000
2000,Post-Punk Revival,angry,18,2,0.111111
2000,Post-Punk Revival,anxious,18,9,0.500000
2000,Post-Punk Revival,bittersweet,18,5,0.277778
2000,Post-Punk Revival,calm,18,0,0.000000
2000,Post-Punk Revival,dark,18,2,0.111111
2000,Post-Punk Revival,depressive,18,0,0.000000
2000,Post-Punk Revival,happy,18,0,0.000000
2000,Post-Punk Revival,melancholic,18,9,0.500000
2000,Post-Punk Revival,optimistic,18,0,0.000000
2000,Post-Punk Revival,peaceful,18,0,0.000000
2000,Post-Punk Revival,playful,18,3,0.166667
2000,Post-Punk Revival,sad,18,0,0.000000
2000,Post-Punk Revival,sombre,18,2,0.111111
2000,Post-Punk Revival,uplifting,18,1,0.055556
2000,Post-Rock,aggressive,40,1,0.025000
2000,Post-Rock,angry,40,0,0.000000
2000,Post-Rock,anxious,40,2,0.050000
2000,Post-Rock,bittersweet,40,11,0.275000
2000,Post-Rock,calm,40,5,0.125000
2000,Post-Rock,dark,40,8,0.200000
2000,Post-Rock,depressive,40,4,0.100000
2000,Post-Rock,happy,40,1,0.025000
2000,Post-Rock,melancholic,40,33,0.825000
2000,Post-Rock,optimistic,40,1,0.025000
2000,Post-Rock,peaceful,40,3,0.075000
2000,Post-Rock,playful,40,2,0.050000
2000,Post-Rock,sad,40,4,0.100000
2000,Post-Rock,sombre,40,13,0.325000
2000,Post-Rock,uplifting,40,5,0.125000
2000,Power Electronics,aggressive,1,1,1.000000
2000,Power Electronics,angry,1,0,0.000000
2000,Power Electronics,anxious,1,0,0.000000
2000,Power Electronics,bittersweet,1,0,0.000000
2000,Power Electronics,calm,1,0,0.000000
2000,Power Electronics,dark,1,1,1.000000
2000,Power Electronics,depressive,1,0,0.000000
2000,Power Electronics,happy,1,0,0.000000
2000,Power Electronics,melancholic,1,0,0.000000
2000,Power Electronics,optimistic,1,0,0.000000
2000,Power Electronics,peaceful,1,0,0.000000
2000,Power Electronics,playful,1,0,0.000000
2000,Power Electronics,sad,1,0,0.000000
2000,Power Electronics,sombre,1,0,0.000000
2000,Power Electronics,uplifting,1,0,0.000000
2000,Power Metal,aggressive,12,4,0.333333
2000,Power Metal,angry,12,0,0.000000
2000,Power Metal,anxious,12,0,0.000000
2000,Power Metal,bittersweet,12,0,0.000000
2000,Power Metal,calm,12,0,0.000000
2000,Power Metal,dark,12,2,0.166667
2000,Power Metal,depressive,12,0,0.000000
2000,Power Metal,happy,12,0,0.000000
2000,Power Metal,melancholic,12,3,0.250000
2000,Power Metal,optimistic,12,1,0.083333
2000,Power Metal,peaceful,12,0,0.000000
2000,Power Metal,playful,12,0,0.000000
2000,Power Metal,sad,12,0,0.000000
2000,Power Metal,sombre,12,1,0.083333
2000,Power Metal,uplifting,12,0,0.000000
2000,Power Noise,aggressive,1,0,0.000000
2000,Power Noise,angry,1,0,0.000000
2000,Power Noise,anxious,1,0,0.000000
2000,Power Noise,bittersweet,1,0,0.000000
2000,Power Noise,calm,1,0,0.000000
2000,Power Noise,dark,1,0,0.000000
2000,Power Noise,depressive,1,0,0.000000
2000,Power Noise,happy,1,0,0.000000
2000,Power Noise,melancholic,1,0,0.000000
2000,Power Noise,optimistic,1,0,0.000000
2000,Power Noise,peaceful,1,0,0.000000
2000,Power Noise,playful,1,0,0.000000
2000,Power Noise,sad,1,0,0.000000
2000,Power Noise,sombre,1,0,0.000000
2000,Power Noise,uplifting,1,0,0.000000
2000,Power Pop,aggressive,10,0,0.000000
2000,Power Pop,angry,10,0,0.000000
2000,Power Pop,anxious,10,2,0.200000
2000,Power Pop,bittersweet,10,5,0.500000
2000,Power Pop,calm,10,0,0.000000
2000,Power Pop,dark,10,0,0.000000
2000,Power Pop,depressive,10,0,0.000000
2000,Power Pop,happy,10,1,0.100000
2000,Power Pop,melancholic,10,3,0.300000
2000,Power Pop,optimistic,10,2,0.200000
2000,Power Pop,peaceful,10,0,0.000000
2000,Power Pop,playful,10,4,0.400000
2000,Power Pop,sad,10,0,0.000000
2000,Power Pop,sombre,10,0,0.000000
2000,Power Pop,uplifting,10,5,0.500000
2000,Progressive Folk,aggressive,1,0,0.000000
2000,Progressive Folk,angry,1,0,0.000000
2000,Progressive Folk,anxious,1,0,0.000000
2000,Progressive Folk,bittersweet,1,0,0.000000
2000,Progressive Folk,calm,1,0,0.000000
2000,Progressive Folk,dark,1,0,0.000000
2000,Progressive Folk,depressive,1,0,0.000000
2000,Progressive Folk,happy,1,0,0.000000
2000,Progressive Folk,melancholic,1,0,0.000000
2000,Progressive Folk,optimistic,1,0,0.000000
2000,Progressive Folk,peaceful,1,0,0.000000
2000,Progressive Folk,playful,1,0,0.000000
2000,Progressive Folk,sad,1,0,0.000000
2000,Progressive Folk,sombre,1,0,0.000000
2000,Progressive Folk,uplifting,1,0,0.000000
2000,Progressive Metal,aggressive,50,14,0.280000
2000,Progressive Metal,angry,50,4,0.080000
2000,Progressive Metal,anxious,50,0,0.000000
2000,Progressive Metal,bittersweet,50,0,0.000000
2000,Progressive Metal,calm,50,0,0.000000
2000,Progressive Metal,dark,50,8,0.160000
2000,Progressive Metal,depressive,50,0,0.000000
2000,Progressive Metal,happy,50,0,0.000000
2000,Progressive Metal,melancholic,50,9,0.180000
2000,Progressive Metal,optimistic,50,0,0.000000
2000,Progressive Metal,peaceful,50,1,0.020000
2000,Progressive Metal,playful,50,1,0.020000
2000,Progressive Metal,sad,50,1,0.020000
2000,Progressive Metal,sombre,50,4,0.080000
2000,Progressive Metal,uplifting,50,4,0.080000
2000,Progressive Pop,aggressive,10,0,0.000000
2000,Progressive Pop,angry,10,0,0.000000
2000,Progressive Pop,anxious,10,2,0.200000
2000,Progressive Pop,bittersweet,10,1,0.100000
2000,Progressive Pop,calm,10,0,0.000000
2000,Progressive Pop,dark,10,0,0.000000
2000,Progressive Pop,depressive,10,0,0.000000
2000,Progressive Pop,happy,10,0,0.000000
2000,Progressive Pop,melancholic,10,2,0.200000
2000,Progressive Pop,optimistic,10,0,0.000000
2000,Progressive Pop,peaceful,10,0,0.000000
2000,Progressive Pop,playful,10,7,0.700000
2000,Progressive Pop,sad,10,0,0.000000
2000,Progressive Pop,sombre,10,0,0.000000
2000,Progressive Pop,uplifting,10,1,0.100000
2000,Progressive Rock,aggressive,26,0,0.000000
2000,Progressive Rock,angry,26,1,0.038462
2000,Progressive Rock,anxious,26,4,0.153846
2000,Progressive Rock,bittersweet,26,1,0.038462
2000,Progressive Rock,calm,26,0,0.000000
2000,Progressive Rock,dark,26,5,0.192308
2000,Progressive Rock,depressive,26,2,0.076923
2000,Progressive Rock,happy,26,0,0.000000
2000,Progressive Rock,melancholic,26,15,0.576923
2000,Progressive Rock,optimistic,26,0,0.000000
2000,Progressive Rock,peaceful,26,0,0.000000
2000,Progressive Rock,playful,26,0,0.000000
2000,Progressive Rock,sad,26,1,0.038462
2000,Progressive Rock,sombre,26,4,0.153846
2000,Progressive Rock,uplifting,26,0,0.000000
2000,Psychedelia,aggressive,1,0,0.000000
2000,Psychedelia,angry,1,0,0.000000
2000,Psychedelia,anxious,1,0,0.000000
2000,Psychedelia,bittersweet,1,0,0.000000
2000,Psychedelia,calm,1,0,0.000000
2000,Psychedelia,dark,1,0,0.000000
2000,Psychedelia,depressive,1,0,0.000000
2000,Psychedelia,happy,1,0,0.000000
2000,Psychedelia,melancholic,1,0,0.000000
2000,Psychedelia,optimistic,1,0,0.000000
2000,Psychedelia,peaceful,1,0,0.000000
2000,Psychedelia,playful,1,0,0.000000
2000,Psychedelia,sad,1,0,0.000000
2000,Psychedelia,sombre,1,0,0.000000
2000,Psychedelia,uplifting,1,0,0.000000
2000,Psychedelic Folk,aggressive,10,0,0.000000
2000,Psychedelic Folk,angry,10,0,0.000000
2000,Psychedelic Folk,anxious,10,0,0.000000
2000,Psychedelic Folk,bittersweet,10,1,0.100000
2000,Psychedelic Folk,calm,10,2,0.200000
2000,Psychedelic Folk,dark,10,0,0.000000
2000,Psychedelic Folk,depressive,10,0,0.000000
2000,Psychedelic Folk,happy,10,0,0.000000
2000,Psychedelic Folk,melancholic,10,8,0.800000
2000,Psychedelic Folk,optimistic,10,0,0.000000
2000,Psychedelic Folk,peaceful,10,0,0.000000
2000,Psychedelic Folk,playful,10,1,0.100000
2000,Psychedelic Folk,sad,10,0,0.000000
2000,Psychedelic Folk,sombre,10,0,0.000000
2000,Psychedelic Folk,uplifting,10,0,0.000000
2000,Psychedelic Pop,aggressive,18,0,0.000000
2000,Psychedelic Pop,angry,18,0,0.000000
2000,Psychedelic Pop,anxious,18,4,0.222222
2000,Psychedelic Pop,bittersweet,18,5,0.277778
2000,Psychedelic Pop,calm,18,0,0.000000
2000,Psychedelic Pop,dark,18,0,0.000000
2000,Psychedelic Pop,depressive,18,0,0.000000
2000,Psychedelic Pop,happy,18,4,0.222222
2000,Psychedelic Pop,melancholic,18,3,0.166667
2000,Psychedelic Pop,optimistic,18,0,0.000000
2000,Psychedelic Pop,peaceful,18,0,0.000000
2000,Psychedelic Pop,playful,18,9,0.500000
2000,Psychedelic Pop,sad,18,0,0.000000
2000,Psychedelic Pop,sombre,18,0,0.000000
2000,Psychedelic Pop,uplifting,18,5,0.277778
2000,Psychedelic Rock,aggressive,4,0,0.000000
2000,Psychedelic Rock,angry,4,0,0.000000
2000,Psychedelic Rock,anxious,4,0,0.000000
2000,Psychedelic Rock,bittersweet,4,1,0.250000
2000,Psychedelic Rock,calm,4,0,0.000000
2000,Psychedelic Rock,dark,4,0,0.000000
2000,Psychedelic Rock,depressive,4,0,0.000000
2000,Psychedelic Rock,happy,4,0,0.000000
2000,Psychedelic Rock,melancholic,4,1,0.250000
2000,Psychedelic Rock,optimistic,4,0,0.000000
2000,Psychedelic Rock,peaceful,4,0,0.000000
2000,Psychedelic Rock,playful,4,0,0.000000
2000,Psychedelic Rock,sad,4,0,0.000000
2000,Psychedelic Rock,sombre,4,1,0.250000
2000,Psychedelic Rock,uplifting,4,1,0.250000
2000,Pub Rock,aggressive,1,0,0.000000
2000,Pub Rock,angry,1,0,0.000000
2000,Pub Rock,anxious,1,0,0.000000
2000,Pub Rock,bittersweet,1,1,1.000000
2000,Pub Rock,calm,1,0,0.000000
2000,Pub Rock,dark,1,0,0.000000
2000,Pub Rock,depressive,1,0,0.000000
2000,Pub Rock,happy,1,0,0.000000
2000,Pub Rock,melancholic,1,0,0.000000
2000,Pub Rock,optimistic,1,0,0.000000
2000,Pub Rock,peaceful,1,0,0.000000
2000,Pub Rock,playful,1,1,1.000000
2000,Pub Rock,sad,1,0,0.000000
2000,Pub Rock,sombre,1,0,0.000000
2000,Pub Rock,uplifting,1,0,0.000000
2000,Punk Blues,aggressive,1,0,0.000000
2000,Punk Blues,angry,1,0,0.000000
2000,Punk Blues,anxious,1,0,0.000000
2000,Punk Blues,bittersweet,1,0,0.000000
2000,Punk Blues,calm,1,0,0.000000
2000,Punk Blues,dark,1,0,0.000000
2000,Punk Blues,depressive,1,0,0.000000
2000,Punk Blues,happy,1,0,0.000000
2000,Punk Blues,melancholic,1,1,1.000000
2000,Punk Blues,optimistic,1,0,0.000000
2000,Punk Blues,peaceful,1,0,0.000000
2000,Punk Blues,playful,1,0,0.000000
2000,Punk Blues,sad,1,0,0.000000
2000,Punk Blues,sombre,1,0,0.000000
2000,Punk Blues,uplifting,1,0,0.000000
2000,Punk Rock,aggressive,5,1,0.200000
2000,Punk Rock,angry,5,3,0.600000
2000,Punk Rock,anxious,5,1,0.200000
2000,Punk Rock,bittersweet,5,1,0.200000
2000,Punk Rock,calm,5,0,0.000000
2000,Punk Rock,dark,5,0,0.000000
2000,Punk Rock,depressive,5,0,0.000000
2000,Punk Rock,happy,5,0,0.000000
2000,Punk Rock,melancholic,5,1,0.200000
2000,Punk Rock,optimistic,5,0,0.000000
2000,Punk Rock,peaceful,5,0,0.000000
2000,Punk Rock,playful,5,0,0.000000
2000,Punk Rock,sad,5,0,0.000000
2000,Punk Rock,sombre,5,0,0.000000
2000,Punk Rock,uplifting,5,0,0.000000
2000,Rap Metal,aggressive,2,2,1.000000
2000,Rap Metal,angry,2,2,1.000000
2000,Rap Metal,anxious,2,0,0.000000
2000,Rap Metal,bittersweet,2,0,0.000000
2000,Rap Metal,calm,2,0,0.000000
2000,Rap Metal,dark,2,0,0.000000
2000,Rap Metal,depressive,2,0,0.000000
2000,Rap Metal,happy,2,0,0.000000
2000,Rap Metal,melancholic,2,0,0.000000
2000,Rap Metal,optimistic,2,0,0.000000
2000,Rap Metal,peaceful,2,0,0.000000
2000,Rap Metal,playful,2,0,0.000000
2000,Rap Metal,sad,2,0,0.000000
2000,Rap Metal,sombre,2,0,0.000000
2000,Rap Metal,uplifting,2,0,0.000000
2000,Rap Rock,aggressive,6,4,0.666667
2000,Rap Rock,angry,6,6,1.000000
2000,Rap Rock,anxious,6,3,0.500000
2000,Rap Rock,bittersweet,6,0,0.000000
2000,Rap Rock,calm,6,0,0.000000
2000,Rap Rock,dark,6,1,0.166667
2000,Rap Rock,depressive,6,1,0.166667
2000,Rap Rock,happy,6,0,0.000000
2000,Rap Rock,melancholic,6,2,0.333333
2000,Rap Rock,optimistic,6,0,0.000000
2000,Rap Rock,peaceful,6,0,0.000000
2000,Rap Rock,playful,6,0,0.000000
2000,Rap Rock,sad,6,0,0.000000
2000,Rap Rock,sombre,6,0,0.000000
2000,Rap Rock,uplifting,6,0,0.000000
2000,Rhythm & Blues,aggressive,2,0,0.000000
2000,Rhythm & Blues,angry,2,0,0.000000
2000,Rhythm & Blues,anxious,2,0,0.000000
2000,Rhythm & Blues,bittersweet,2,1,0.500000
2000,Rhythm & Blues,calm,2,0,0.000000
2000,Rhythm & Blues,dark,2,0,0.000000
2000,Rhythm & Blues,depressive,2,0,0.000000
2000,Rhythm & Blues,happy,2,0,0.000000
2000,Rhythm & Blues,melancholic,2,0,0.000000
2000,Rhythm & Blues,optimistic,2,0,0.000000
2000,Rhythm & Blues,peaceful,2,0,0.000000
2000,Rhythm & Blues,playful,2,1,0.500000
2000,Rhythm & Blues,sad,2,0,0.000000
2000,Rhythm & Blues,sombre,2,0,0.000000
2000,Rhythm & Blues,uplifting,2,0,0.000000
2000,Ritual Ambient,aggressive,1,0,0.000000
2000,Ritual Ambient,angry,1,0,0.000000
2000,Ritual Ambient,anxious,1,0,0.000000
2000,Ritual Ambient,bittersweet,1,0,0.000000
2000,Ritual Ambient,calm,1,0,0.000000
2000,Ritual Ambient,dark,1,1,1.000000
2000,Ritual Ambient,depressive,1,0,0.000000
2000,Ritual Ambient,happy,1,0,0.000000
2000,Ritual Ambient,melancholic,1,0,0.000000
2000,Ritual Ambient,optimistic,1,0,0.000000
2000,Ritual Ambient,peaceful,1,0,0.000000
2000,Ritual Ambient,playful,1,0,0.000000
2000,Ritual Ambient,sad,1,0,0.000000
2000,Ritual Ambient,sombre,1,0,0.000000
2000,Ritual Ambient,uplifting,1,0,0.000000
2000,Rock,aggressive,1,0,0.000000
2000,Rock,angry,1,0,0.000000
2000,Rock,anxious,1,0,0.000000
2000,Rock,bittersweet,1,0,0.000000
2000,Rock,calm,1,0,0.000000
2000,Rock,dark,1,0,0.000000
2000,Rock,depressive,1,0,0.000000
2000,Rock,happy,1,0,0.000000
2000,Rock,melancholic,1,0,0.000000
2000,Rock,optimistic,1,0,0.000000
2000,Rock,peaceful,1,0,0.000000
2000,Rock,playful,1,1,1.000000
2000,Rock,sad,1,0,0.000000
2000,Rock,sombre,1,0,0.000000
2000,Rock,uplifting,1,0,0.000000
2000,Rock Opera,aggressive,3,0,0.000000
2000,Rock Opera,angry,3,0,0.000000
2000,Rock Opera,anxious,3,0,0.000000
2000,Rock Opera,bittersweet,3,0,0.000000
2000,Rock Opera,calm,3,0,0.000000
2000,Rock Opera,dark,3,2,0.666667
2000,Rock Opera,depressive,3,0,0.000000
2000,Rock Opera,happy,3,0,0.000000
2000,Rock Opera,melancholic,3,0,0.000000
2000,Rock Opera,optimistic,3,0,0.000000
2000,Rock Opera,peaceful,3,0,0.000000
2000,Rock Opera,playful,3,0,0.000000
2000,Rock Opera,sad,3,0,0.000000
2000,Rock Opera,sombre,3,1,0.333333
2000,Rock Opera,uplifting,3,0,0.000000
2000,Sasscore,aggressive,3,3,1.000000
2000,Sasscore,angry,3,0,0.000000
2000,Sasscore,anxious,3,2,0.666667
2000,Sasscore,bittersweet,3,0,0.000000
2000,Sasscore,calm,3,0,0.000000
2000,Sasscore,dark,3,0,0.000000
2000,Sasscore,depressive,3,0,0.000000
2000,Sasscore,happy,3,0,0.000000
2000,Sasscore,melancholic,3,0,0.000000
2000,Sasscore,optimistic,3,0,0.000000
2000,Sasscore,peaceful,3,0,0.000000
2000,Sasscore,playful,3,0,0.000000
2000,Sasscore,sad,3,0,0.000000
2000,Sasscore,sombre,3,0,0.000000
2000,Sasscore,uplifting,3,0,0.000000
2000,Screamo,aggressive,6,5,0.833333
2000,Screamo,angry,6,1,0.166667
2000,Screamo,anxious,6,5,0.833333
2000,Screamo,bittersweet,6,0,0.000000
2000,Screamo,calm,6,0,0.000000
2000,Screamo,dark,6,2,0.333333
2000,Screamo,depressive,6,0,0.000000
2000,Screamo,happy,6,0,0.000000
2000,Screamo,melancholic,6,1,0.166667
2000,Screamo,optimistic,6,0,0.000000
2000,Screamo,peaceful,6,0,0.000000
2000,Screamo,playful,6,0,0.000000
2000,Screamo,sad,6,0,0.000000
2000,Screamo,sombre,6,2,0.333333
2000,Screamo,uplifting,6,0,0.000000
2000,Shibuya-kei,aggressive,3,0,0.000000
2000,Shibuya-kei,angry,3,0,0.000000
2000,Shibuya-kei,anxious,3,0,0.000000
2000,Shibuya-kei,bittersweet,3,1,0.333333
2000,Shibuya-kei,calm,3,1,0.333333
2000,Shibuya-kei,dark,3,0,0.000000
2000,Shibuya-kei,depressive,3,0,0.000000
2000,Shibuya-kei,happy,3,1,0.333333
2000,Shibuya-kei,melancholic,3,0,0.000000
2000,Shibuya-kei,optimistic,3,1,0.333333
2000,Shibuya-kei,peaceful,3,0,0.000000
2000,Shibuya-kei,playful,3,2,0.666667
2000,Shibuya-kei,sad,3,0,0.000000
2000,Shibuya-kei,sombre,3,0,0.000000
2000,Shibuya-kei,uplifting,3,2,0.666667
2000,Shoegaze,aggressive,13,1,0.076923
2000,Shoegaze,angry,13,0,0.000000
2000,Shoegaze,anxious,13,0,0.000000
2000,Shoegaze,bittersweet,13,2,0.153846
2000,Shoegaze,calm,13,0,0.000000
2000,Shoegaze,dark,13,4,0.307692
2000,Shoegaze,depressive,13,3,0.230769
2000,Shoegaze,happy,13,1,0.076923
2000,Shoegaze,melancholic,13,6,0.461538
2000,Shoegaze,optimistic,13,0,0.000000
2000,Shoegaze,peaceful,13,0,0.000000
2000,Shoegaze,playful,13,2,0.153846
2000,Shoegaze,sad,13,0,0.000000
2000,Shoegaze,sombre,13,3,0.230769
2000,Shoegaze,uplifting,13,0,0.000000
2000,Singer-Songwriter,aggressive,75,0,0.000000
2000,Singer-Songwriter,angry,75,1,0.013333
2000,Singer-Songwriter,anxious,75,4,0.053333
2000,Singer-Songwriter,bittersweet,75,28,0.373333
2000,Singer-Songwriter,calm,75,6,0.080000
2000,Singer-Songwriter,dark,75,11,0.146667
2000,Singer-Songwriter,depressive,75,10,0.133333
2000,Singer-Songwriter,happy,75,2,0.026667
2000,Singer-Songwriter,melancholic,75,44,0.586667
2000,Singer-Songwriter,optimistic,75,4,0.053333
2000,Singer-Songwriter,peaceful,75,2,0.026667
2000,Singer-Songwriter,playful,75,7,0.093333
2000,Singer-Songwriter,sad,75,20,0.266667
2000,Singer-Songwriter,sombre,75,13,0.173333
2000,Singer-Songwriter,uplifting,75,4,0.053333
2000,Ska Punk,aggressive,1,0,0.000000
2000,Ska Punk,angry,1,0,0.000000
2000,Ska Punk,anxious,1,0,0.000000
2000,Ska Punk,bittersweet,1,1,1.000000
2000,Ska Punk,calm,1,0,0.000000
2000,Ska Punk,dark,1,0,0.000000
2000,Ska Punk,depressive,1,0,0.000000
2000,Ska Punk,happy,1,0,0.000000
2000,Ska Punk,melancholic,1,0,0.000000
2000,Ska Punk,optimistic,1,0,0.000000
2000,Ska Punk,peaceful,1,0,0.000000
2000,Ska Punk,playful,1,1,1.000000
2000,Ska Punk,sad,1,0,0.000000
2000,Ska Punk,sombre,1,0,0.000000
2000,Ska Punk,uplifting,1,1,1.000000
2000,Skate Punk,aggressive,4,1,0.250000
2000,Skate Punk,angry,4,2,0.500000
2000,Skate Punk,anxious,4,0,0.000000
2000,Skate Punk,bittersweet,4,1,0.250000
2000,Skate Punk,calm,4,0,0.000000
2000,Skate Punk,dark,4,1,0.250000
2000,Skate Punk,depressive,4,0,0.000000
2000,Skate Punk,happy,4,0,0.000000
2000,Skate Punk,melancholic,4,0,0.000000
2000,Skate Punk,optimistic,4,0,0.000000
2000,Skate Punk,peaceful,4,0,0.000000
2000,Skate Punk,playful,4,1,0.250000
2000,Skate Punk,sad,4,0,0.000000
2000,Skate Punk,sombre,4,0,0.000000
2000,Skate Punk,uplifting,4,0,0.000000
2000,Slowcore,aggressive,9,0,0.000000
2000,Slowcore,angry,9,0,0.000000
2000,Slowcore,anxious,9,1,0.111111
2000,Slowcore,bittersweet,9,1,0.111111
2000,Slowcore,calm,9,2,0.222222
2000,Slowcore,dark,9,5,0.555556
2000,Slowcore,depressive,9,5,0.555556
2000,Slowcore,happy,9,0,0.000000
2000,Slowcore,melancholic,9,8,0.888889
2000,Slowcore,optimistic,9,0,0.000000
2000,Slowcore,peaceful,9,0,0.000000
2000,Slowcore,playful,9,0,0.000000
2000,Slowcore,sad,9,7,0.777778
2000,Slowcore,sombre,9,6,0.666667
2000,Slowcore,uplifting,9,0,0.000000
2000,Sludge Metal,aggressive,10,9,0.900000
2000,Sludge Metal,angry,10,3,0.300000
2000,Sludge Metal,anxious,10,0,0.000000
2000,Sludge Metal,bittersweet,10,0,0.000000
2000,Sludge Metal,calm,10,0,0.000000
2000,Sludge Metal,dark,10,3,0.300000
2000,Sludge Metal,depressive,10,0,0.000000
2000,Sludge Metal,happy,10,0,0.000000
2000,Sludge Metal,melancholic,10,0,0.000000
2000,Sludge Metal,optimistic,10,0,0.000000
2000,Sludge Metal,peaceful,10,0,0.000000
2000,Sludge Metal,playful,10,0,0.000000
2000,Sludge Metal,sad,10,0,0.000000
2000,Sludge Metal,sombre,10,0,0.000000
2000,Sludge Metal,uplifting,10,0,0.000000
2000,Soft Rock,aggressive,1,0,0.000000
2000,Soft Rock,angry,1,0,0.000000
2000,Soft Rock,anxious,1,0,0.000000
2000,Soft Rock,bittersweet,1,1,1.000000
2000,Soft Rock,calm,1,0,0.000000
2000,Soft Rock,dark,1,0,0.000000
2000,Soft Rock,depressive,1,0,0.000000
2000,Soft Rock,happy,1,0,0.000000
2000,Soft Rock,melancholic,1,1,1.000000
2000,Soft Rock,optimistic,1,0,0.000000
2000,Soft Rock,peaceful,1,0,0.000000
2000,Soft Rock,playful,1,0,0.000000
2000,Soft Rock,sad,1,0,0.000000
2000,Soft Rock,sombre,1,0,0.000000
2000,Soft Rock,uplifting,1,0,0.000000
2000,Soul,aggressive,2,0,0.000000
2000,Soul,angry,2,0,0.000000
2000,Soul,anxious,2,0,0.000000
2000,Soul,bittersweet,2,1,0.500000
2000,Soul,calm,2,0,0.000000
2000,Soul,dark,2,0,0.000000
2000,Soul,depressive,2,0,0.000000
2000,Soul,happy,2,0,0.000000
2000,Soul,melancholic,2,0,0.000000
2000,Soul,optimistic,2,0,0.000000
2000,Soul,peaceful,2,0,0.000000
2000,Soul,playful,2,1,0.500000
2000,Soul,sad,2,0,0.000000
2000,Soul,sombre,2,0,0.000000
2000,Soul,uplifting,2,0,0.000000
2000,Soul Jazz,aggressive,1,0,0.000000
2000,Soul Jazz,angry,1,0,0.000000
2000,Soul Jazz,anxious,1,0,0.000000
2000,Soul Jazz,bittersweet,1,0,0.000000
2000,Soul Jazz,calm,1,0,0.000000
2000,Soul Jazz,dark,1,0,0.000000
2000,Soul Jazz,depressive,1,0,0.000000
2000,Soul Jazz,happy,1,0,0.000000
2000,Soul Jazz,melancholic,1,0,0.000000
2000,Soul Jazz,optimistic,1,0,0.000000
2000,Soul Jazz,peaceful,1,0,0.000000
2000,Soul Jazz,playful,1,1,1.000000
2000,Soul Jazz,sad,1,0,0.000000
2000,Soul Jazz,sombre,1,0,0.000000
2000,Soul Jazz,uplifting,1,0,0.000000
2000,Sound Collage,aggressive,1,0,0.000000
2000,Sound Collage,angry,1,0,0.000000
2000,Sound Collage,anxious,1,0,0.000000
2000,Sound Collage,bittersweet,1,0,0.000000
2000,Sound Collage,calm,1,0,0.000000
2000,Sound Collage,dark,1,0,0.000000
2000,Sound Collage,depressive,1,0,0.000000
2000,Sound Collage,happy,1,1,1.000000
2000,Sound Collage,melancholic,1,0,0.000000
2000,Sound Collage,optimistic,1,0,0.000000
2000,Sound Collage,peaceful,1,1,1.000000
2000,Sound Collage,playful,1,1,1.000000
2000,Sound Collage,sad,1,0,0.000000
2000,Sound Collage,sombre,1,0,0.000000
2000,Sound Collage,uplifting,1,1,1.000000
2000,Southern Hip Hop,aggressive,9,0,0.000000
2000,Southern Hip Hop,angry,9,0,0.000000
2000,Southern Hip Hop,anxious,9,0,0.000000
2000,Southern Hip Hop,bittersweet,9,0,0.000000
2000,Southern Hip Hop,calm,9,0,0.000000
2000,Southern Hip Hop,dark,9,0,0.000000
2000,Southern Hip Hop,depressive,9,0,0.000000
2000,Southern Hip Hop,happy,9,0,0.000000
2000,Southern Hip Hop,melancholic,9,1,0.111111
2000,Southern Hip Hop,optimistic,9,0,0.000000
2000,Southern Hip Hop,peaceful,9,0,0.000000
2000,Southern Hip Hop,playful,9,4,0.444444
2000,Southern Hip Hop,sad,9,0,0.000000
2000,Southern Hip Hop,sombre,9,0,0.000000
2000,Southern Hip Hop,uplifting,9,0,0.000000
2000,Southern Rock,aggressive,3,0,0.000000
2000,Southern Rock,angry,3,0,0.000000
2000,Southern Rock,anxious,3,0,0.000000
2000,Southern Rock,bittersweet,3,2,0.666667
2000,Southern Rock,calm,3,0,0.000000
2000,Southern Rock,dark,3,0,0.000000
2000,Southern Rock,depressive,3,0,0.000000
2000,Southern Rock,happy,3,0,0.000000
2000,Southern Rock,melancholic,3,1,0.333333
2000,Southern Rock,optimistic,3,0,0.000000
2000,Southern Rock,peaceful,3,0,0.000000
2000,Southern Rock,playful,3,2,0.666667
2000,Southern Rock,sad,3,0,0.000000
2000,Southern Rock,sombre,3,0,0.000000
2000,Southern Rock,uplifting,3,0,0.000000
2000,Stoner Metal,aggressive,10,5,0.500000
2000,Stoner Metal,angry,10,2,0.200000
2000,Stoner Metal,anxious,10,0,0.000000
2000,Stoner Metal,bittersweet,10,0,0.000000
2000,Stoner Metal,calm,10,0,0.000000
2000,Stoner Metal,dark,10,3,0.300000
2000,Stoner Metal,depressive,10,0,0.000000
2000,Stoner Metal,happy,10,0,0.000000
2000,Stoner Metal,melancholic,10,0,0.000000
2000,Stoner Metal,optimistic,10,0,0.000000
2000,Stoner Metal,peaceful,10,0,0.000000
2000,Stoner Metal,playful,10,0,0.000000
2000,Stoner Metal,sad,10,0,0.000000
2000,Stoner Metal,sombre,10,1,0.100000
2000,Stoner Metal,uplifting,10,0,0.000000
2000,Stoner Rock,aggressive,6,1,0.166667
2000,Stoner Rock,angry,6,0,0.000000
2000,Stoner Rock,anxious,6,0,0.000000
2000,Stoner Rock,bittersweet,6,0,0.000000
2000,Stoner Rock,calm,6,0,0.000000
2000,Stoner Rock,dark,6,1,0.166667
2000,Stoner Rock,depressive,6,0,0.000000
2000,Stoner Rock,happy,6,0,0.000000
2000,Stoner Rock,melancholic,6,0,0.000000
2000,Stoner Rock,optimistic,6,0,0.000000
2000,Stoner Rock,peaceful,6,0,0.000000
2000,Stoner Rock,playful,6,0,0.000000
2000,Stoner Rock,sad,6,0,0.000000
2000,Stoner Rock,sombre,6,1,0.166667
2000,Stoner Rock,uplifting,6,0,0.000000
2000,Symphonic Black Metal,aggressive,4,0,0.000000
2000,Symphonic Black Metal,angry,4,0,0.000000
2000,Symphonic Black Metal,anxious,4,0,0.000000
2000,Symphonic Black Metal,bittersweet,4,0,0.000000
2000,Symphonic Black Metal,calm,4,0,0.000000
2000,Symphonic Black Metal,dark,4,2,0.500000
2000,Symphonic Black Metal,depressive,4,0,0.000000
2000,Symphonic Black Metal,happy,4,0,0.000000
2000,Symphonic Black Metal,melancholic,4,0,0.000000
2000,Symphonic Black Metal,optimistic,4,0,0.000000
2000,Symphonic Black Metal,peaceful,4,0,0.000000
2000,Symphonic Black Metal,playful,4,0,0.000000
2000,Symphonic Black Metal,sad,4,0,0.000000
2000,Symphonic Black Metal,sombre,4,1,0.250000
2000,Symphonic Black Metal,uplifting,4,0,0.000000
2000,Symphonic Metal,aggressive,6,0,0.000000
2000,Symphonic Metal,angry,6,0,0.000000
2000,Symphonic Metal,anxious,6,0,0.000000
2000,Symphonic Metal,bittersweet,6,0,0.000000
2000,Symphonic Metal,calm,6,0,0.000000
2000,Symphonic Metal,dark,6,1,0.166667
2000,Symphonic Metal,depressive,6,0,0.000000
2000,Symphonic Metal,happy,6,0,0.000000
2000,Symphonic Metal,melancholic,6,3,0.500000
2000,Symphonic Metal,optimistic,6,0,0.000000
2000,Symphonic Metal,peaceful,6,0,0.000000
2000,Symphonic Metal,playful,6,0,0.000000
2000,Symphonic Metal,sad,6,0,0.000000
2000,Symphonic Metal,sombre,6,0,0.000000
2000,Symphonic Metal,uplifting,6,0,0.000000
2000,Symphonic Rock,aggressive,1,0,0.000000
2000,Symphonic Rock,angry,1,0,0.000000
2000,Symphonic Rock,anxious,1,0,0.000000
2000,Symphonic Rock,bittersweet,1,0,0.000000
2000,Symphonic Rock,calm,1,0,0.000000
2000,Symphonic Rock,dark,1,0,0.000000
2000,Symphonic Rock,depressive,1,0,0.000000
2000,Symphonic Rock,happy,1,0,0.000000
2000,Symphonic Rock,melancholic,1,0,0.000000
2000,Symphonic Rock,optimistic,1,0,0.000000
2000,Symphonic Rock,peaceful,1,0,0.000000
2000,Symphonic Rock,playful,1,0,0.000000
2000,Symphonic Rock,sad,1,0,0.000000
2000,Symphonic Rock,sombre,1,0,0.000000
2000,Symphonic Rock,uplifting,1,0,0.000000
2000,Synth Punk,aggressive,1,0,0.000000
2000,Synth Punk,angry,1,0,0.000000
2000,Synth Punk,anxious,1,1,1.000000
2000,Synth Punk,bittersweet,1,0,0.000000
2000,Synth Punk,calm,1,0,0.000000
2000,Synth Punk,dark,1,0,0.000000
2000,Synth Punk,depressive,1,1,1.000000
2000,Synth Punk,happy,1,0,0.000000
2000,Synth Punk,melancholic,1,0,0.000000
2000,Synth Punk,optimistic,1,0,0.000000
2000,Synth Punk,peaceful,1,0,0.000000
2000,Synth Punk,playful,1,0,0.000000
2000,Synth Punk,sad,1,1,1.000000
2000,Synth Punk,sombre,1,0,0.000000
2000,Synth Punk,uplifting,1,0,0.000000
2000,Synthpop,aggressive,17,0,0.000000
2000,Synthpop,angry,17,0,0.000000
2000,Synthpop,anxious,17,2,0.117647
2000,Synthpop,bittersweet,17,1,0.058824
2000,Synthpop,calm,17,0,0.000000
2000,Synthpop,dark,17,6,0.352941
2000,Synthpop,depressive,17,1,0.058824
2000,Synthpop,happy,17,1,0.058824
2000,Synthpop,melancholic,17,8,0.470588
2000,Synthpop,optimistic,17,0,0.000000
2000,Synthpop,peaceful,17,0,0.000000
2000,Synthpop,playful,17,5,0.294118
2000,Synthpop,sad,17,1,0.058824
2000,Synthpop,sombre,17,5,0.294118
2000,Synthpop,uplifting,17,1,0.058824
2000,Tape Music,aggressive,4,0,0.000000
2000,Tape Music,angry,4,0,0.000000
2000,Tape Music,anxious,4,0,0.000000
2000,Tape Music,bittersweet,4,0,0.000000
2000,Tape Music,calm,4,2,0.500000
2000,Tape Music,dark,4,0,0.000000
2000,Tape Music,depressive,4,0,0.000000
2000,Tape Music,happy,4,0,0.000000
2000,Tape Music,melancholic,4,1,0.250000
2000,Tape Music,optimistic,4,0,0.000000
2000,Tape Music,peaceful,4,0,0.000000
2000,Tape Music,playful,4,0,0.000000
2000,Tape Music,sad,4,0,0.000000
2000,Tape Music,sombre,4,4,1.000000
2000,Tape Music,uplifting,4,0,0.000000
2000,Tech House,aggressive,1,0,0.000000
2000,Tech House,angry,1,0,0.000000
2000,Tech House,anxious,1,0,0.000000
2000,Tech House,bittersweet,1,0,0.000000
2000,Tech House,calm,1,0,0.000000
2000,Tech House,dark,1,0,0.000000
2000,Tech House,depressive,1,0,0.000000
2000,Tech House,happy,1,0,0.000000
2000,Tech House,melancholic,1,0,0.000000
2000,Tech House,optimistic,1,0,0.000000
2000,Tech House,peaceful,1,0,0.000000
2000,Tech House,playful,1,0,0.000000
2000,Tech House,sad,1,0,0.000000
2000,Tech House,sombre,1,0,0.000000
2000,Tech House,uplifting,1,0,0.000000
2000,Technical Death Metal,aggressive,5,3,0.600000
2000,Technical Death Metal,angry,5,0,0.000000
2000,Technical Death Metal,anxious,5,0,0.000000
2000,Technical Death Metal,bittersweet,5,0,0.000000
2000,Technical Death Metal,calm,5,0,0.000000
2000,Technical Death Metal,dark,5,0,0.000000
2000,Technical Death Metal,depressive,5,0,0.000000
2000,Technical Death Metal,happy,5,0,0.000000
2000,Technical Death Metal,melancholic,5,0,0.000000
2000,Technical Death Metal,optimistic,5,0,0.000000
2000,Technical Death Metal,peaceful,5,0,0.000000
2000,Technical Death Metal,playful,5,0,0.000000
2000,Technical Death Metal,sad,5,0,0.000000
2000,Technical Death Metal,sombre,5,1,0.200000
2000,Technical Death Metal,uplifting,5,0,0.000000
2000,Technical Thrash Metal,aggressive,1,1,1.000000
2000,Technical Thrash Metal,angry,1,0,0.000000
2000,Technical Thrash Metal,anxious,1,0,0.000000
2000,Technical Thrash Metal,bittersweet,1,0,0.000000
2000,Technical Thrash Metal,calm,1,0,0.000000
2000,Technical Thrash Metal,dark,1,0,0.000000
2000,Technical Thrash Metal,depressive,1,0,0.000000
2000,Technical Thrash Metal,happy,1,0,0.000000
2000,Technical Thrash Metal,melancholic,1,0,0.000000
2000,Technical Thrash Metal,optimistic,1,0,0.000000
2000,Technical Thrash Metal,peaceful,1,0,0.000000
2000,Technical Thrash Metal,playful,1,0,0.000000
2000,Technical Thrash Metal,sad,1,0,0.000000
2000,Technical Thrash Metal,sombre,1,0,0.000000
2000,Technical Thrash Metal,uplifting,1,0,0.000000
2000,Techno,aggressive,1,0,0.000000
2000,Techno,angry,1,0,0.000000
2000,Techno,anxious,1,0,0.000000
2000,Techno,bittersweet,1,0,0.000000
2000,Techno,calm,1,0,0.000000
2000,Techno,dark,1,0,0.000000
2000,Techno,depressive,1,0,0.000000
2000,Techno,happy,1,0,0.000000
2000,Techno,melancholic,1,0,0.000000
2000,Techno,optimistic,1,0,0.000000
2000,Techno,peaceful,1,0,0.000000
2000,Techno,playful,1,0,0.000000
2000,Techno,sad,1,0,0.000000
2000,Techno,sombre,1,0,0.000000
2000,Techno,uplifting,1,0,0.000000
2000,Teen Pop,aggressive,1,0,0.000000
2000,Teen Pop,angry,1,0,0.000000
2000,Teen Pop,anxious,1,0,0.000000
2000,Teen Pop,bittersweet,1,0,0.000000
2000,Teen Pop,calm,1,0,0.000000
2000,Teen Pop,dark,1,0,0.000000
2000,Teen Pop,depressive,1,0,0.000000
2000,Teen Pop,happy,1,0,0.000000
2000,Teen Pop,melancholic,1,0,0.000000
2000,Teen Pop,optimistic,1,0,0.000000
2000,Teen Pop,peaceful,1,0,0.000000
2000,Teen Pop,playful,1,0,0.000000
2000,Teen Pop,sad,1,0,0.000000
2000,Teen Pop,sombre,1,0,0.000000
2000,Teen Pop,uplifting,1,1,1.000000
2000,Television Music,aggressive,1,0,0.000000
2000,Television Music,angry,1,0,0.000000
2000,Television Music,anxious,1,0,0.000000
2000,Television Music,bittersweet,1,0,0.000000
2000,Television Music,calm,1,0,0.000000
2000,Television Music,dark,1,0,0.000000
2000,Television Music,depressive,1,0,0.000000
2000,Television Music,happy,1,0,0.000000
2000,Television Music,melancholic,1,0,0.000000
2000,Television Music,optimistic,1,0,0.000000
2000,Television Music,peaceful,1,0,0.000000
2000,Television Music,playful,1,0,0.000000
2000,Television Music,sad,1,0,0.000000
2000,Television Music,sombre,1,0,0.000000
2000,Television Music,uplifting,1,0,0.000000
2000,Third Wave Ska,aggressive,1,0,0.000000
2000,Third Wave Ska,angry,1,0,0.000000
2000,Third Wave Ska,anxious,1,0,0.000000
2000,Third Wave Ska,bittersweet,1,1,1.000000
2000,Third Wave Ska,calm,1,0,0.000000
2000,Third Wave Ska,dark,1,0,0.000000
2000,Third Wave Ska,depressive,1,0,0.000000
2000,Third Wave Ska,happy,1,0,0.000000
2000,Third Wave Ska,melancholic,1,0,0.000000
2000,Third Wave Ska,optimistic,1,0,0.000000
2000,Third Wave Ska,peaceful,1,0,0.000000
2000,Third Wave Ska,playful,1,1,1.000000
2000,Third Wave Ska,sad,1,0,0.000000
2000,Third Wave Ska,sombre,1,0,0.000000
2000,Third Wave Ska,uplifting,1,1,1.000000
2000,Thrash Metal,aggressive,8,8,1.000000
2000,Thrash Metal,angry,8,7,0.875000
2000,Thrash Metal,anxious,8,0,0.000000
2000,Thrash Metal,bittersweet,8,0,0.000000
2000,Thrash Metal,calm,8,0,0.000000
2000,Thrash Metal,dark,8,2,0.250000
2000,Thrash Metal,depressive,8,0,0.000000
2000,Thrash Metal,happy,8,0,0.000000
2000,Thrash Metal,melancholic,8,1,0.125000
2000,Thrash Metal,optimistic,8,0,0.000000
2000,Thrash Metal,peaceful,8,0,0.000000
2000,Thrash Metal,playful,8,0,0.000000
2000,Thrash Metal,sad,8,0,0.000000
2000,Thrash Metal,sombre,8,0,0.000000
2000,Thrash Metal,uplifting,8,0,0.000000
2000,Trip Hop,aggressive,4,0,0.000000
2000,Trip Hop,angry,4,0,0.000000
2000,Trip Hop,anxious,4,0,0.000000
2000,Trip Hop,bittersweet,4,0,0.000000
2000,Trip Hop,calm,4,0,0.000000
2000,Trip Hop,dark,4,1,0.250000
2000,Trip Hop,depressive,4,0,0.000000
2000,Trip Hop,happy,4,0,0.000000
2000,Trip Hop,melancholic,4,1,0.250000
2000,Trip Hop,optimistic,4,0,0.000000
2000,Trip Hop,peaceful,4,0,0.000000
2000,Trip Hop,playful,4,1,0.250000
2000,Trip Hop,sad,4,0,0.000000
2000,Trip Hop,sombre,4,1,0.250000
2000,Trip Hop,uplifting,4,0,0.000000
2000,Twee Pop,aggressive,5,0,0.000000
2000,Twee Pop,angry,5,0,0.000000
2000,Twee Pop,anxious,5,0,0.000000
2000,Twee Pop,bittersweet,5,4,0.800000
2000,Twee Pop,calm,5,0,0.000000
2000,Twee Pop,dark,5,0,0.000000
2000,Twee Pop,depressive,5,0,0.000000
2000,Twee Pop,happy,5,1,0.200000
2000,Twee Pop,melancholic,5,0,0.000000
2000,Twee Pop,optimistic,5,1,0.200000
2000,Twee Pop,peaceful,5,0,0.000000
2000,Twee Pop,playful,5,3,0.600000
2000,Twee Pop,sad,5,0,0.000000
2000,Twee Pop,sombre,5,0,0.000000
2000,Twee Pop,uplifting,5,1,0.200000
2000,UKGarage,aggressive,1,0,0.000000
2000,UKGarage,angry,1,0,0.000000
2000,UKGarage,anxious,1,0,0.000000
2000,UKGarage,bittersweet,1,1,1.000000
2000,UKGarage,calm,1,0,0.000000
2000,UKGarage,dark,1,0,0.000000
2000,UKGarage,depressive,1,0,0.000000
2000,UKGarage,happy,1,0,0.000000
2000,UKGarage,melancholic,1,1,1.000000
2000,UKGarage,optimistic,1,0,0.000000
2000,UKGarage,peaceful,1,0,0.000000
2000,UKGarage,playful,1,1,1.000000
2000,UKGarage,sad,1,0,0.000000
2000,UKGarage,sombre,1,0,0.000000
2000,UKGarage,uplifting,1,0,0.000000
2000,UKHip Hop,aggressive,4,2,0.500000
2000,UKHip Hop,angry,4,0,0.000000
2000,UKHip Hop,anxious,4,0,0.000000
2000,UKHip Hop,bittersweet,4,1,0.250000
2000,UKHip Hop,calm,4,0,0.000000
2000,UKHip Hop,dark,4,0,0.000000
2000,UKHip Hop,depressive,4,0,0.000000
2000,UKHip Hop,happy,4,0,0.000000
2000,UKHip Hop,melancholic,4,1,0.250000
2000,UKHip Hop,optimistic,4,0,0.000000
2000,UKHip Hop,peaceful,4,0,0.000000
2000,UKHip Hop,playful,4,3,0.750000
2000,UKHip Hop,sad,4,0,0.000000
2000,UKHip Hop,sombre,4,0,0.000000
2000,UKHip Hop,uplifting,4,0,0.000000
2000,Video Game Music,aggressive,2,0,0.000000
2000,Video Game Music,angry,2,0,0.000000
2000,Video Game Music,anxious,2,0,0.000000
2000,Video Game Music,bittersweet,2,0,0.000000
2000,Video Game Music,calm,2,0,0.000000
2000,Video Game Music,dark,2,1,0.500000
2000,Video Game Music,depressive,2,0,0.000000
2000,Video Game Music,happy,2,1,0.500000
2000,Video Game Music,melancholic,2,1,0.500000
2000,Video Game Music,optimistic,2,0,0.000000
2000,Video Game Music,peaceful,2,0,0.000000
2000,Video Game Music,playful,2,1,0.500000
2000,Video Game Music,sad,2,0,0.000000
2000,Video Game Music,sombre,2,1,0.500000
2000,Video Game Music,uplifting,2,1,0.500000
2000,Viking Metal,aggressive,1,0,0.000000
2000,Viking Metal,angry,1,0,0.000000
2000,Viking Metal,anxious,1,0,0.000000
2000,Viking Metal,bittersweet,1,0,0.000000
2000,Viking Metal,calm,1,0,0.000000
2000,Viking Metal,dark,1,0,0.000000
2000,Viking Metal,depressive,1,0,0.000000
2000,Viking Metal,happy,1,0,0.000000
2000,Viking Metal,melancholic,1,0,0.000000
2000,Viking Metal,optimistic,1,0,0.000000
2000,Viking Metal,peaceful,1,0,0.000000
2000,Viking Metal,playful,1,0,0.000000
2000,Viking Metal,sad,1,0,0.000000
2000,Viking Metal,sombre,1,0,0.000000
2000,Viking Metal,uplifting,1,0,0.000000
2000,Vocal Jazz,aggressive,2,0,0.000000
2000,Vocal Jazz,angry,2,0,0.000000
2000,Vocal Jazz,anxious,2,0,0.000000
2000,Vocal Jazz,bittersweet,2,1,0.500000
2000,Vocal Jazz,calm,2,1,0.500000
2000,Vocal Jazz,dark,2,1,0.500000
2000,Vocal Jazz,depressive,2,0,0.000000
2000,Vocal Jazz,happy,2,0,0.000000
2000,Vocal Jazz,melancholic,2,1,0.500000
2000,Vocal Jazz,optimistic,2,0,0.000000
2000,Vocal Jazz,peaceful,2,0,0.000000
2000,Vocal Jazz,playful,2,0,0.000000
2000,Vocal Jazz,sad,2,1,0.500000
2000,Vocal Jazz,sombre,2,1,0.500000
2000,Vocal Jazz,uplifting,2,0,0.000000
2000,West Coast Hip Hop,aggressive,8,0,0.000000
2000,West Coast Hip Hop,angry,8,0,0.000000
2000,West Coast Hip Hop,anxious,8,0,0.000000
2000,West Coast Hip Hop,bittersweet,8,0,0.000000
2000,West Coast Hip Hop,calm,8,1,0.125000
2000,West Coast Hip Hop,dark,8,1,0.125000
2000,West Coast Hip Hop,depressive,8,0,0.000000
2000,West Coast Hip Hop,happy,8,0,0.000000
2000,West Coast Hip Hop,melancholic,8,0,0.000000
2000,West Coast Hip Hop,optimistic,8,1,0.125000
2000,West Coast Hip Hop,peaceful,8,0,0.000000
2000,West Coast Hip Hop,playful,8,3,0.375000
2000,West Coast Hip Hop,sad,8,0,0.000000
2000,West Coast Hip Hop,sombre,8,0,0.000000
2000,West Coast Hip Hop,uplifting,8,2,0.250000
2000,Wonky,aggressive,2,0,0.000000
2000,Wonky,angry,2,0,0.000000
2000,Wonky,anxious,2,0,0.000000
2000,Wonky,bittersweet,2,0,0.000000
2000,Wonky,calm,2,0,0.000000
2000,Wonky,dark,2,0,0.000000
2000,Wonky,depressive,2,0,0.000000
2000,Wonky,happy,2,0,0.000000
2000,Wonky,melancholic,2,0,0.000000
2000,Wonky,optimistic,2,0,0.000000
2000,Wonky,peaceful,2,0,0.000000
2000,Wonky,playful,2,1,0.500000
2000,Wonky,sad,2,0,0.000000
2000,Wonky,sombre,2,0,0.000000
2000,Wonky,uplifting,2,0,0.000000
2010,Abstract Hip Hop,aggressive,36,6,0.166667
2010,Abstract Hip Hop,angry,36,3,0.083333
2010,Abstract Hip Hop,anxious,36,7,0.194444
2010,Abstract Hip Hop,bittersweet,36,0,0.000000
2010,Abstract Hip Hop,calm,36,1,0.027778
2010,Abstract Hip Hop,dark,36,10,0.277778
2010,Abstract Hip Hop,depressive,36,5,0.138889
2010,Abstract Hip Hop,happy,36,0,0.000000
2010,Abstract Hip Hop,melancholic,36,2,0.055556
2010,Abstract Hip Hop,optimistic,36,0,0.000000
2010,Abstract Hip Hop,peaceful,36,0,0.000000
2010,Abstract Hip Hop,playful,36,2,0.055556
2010,Abstract Hip Hop,sad,36,0,0.000000
2010,Abstract Hip Hop,sombre,36,3,0.083333
2010,Abstract Hip Hop,uplifting,36,1,0.027778
2010,Acid House,aggressive,1,0,0.000000
2010,Acid House,angry,1,0,0.000000
2010,Acid House,anxious,1,0,0.000000
2010,Acid House,bittersweet,1,0,0.000000
2010,Acid House,calm,1,0,0.000000
2010,Acid House,dark,1,0,0.000000
2010,Acid House,depressive,1,0,0.000000
2010,Acid House,happy,1,0,0.000000
2010,Acid House,melancholic,1,0,0.000000
2010,Acid House,optimistic,1,0,0.000000
2010,Acid House,peaceful,1,0,0.000000
2010,Acid House,playful,1,0,0.000000
2010,Acid House,sad,1,0,0.000000
2010,Acid House,sombre,1,0,0.000000
2010,Acid House,uplifting,1,1,1.000000
2010,Acid Jazz,aggressive,1,0,0.000000
2010,Acid Jazz,angry,1,0,0.000000
2010,Acid Jazz,anxious,1,0,0.000000
2010,Acid Jazz,bittersweet,1,1,1.000000
2010,Acid Jazz,calm,1,0,0.000000
2010,Acid Jazz,dark,1,0,0.000000
2010,Acid Jazz,depressive,1,0,0.000000
2010,Acid Jazz,happy,1,0,0.000000
2010,Acid Jazz,melancholic,1,0,0.000000
2010,Acid Jazz,optimistic,1,0,0.000000
2010,Acid Jazz,peaceful,1,0,0.000000
2010,Acid Jazz,playful,1,0,0.000000
2010,Acid Jazz,sad,1,0,0.000000
2010,Acid Jazz,sombre,1,0,0.000000
2010,Acid Jazz,uplifting,1,1,1.000000
2010,Acid Rock,aggressive,1,0,0.000000
2010,Acid Rock,angry,1,0,0.000000
2010,Acid Rock,anxious,1,0,0.000000
2010,Acid Rock,bittersweet,1,0,0.000000
2010,Acid Rock,calm,1,0,0.000000
2010,Acid Rock,dark,1,0,0.000000
2010,Acid Rock,depressive,1,0,0.000000
2010,Acid Rock,happy,1,0,0.000000
2010,Acid Rock,melancholic,1,0,0.000000
2010,Acid Rock,optimistic,1,0,0.000000
2010,Acid Rock,peaceful,1,0,0.000000
2010,Acid Rock,playful,1,1,1.000000
2010,Acid Rock,sad,1,0,0.000000
2010,Acid Rock,sombre,1,0,0.000000
2010,Acid Rock,uplifting,1,0,0.000000
2010,Adult Contemporary,aggressive,2,0,0.000000
2010,Adult Contemporary,angry,2,0,0.000000
2010,Adult Contemporary,anxious,2,0,0.000000
2010,Adult Contemporary,bittersweet,2,2,1.000000
2010,Adult Contemporary,calm,2,0,0.000000
2010,Adult Contemporary,dark,2,0,0.000000
2010,Adult Contemporary,depressive,2,0,0.000000
2010,Adult Contemporary,happy,2,0,0.000000
2010,Adult Contemporary,melancholic,2,2,1.000000
2010,Adult Contemporary,optimistic,2,0,0.000000
2010,Adult Contemporary,peaceful,2,0,0.000000
2010,Adult Contemporary,playful,2,0,0.000000
2010,Adult Contemporary,sad,2,2,1.000000
2010,Adult Contemporary,sombre,2,0,0.000000
2010,Adult Contemporary,uplifting,2,0,0.000000
2010,Afro-Jazz,aggressive,1,0,0.000000
2010,Afro-Jazz,angry,1,0,0.000000
2010,Afro-Jazz,anxious,1,0,0.000000
2010,Afro-Jazz,bittersweet,1,0,0.000000
2010,Afro-Jazz,calm,1,0,0.000000
2010,Afro-Jazz,dark,1,0,0.000000
2010,Afro-Jazz,depressive,1,0,0.000000
2010,Afro-Jazz,happy,1,0,0.000000
2010,Afro-Jazz,melancholic,1,0,0.000000
2010,Afro-Jazz,optimistic,1,0,0.000000
2010,Afro-Jazz,peaceful,1,0,0.000000
2010,Afro-Jazz,playful,1,0,0.000000
2010,Afro-Jazz,sad,1,0,0.000000
2010,Afro-Jazz,sombre,1,0,0.000000
2010,Afro-Jazz,uplifting,1,0,0.000000
2010,Alt-Country,aggressive,3,0,0.000000
2010,Alt-Country,angry,3,0,0.000000
2010,Alt-Country,anxious,3,0,0.000000
2010,Alt-Country,bittersweet,3,2,0.666667
2010,Alt-Country,calm,3,0,0.000000
2010,Alt-Country,dark,3,0,0.000000
2010,Alt-Country,depressive,3,1,0.333333
2010,Alt-Country,happy,3,0,0.000000
2010,Alt-Country,melancholic,3,2,0.666667
2010,Alt-Country,optimistic,3,0,0.000000
2010,Alt-Country,peaceful,3,0,0.000000
2010,Alt-Country,playful,3,0,0.000000
2010,Alt-Country,sad,3,1,0.333333
2010,Alt-Country,sombre,3,0,0.000000
2010,Alt-Country,uplifting,3,0,0.000000
2010,Alt-Pop,aggressive,24,0,0.000000
2010,Alt-Pop,angry,24,1,0.041667
2010,Alt-Pop,anxious,24,4,0.166667
2010,Alt-Pop,bittersweet,24,12,0.500000
2010,Alt-Pop,calm,24,0,0.000000
2010,Alt-Pop,dark,24,2,0.083333
2010,Alt-Pop,depressive,24,0,0.000000
2010,Alt-Pop,happy,24,1,0.041667
2010,Alt-Pop,melancholic,24,11,0.458333
2010,Alt-Pop,optimistic,24,2,0.083333
2010,Alt-Pop,peaceful,24,0,0.000000
2010,Alt-Pop,playful,24,2,0.083333
2010,Alt-Pop,sad,24,0,0.000000
2010,Alt-Pop,sombre,24,4,0.166667
2010,Alt-Pop,uplifting,24,3,0.125000
2010,Alternative Dance,aggressive,7,0,0.000000
2010,Alternative Dance,angry,7,0,0.000000
2010,Alternative Dance,anxious,7,2,0.285714
2010,Alternative Dance,bittersweet,7,4,0.571429
2010,Alternative Dance,calm,7,0,0.000000
2010,Alternative Dance,dark,7,1,0.142857
2010,Alternative Dance,depressive,7,0,0.000000
2010,Alternative Dance,happy,7,1,0.142857
2010,Alternative Dance,melancholic,7,4,0.571429
2010,Alternative Dance,optimistic,7,1,0.142857
2010,Alternative Dance,peaceful,7,0,0.000000
2010,Alternative Dance,playful,7,5,0.714286
2010,Alternative Dance,sad,7,0,0.000000
2010,Alternative Dance,sombre,7,0,0.000000
2010,Alternative Dance,uplifting,7,1,0.142857
2010,Alternative Metal,aggressive,9,4,0.444444
2010,Alternative Metal,angry,9,3,0.333333
2010,Alternative Metal,anxious,9,3,0.333333
2010,Alternative Metal,bittersweet,9,0,0.000000
2010,Alternative Metal,calm,9,0,0.000000
2010,Alternative Metal,dark,9,4,0.444444
2010,Alternative Metal,depressive,9,0,0.000000
2010,Alternative Metal,happy,9,1,0.111111
2010,Alternative Metal,melancholic,9,3,0.333333
2010,Alternative Metal,optimistic,9,0,0.000000
2010,Alternative Metal,peaceful,9,0,0.000000
2010,Alternative Metal,playful,9,1,0.111111
2010,Alternative Metal,sad,9,0,0.000000
2010,Alternative Metal,sombre,9,1,0.111111
2010,Alternative Metal,uplifting,9,1,0.111111
2010,Alternative R&B,aggressive,49,1,0.020408
2010,Alternative R&B,angry,49,1,0.020408
2010,Alternative R&B,anxious,49,2,0.040816
2010,Alternative R&B,bittersweet,49,16,0.326531
2010,Alternative R&B,calm,49,1,0.020408
2010,Alternative R&B,dark,49,6,0.122449
2010,Alternative R&B,depressive,49,2,0.040816
2010,Alternative R&B,happy,49,1,0.020408
2010,Alternative R&B,melancholic,49,20,0.408163
2010,Alternative R&B,optimistic,49,0,0.000000
2010,Alternative R&B,peaceful,49,1,0.020408
2010,Alternative R&B,playful,49,4,0.081633
2010,Alternative R&B,sad,49,1,0.020408
2010,Alternative R&B,sombre,49,4,0.081633
2010,Alternative R&B,uplifting,49,1,0.020408
2010,Alternative Rock,aggressive,39,2,0.051282
2010,Alternative Rock,angry,39,2,0.051282
2010,Alternative Rock,anxious,39,6,0.153846
2010,Alternative Rock,bittersweet,39,13,0.333333
2010,Alternative Rock,calm,39,0,0.000000
2010,Alternative Rock,dark,39,6,0.153846
2010,Alternative Rock,depressive,39,2,0.051282
2010,Alternative Rock,happy,39,2,0.051282
2010,Alternative Rock,melancholic,39,13,0.333333
2010,Alternative Rock,optimistic,39,3,0.076923
2010,Alternative Rock,peaceful,39,1,0.025641
2010,Alternative Rock,playful,39,5,0.128205
2010,Alternative Rock,sad,39,1,0.025641
2010,Alternative Rock,sombre,39,5,0.128205
2010,Alternative Rock,uplifting,39,6,0.153846
2010,Ambient,aggressive,34,0,0.000000
2010,Ambient,angry,34,0,0.000000
2010,Ambient,anxious,34,2,0.058824
2010,Ambient,bittersweet,34,7,0.205882
2010,Ambient,calm,34,3,0.088235
2010,Ambient,dark,34,9,0.264706
2010,Ambient,depressive,34,2,0.058824
2010,Ambient,happy,34,0,0.000000
2010,Ambient,melancholic,34,19,0.558824
2010,Ambient,optimistic,34,0,0.000000
2010,Ambient,peaceful,34,4,0.117647
2010,Ambient,playful,34,0,0.000000
2010,Ambient,sad,34,1,0.029412
2010,Ambient,sombre,34,9,0.264706
2010,Ambient,uplifting,34,0,0.000000
2010,Ambient Dub,aggressive,5,0,0.000000
2010,Ambient Dub,angry,5,0,0.000000
2010,Ambient Dub,anxious,5,0,0.000000
2010,Ambient Dub,bittersweet,5,0,0.000000
2010,Ambient Dub,calm,5,0,0.000000
2010,Ambient Dub,dark,5,2,0.400000
2010,Ambient Dub,depressive,5,0,0.000000
2010,Ambient Dub,happy,5,0,0.000000
2010,Ambient Dub,melancholic,5,0,0.000000
2010,Ambient Dub,optimistic,5,0,0.000000
2010,Ambient Dub,peaceful,5,0,0.000000
2010,Ambient Dub,playful,5,0,0.000000
2010,Ambient Dub,sad,5,0,0.000000
2010,Ambient Dub,sombre,5,1,0.200000
2010,Ambient Dub,uplifting,5,0,0.000000
2010,Ambient House,aggressive,1,0,0.000000
2010,Ambient House,angry,1,0,0.000000
2010,Ambient House,anxious,1,0,0.000000
2010,Ambient House,bittersweet,1,0,0.000000
2010,Ambient House,calm,1,0,0.000000
2010,Ambient House,dark,1,0,0.000000
2010,Ambient House,depressive,1,0,0.000000
2010,Ambient House,happy,1,0,0.000000
2010,Ambient House,melancholic,1,0,0.000000
2010,Ambient House,optimistic,1,0,0.000000
2010,Ambient House,peaceful,1,1,1.000000
2010,Ambient House,playful,1,0,0.000000
2010,Ambient House,sad,1,0,0.000000
2010,Ambient House,sombre,1,0,0.000000
2010,Ambient House,uplifting,1,0,0.000000
2010,Ambient Pop,aggressive,21,0,0.000000
2010,Ambient Pop,angry,21,0,0.000000
2010,Ambient Pop,anxious,21,3,0.142857
2010,Ambient Pop,bittersweet,21,3,0.142857
2010,Ambient Pop,calm,21,4,0.190476
2010,Ambient Pop,dark,21,1,0.047619
2010,Ambient Pop,depressive,21,0,0.000000
2010,Ambient Pop,happy,21,0,0.000000
2010,Ambient Pop,melancholic,21,10,0.476190
2010,Ambient Pop,optimistic,21,0,0.000000
2010,Ambient Pop,peaceful,21,2,0.095238
2010,Ambient Pop,playful,21,1,0.047619
2010,Ambient Pop,sad,21,0,0.000000
2010,Ambient Pop,sombre,21,4,0.190476
2010,Ambient Pop,uplifting,21,0,0.000000
2010,Ambient Techno,aggressive,4,0,0.000000
2010,Ambient Techno,angry,4,0,0.000000
2010,Ambient Techno,anxious,4,0,0.000000
2010,Ambient Techno,bittersweet,4,0,0.000000
2010,Ambient Techno,calm,4,0,0.000000
2010,Ambient Techno,dark,4,2,0.500000
2010,Ambient Techno,depressive,4,0,0.000000
2010,Ambient Techno,happy,4,0,0.000000
2010,Ambient Techno,melancholic,4,1,0.250000
2010,Ambient Techno,optimistic,4,0,0.000000
2010,Ambient Techno,peaceful,4,0,0.000000
2010,Ambient Techno,playful,4,0,0.000000
2010,Ambient Techno,sad,4,0,0.000000
2010,Ambient Techno,sombre,4,0,0.000000
2010,Ambient Techno,uplifting,4,0,0.000000
2010,Americana,aggressive,3,0,0.000000
2010,Americana,angry,3,0,0.000000
2010,Americana,anxious,3,0,0.000000
2010,Americana,bittersweet,3,0,0.000000
2010,Americana,calm,3,1,0.333333
2010,Americana,dark,3,0,0.000000
2010,Americana,depressive,3,0,0.000000
2010,Americana,happy,3,0,0.000000
2010,Americana,melancholic,3,1,0.333333
2010,Americana,optimistic,3,0,0.000000
2010,Americana,peaceful,3,0,0.000000
2010,Americana,playful,3,0,0.000000
2010,Americana,sad,3,0,0.000000
2010,Americana,sombre,3,0,0.000000
2010,Americana,uplifting,3,0,0.000000
2010,Anti-Folk,aggressive,1,0,0.000000
2010,Anti-Folk,angry,1,0,0.000000
2010,Anti-Folk,anxious,1,1,1.000000
2010,Anti-Folk,bittersweet,1,0,0.000000
2010,Anti-Folk,calm,1,0,0.000000
2010,Anti-Folk,dark,1,0,0.000000
2010,Anti-Folk,depressive,1,1,1.000000
2010,Anti-Folk,happy,1,0,0.000000
2010,Anti-Folk,melancholic,1,0,0.000000
2010,Anti-Folk,optimistic,1,0,0.000000
2010,Anti-Folk,peaceful,1,0,0.000000
2010,Anti-Folk,playful,1,0,0.000000
2010,Anti-Folk,sad,1,1,1.000000
2010,Anti-Folk,sombre,1,1,1.000000
2010,Anti-Folk,uplifting,1,0,0.000000
2010,Art Pop,aggressive,93,0,0.000000
2010,Art Pop,angry,93,1,0.010753
2010,Art Pop,anxious,93,12,0.129032
2010,Art Pop,bittersweet,93,28,0.301075
2010,Art Pop,calm,93,3,0.032258
2010,Art Pop,dark,93,8,0.086022
2010,Art Pop,depressive,93,3,0.032258
2010,Art Pop,happy,93,0,0.000000
2010,Art Pop,melancholic,93,32,0.344086
2010,Art Pop,optimistic,93,1,0.010753
2010,Art Pop,peaceful,93,4,0.043011
2010,Art Pop,playful,93,11,0.118280
2010,Art Pop,sad,93,6,0.064516
2010,Art Pop,sombre,93,6,0.064516
2010,Art Pop,uplifting,93,10,0.107527
2010,Art Punk,aggressive,10,2,0.200000
2010,Art Punk,angry,10,0,0.000000
2010,Art Punk,anxious,10,4,0.400000
2010,Art Punk,bittersweet,10,0,0.000000
2010,Art Punk,calm,10,0,0.000000
2010,Art Punk,dark,10,2,0.200000
2010,Art Punk,depressive,10,0,0.000000
2010,Art Punk,happy,10,0,0.000000
2010,Art Punk,melancholic,10,1,0.100000
2010,Art Punk,optimistic,10,0,0.000000
2010,Art Punk,peaceful,10,0,0.000000
2010,Art Punk,playful,10,3,0.300000
2010,Art Punk,sad,10,0,0.000000
2010,Art Punk,sombre,10,0,0.000000
2010,Art Punk,uplifting,10,0,0.000000
2010,Art Rock,aggressive,34,0,0.000000
2010,Art Rock,angry,34,2,0.058824
2010,Art Rock,anxious,34,8,0.235294
2010,Art Rock,bittersweet,34,7,0.205882
2010,Art Rock,calm,34,0,0.000000
2010,Art Rock,dark,34,6,0.176471
2010,Art Rock,depressive,34,1,0.029412
2010,Art Rock,happy,34,0,0.000000
2010,Art Rock,melancholic,34,16,0.470588
2010,Art Rock,optimistic,34,1,0.029412
2010,Art Rock,peaceful,34,0,0.000000
2010,Art Rock,playful,34,2,0.058824
2010,Art Rock,sad,34,3,0.088235
2010,Art Rock,sombre,34,11,0.323529
2010,Art Rock,uplifting,34,2,0.058824
2010,Atmospheric Black Metal,aggressive,10,1,0.100000
2010,Atmospheric Black Metal,angry,10,0,0.000000
2010,Atmospheric Black Metal,anxious,10,0,0.000000
2010,Atmospheric Black Metal,bittersweet,10,1,0.100000
2010,Atmospheric Black Metal,calm,10,0,0.000000
2010,Atmospheric Black Metal,dark,10,6,0.600000
2010,Atmospheric Black Metal,depressive,10,1,0.100000
2010,Atmospheric Black Metal,happy,10,0,0.000000
2010,Atmospheric Black Metal,melancholic,10,7,0.700000
2010,Atmospheric Black Metal,optimistic,10,0,0.000000
2010,Atmospheric Black Metal,peaceful,10,0,0.000000
2010,Atmospheric Black Metal,playful,10,0,0.000000
2010,Atmospheric Black Metal,sad,10,0,0.000000
2010,Atmospheric Black Metal,sombre,10,4,0.400000
2010,Atmospheric Black Metal,uplifting,10,0,0.000000
2010,Atmospheric Sludge Metal,aggressive,5,1,0.200000
2010,Atmospheric Sludge Metal,angry,5,0,0.000000
2010,Atmospheric Sludge Metal,anxious,5,0,0.000000
2010,Atmospheric Sludge Metal,bittersweet,5,0,0.000000
2010,Atmospheric Sludge Metal,calm,5,0,0.000000
2010,Atmospheric Sludge Metal,dark,5,5,1.000000
2010,Atmospheric Sludge Metal,depressive,5,1,0.200000
2010,Atmospheric Sludge Metal,happy,5,0,0.000000
2010,Atmospheric Sludge Metal,melancholic,5,1,0.200000
2010,Atmospheric Sludge Metal,optimistic,5,0,0.000000
2010,Atmospheric Sludge Metal,peaceful,5,0,0.000000
2010,Atmospheric Sludge Metal,playful,5,0,0.000000
2010,Atmospheric Sludge Metal,sad,5,0,0.000000
2010,Atmospheric Sludge Metal,sombre,5,4,0.800000
2010,Atmospheric Sludge Metal,uplifting,5,0,0.000000
2010,Avant-Folk,aggressive,5,0,0.000000
2010,Avant-Folk,angry,5,0,0.000000
2010,Avant-Folk,anxious,5,0,0.000000
2010,Avant-Folk,bittersweet,5,1,0.200000
2010,Avant-Folk,calm,5,0,0.000000
2010,Avant-Folk,dark,5,1,0.200000
2010,Avant-Folk,depressive,5,0,0.000000
2010,Avant-Folk,happy,5,0,0.000000
2010,Avant-Folk,melancholic,5,2,0.400000
2010,Avant-Folk,optimistic,5,0,0.000000
2010,Avant-Folk,peaceful,5,0,0.000000
2010,Avant-Folk,playful,5,1,0.200000
2010,Avant-Folk,sad,5,0,0.000000
2010,Avant-Folk,sombre,5,2,0.400000
2010,Avant-Folk,uplifting,5,0,0.000000
2010,Avant-Garde Jazz,aggressive,1,0,0.000000
2010,Avant-Garde Jazz,angry,1,0,0.000000
2010,Avant-Garde Jazz,anxious,1,0,0.000000
2010,Avant-Garde Jazz,bittersweet,1,0,0.000000
2010,Avant-Garde Jazz,calm,1,0,0.000000
2010,Avant-Garde Jazz,dark,1,0,0.000000
2010,Avant-Garde Jazz,depressive,1,0,0.000000
2010,Avant-Garde Jazz,happy,1,0,0.000000
2010,Avant-Garde Jazz,melancholic,1,0,0.000000
2010,Avant-Garde Jazz,optimistic,1,0,0.000000
2010,Avant-Garde Jazz,peaceful,1,0,0.000000
2010,Avant-Garde Jazz,playful,1,0,0.000000
2010,Avant-Garde Jazz,sad,1,0,0.000000
2010,Avant-Garde Jazz,sombre,1,0,0.000000
2010,Avant-Garde Jazz,uplifting,1,0,0.000000
2010,Avant-Garde Metal,aggressive,7,0,0.000000
2010,Avant-Garde Metal,angry,7,0,0.000000
2010,Avant-Garde Metal,anxious,7,0,0.000000
2010,Avant-Garde Metal,bittersweet,7,0,0.000000
2010,Avant-Garde Metal,calm,7,0,0.000000
2010,Avant-Garde Metal,dark,7,2,0.285714
2010,Avant-Garde Metal,depressive,7,1,0.142857
2010,Avant-Garde Metal,happy,7,0,0.000000
2010,Avant-Garde Metal,melancholic,7,0,0.000000
2010,Avant-Garde Metal,optimistic,7,0,0.000000
2010,Avant-Garde Metal,peaceful,7,0,0.000000
2010,Avant-Garde Metal,playful,7,0,0.000000
2010,Avant-Garde Metal,sad,7,0,0.000000
2010,Avant-Garde Metal,sombre,7,2,0.285714
2010,Avant-Garde Metal,uplifting,7,0,0.000000
2010,Balearic Beat,aggressive,1,0,0.000000
2010,Balearic Beat,angry,1,0,0.000000
2010,Balearic Beat,anxious,1,0,0.000000
2010,Balearic Beat,bittersweet,1,0,0.000000
2010,Balearic Beat,calm,1,0,0.000000
2010,Balearic Beat,dark,1,0,0.000000
2010,Balearic Beat,depressive,1,0,0.000000
2010,Balearic Beat,happy,1,0,0.000000
2010,Balearic Beat,melancholic,1,0,0.000000
2010,Balearic Beat,optimistic,1,0,0.000000
2010,Balearic Beat,peaceful,1,0,0.000000
2010,Balearic Beat,playful,1,0,0.000000
2010,Balearic Beat,sad,1,0,0.000000
2010,Balearic Beat,sombre,1,0,0.000000
2010,Balearic Beat,uplifting,1,0,0.000000
2010,Baroque Pop,aggressive,3,0,0.000000
2010,Baroque Pop,angry,3,0,0.000000
2010,Baroque Pop,anxious,3,0,0.000000
2010,Baroque Pop,bittersweet,3,2,0.666667
2010,Baroque Pop,calm,3,1,0.333333
2010,Baroque Pop,dark,3,0,0.000000
2010,Baroque Pop,depressive,3,0,0.000000
2010,Baroque Pop,happy,3,0,0.000000
2010,Baroque Pop,melancholic,3,0,0.000000
2010,Baroque Pop,optimistic,3,0,0.000000
2010,Baroque Pop,peaceful,3,2,0.666667
2010,Baroque Pop,playful,3,0,0.000000
2010,Baroque Pop,sad,3,0,0.000000
2010,Baroque Pop,sombre,3,0,0.000000
2010,Baroque Pop,uplifting,3,0,0.000000
2010,Bedroom Pop,aggressive,13,0,0.000000
2010,Bedroom Pop,angry,13,0,0.000000
2010,Bedroom Pop,anxious,13,0,0.000000
2010,Bedroom Pop,bittersweet,13,6,0.461538
2010,Bedroom Pop,calm,13,4,0.307692
2010,Bedroom Pop,dark,13,0,0.000000
2010,Bedroom Pop,depressive,13,2,0.153846
2010,Bedroom Pop,happy,13,0,0.000000
2010,Bedroom Pop,melancholic,13,7,0.538462
2010,Bedroom Pop,optimistic,13,0,0.000000
2010,Bedroom Pop,peaceful,13,1,0.076923
2010,Bedroom Pop,playful,13,4,0.307692
2010,Bedroom Pop,sad,13,0,0.000000
2010,Bedroom Pop,sombre,13,0,0.000000
2010,Bedroom Pop,uplifting,13,1,0.076923
2010,Black Metal,aggressive,15,5,0.333333
2010,Black Metal,angry,15,0,0.000000
2010,Black Metal,anxious,15,1,0.066667
2010,Black Metal,bittersweet,15,0,0.000000
2010,Black Metal,calm,15,0,0.000000
2010,Black Metal,dark,15,11,0.733333
2010,Black Metal,depressive,15,1,0.066667
2010,Black Metal,happy,15,0,0.000000
2010,Black Metal,melancholic,15,1,0.066667
2010,Black Metal,optimistic,15,0,0.000000
2010,Black Metal,peaceful,15,0,0.000000
2010,Black Metal,playful,15,0,0.000000
2010,Black Metal,sad,15,0,0.000000
2010,Black Metal,sombre,15,3,0.200000
2010,Black Metal,uplifting,15,0,0.000000
2010,Black'n'Roll,aggressive,1,1,1.000000
2010,Black'n'Roll,angry,1,1,1.000000
2010,Black'n'Roll,anxious,1,0,0.000000
2010,Black'n'Roll,bittersweet,1,0,0.000000
2010,Black'n'Roll,calm,1,0,0.000000
2010,Black'n'Roll,dark,1,0,0.000000
2010,Black'n'Roll,depressive,1,0,0.000000
2010,Black'n'Roll,happy,1,0,0.000000
2010,Black'n'Roll,melancholic,1,0,0.000000
2010,Black'n'Roll,optimistic,1,0,0.000000
2010,Black'n'Roll,peaceful,1,0,0.000000
2010,Black'n'Roll,playful,1,0,0.000000
2010,Black'n'Roll,sad,1,0,0.000000
2010,Black'n'Roll,sombre,1,0,0.000000
2010,Black'n'Roll,uplifting,1,0,0.000000
2010,Blackgaze,aggressive,10,3,0.300000
2010,Blackgaze,angry,10,0,0.000000
2010,Blackgaze,anxious,10,0,0.000000
2010,Blackgaze,bittersweet,10,3,0.300000
2010,Blackgaze,calm,10,0,0.000000
2010,Blackgaze,dark,10,2,0.200000
2010,Blackgaze,depressive,10,1,0.100000
2010,Blackgaze,happy,10,0,0.000000
2010,Blackgaze,melancholic,10,9,0.900000
2010,Blackgaze,optimistic,10,0,0.000000
2010,Blackgaze,peaceful,10,1,0.100000
2010,Blackgaze,playful,10,0,0.000000
2010,Blackgaze,sad,10,1,0.100000
2010,Blackgaze,sombre,10,4,0.400000
2010,Blackgaze,uplifting,10,0,0.000000
2010,Blues Rock,aggressive,7,0,0.000000
2010,Blues Rock,angry,7,0,0.000000
2010,Blues Rock,anxious,7,0,0.000000
2010,Blues Rock,bittersweet,7,1,0.142857
2010,Blues Rock,calm,7,0,0.000000
2010,Blues Rock,dark,7,0,0.000000
2010,Blues Rock,depressive,7,0,0.000000
2010,Blues Rock,happy,7,0,0.000000
2010,Blues Rock,melancholic,7,1,0.142857
2010,Blues Rock,optimistic,7,0,0.000000
2010,Blues Rock,peaceful,7,0,0.000000
2010,Blues Rock,playful,7,1,0.142857
2010,Blues Rock,sad,7,0,0.000000
2010,Blues Rock,sombre,7,0,0.000000
2010,Blues Rock,uplifting,7,1,0.142857
2010,Boogie Rock,aggressive,1,0,0.000000
2010,Boogie Rock,angry,1,0,0.000000
2010,Boogie Rock,anxious,1,0,0.000000
2010,Boogie Rock,bittersweet,1,0,0.000000
2010,Boogie Rock,calm,1,0,0.000000
2010,Boogie Rock,dark,1,0,0.000000
2010,Boogie Rock,depressive,1,0,0.000000
2010,Boogie Rock,happy,1,0,0.000000
2010,Boogie Rock,melancholic,1,0,0.000000
2010,Boogie Rock,optimistic,1,0,0.000000
2010,Boogie Rock,peaceful,1,0,0.000000
2010,Boogie Rock,playful,1,1,1.000000
2010,Boogie Rock,sad,1,0,0.000000
2010,Boogie Rock,sombre,1,0,0.000000
2010,Boogie Rock,uplifting,1,0,0.000000
2010,Boom Bap,aggressive,3,0,0.000000
2010,Boom Bap,angry,3,0,0.000000
2010,Boom Bap,anxious,3,0,0.000000
2010,Boom Bap,bittersweet,3,0,0.000000
2010,Boom Bap,calm,3,0,0.000000
2010,Boom Bap,dark,3,0,0.000000
2010,Boom Bap,depressive,3,0,0.000000
2010,Boom Bap,happy,3,0,0.000000
2010,Boom Bap,melancholic,3,0,0.000000
2010,Boom Bap,optimistic,3,0,0.000000
2010,Boom Bap,peaceful,3,0,0.000000
2010,Boom Bap,playful,3,0,0.000000
2010,Boom Bap,sad,3,0,0.000000
2010,Boom Bap,sombre,3,1,0.333333
2010,Boom Bap,uplifting,3,0,0.000000
2010,Breakbeat,aggressive,1,0,0.000000
2010,Breakbeat,angry,1,0,0.000000
2010,Breakbeat,anxious,1,0,0.000000
2010,Breakbeat,bittersweet,1,0,0.000000
2010,Breakbeat,calm,1,0,0.000000
2010,Breakbeat,dark,1,0,0.000000
2010,Breakbeat,depressive,1,0,0.000000
2010,Breakbeat,happy,1,0,0.000000
2010,Breakbeat,melancholic,1,0,0.000000
2010,Breakbeat,optimistic,1,0,0.000000
2010,Breakbeat,peaceful,1,0,0.000000
2010,Breakbeat,playful,1,0,0.000000
2010,Breakbeat,sad,1,0,0.000000
2010,Breakbeat,sombre,1,0,0.000000
2010,Breakbeat,uplifting,1,0,0.000000
2010,British Dance Band,aggressive,1,0,0.000000
2010,British Dance Band,angry,1,0,0.000000
2010,British Dance Band,anxious,1,0,0.000000
2010,British Dance Band,bittersweet,1,1,1.000000
2010,British Dance Band,calm,1,0,0.000000
2010,British Dance Band,dark,1,0,0.000000
2010,British Dance Band,depressive,1,0,0.000000
2010,British Dance Band,happy,1,0,0.000000
2010,British Dance Band,melancholic,1,1,1.000000
2010,British Dance Band,optimistic,1,0,0.000000
2010,British Dance Band,peaceful,1,0,0.000000
2010,British Dance Band,playful,1,0,0.000000
2010,British Dance Band,sad,1,0,0.000000
2010,British Dance Band,sombre,1,0,0.000000
2010,British Dance Band,uplifting,1,0,0.000000
2010,Brostep,aggressive,1,0,0.000000
2010,Brostep,angry,1,0,0.000000
2010,Brostep,anxious,1,0,0.000000
2010,Brostep,bittersweet,1,0,0.000000
2010,Brostep,calm,1,0,0.000000
2010,Brostep,dark,1,1,1.000000
2010,Brostep,depressive,1,0,0.000000
2010,Brostep,happy,1,0,0.000000
2010,Brostep,melancholic,1,0,0.000000
2010,Brostep,optimistic,1,0,0.000000
2010,Brostep,peaceful,1,0,0.000000
2010,Brostep,playful,1,0,0.000000
2010,Brostep,sad,1,0,0.000000
2010,Brostep,sombre,1,0,0.000000
2010,Brostep,uplifting,1,0,0.000000
2010,Bubblegum Bass,aggressive,4,0,0.000000
2010,Bubblegum Bass,angry,4,0,0.000000
2010,Bubblegum Bass,anxious,4,0,0.000000
2010,Bubblegum Bass,bittersweet,4,2,0.500000
2010,Bubblegum Bass,calm,4,0,0.000000
2010,Bubblegum Bass,dark,4,0,0.000000
2010,Bubblegum Bass,depressive,4,0,0.000000
2010,Bubblegum Bass,happy,4,1,0.250000
2010,Bubblegum Bass,melancholic,4,0,0.000000
2010,Bubblegum Bass,optimistic,4,0,0.000000
2010,Bubblegum Bass,peaceful,4,0,0.000000
2010,Bubblegum Bass,playful,4,2,0.500000
2010,Bubblegum Bass,sad,4,0,0.000000
2010,Bubblegum Bass,sombre,4,0,0.000000
2010,Bubblegum Bass,uplifting,4,0,0.000000
2010,Chamber Folk,aggressive,7,0,0.000000
2010,Chamber Folk,angry,7,0,0.000000
2010,Chamber Folk,anxious,7,0,0.000000
2010,Chamber Folk,bittersweet,7,5,0.714286
2010,Chamber Folk,calm,7,2,0.285714
2010,Chamber Folk,dark,7,1,0.142857
2010,Chamber Folk,depressive,7,0,0.000000
2010,Chamber Folk,happy,7,0,0.000000
2010,Chamber Folk,melancholic,7,3,0.428571
2010,Chamber Folk,optimistic,7,0,0.000000
2010,Chamber Folk,peaceful,7,1,0.142857
2010,Chamber Folk,playful,7,0,0.000000
2010,Chamber Folk,sad,7,0,0.000000
2010,Chamber Folk,sombre,7,1,0.142857
2010,Chamber Folk,uplifting,7,0,0.000000
2010,Chamber Music,aggressive,1,0,0.000000
2010,Chamber Music,angry,1,0,0.000000
2010,Chamber Music,anxious,1,1,1.000000
2010,Chamber Music,bittersweet,1,0,0.000000
2010,Chamber Music,calm,1,0,0.000000
2010,Chamber Music,dark,1,1,1.000000
2010,Chamber Music,depressive,1,0,0.000000
2010,Chamber Music,happy,1,0,0.000000
2010,Chamber Music,melancholic,1,1,1.000000
2010,Chamber Music,optimistic,1,0,0.000000
2010,Chamber Music,peaceful,1,0,0.000000
2010,Chamber Music,playful,1,0,0.000000
2010,Chamber Music,sad,1,0,0.000000
2010,Chamber Music,sombre,1,1,1.000000
2010,Chamber Music,uplifting,1,0,0.000000
2010,Chamber Pop,aggressive,13,0,0.000000
2010,Chamber Pop,angry,13,0,0.000000
2010,Chamber Pop,anxious,13,0,0.000000
2010,Chamber Pop,bittersweet,13,5,0.384615
2010,Chamber Pop,calm,13,1,0.076923
2010,Chamber Pop,dark,13,0,0.000000
2010,Chamber Pop,depressive,13,0,0.000000
2010,Chamber Pop,happy,13,1,0.076923
2010,Chamber Pop,melancholic,13,10,0.769231
2010,Chamber Pop,optimistic,13,0,0.000000
2010,Chamber Pop,peaceful,13,0,0.000000
2010,Chamber Pop,playful,13,2,0.153846
2010,Chamber Pop,sad,13,2,0.153846
2010,Chamber Pop,sombre,13,3,0.230769
2010,Chamber Pop,uplifting,13,1,0.076923
2010,Chillwave,aggressive,8,0,0.000000
2010,Chillwave,angry,8,0,0.000000
2010,Chillwave,anxious,8,0,0.000000
2010,Chillwave,bittersweet,8,3,0.375000
2010,Chillwave,calm,8,0,0.000000
2010,Chillwave,dark,8,1,0.125000
2010,Chillwave,depressive,8,0,0.000000
2010,Chillwave,happy,8,1,0.125000
2010,Chillwave,melancholic,8,1,0.125000
2010,Chillwave,optimistic,8,0,0.000000
2010,Chillwave,peaceful,8,1,0.125000
2010,Chillwave,playful,8,1,0.125000
2010,Chillwave,sad,8,0,0.000000
2010,Chillwave,sombre,8,0,0.000000
2010,Chillwave,uplifting,8,1,0.125000
2010,Christian Hip Hop,aggressive,1,0,0.000000
2010,Christian Hip Hop,angry,1,0,0.000000
2010,Christian Hip Hop,anxious,1,0,0.000000
2010,Christian Hip Hop,bittersweet,1,0,0.000000
2010,Christian Hip Hop,calm,1,0,0.000000
2010,Christian Hip Hop,dark,1,0,0.000000
2010,Christian Hip Hop,depressive,1,0,0.000000
2010,Christian Hip Hop,happy,1,0,0.000000
2010,Christian Hip Hop,melancholic,1,0,0.000000
2010,Christian Hip Hop,optimistic,1,1,1.000000
2010,Christian Hip Hop,peaceful,1,0,0.000000
2010,Christian Hip Hop,playful,1,0,0.000000
2010,Christian Hip Hop,sad,1,0,0.000000
2010,Christian Hip Hop,sombre,1,0,0.000000
2010,Christian Hip Hop,uplifting,1,1,1.000000
2010,Cloud Rap,aggressive,14,0,0.000000
2010,Cloud Rap,angry,14,0,0.000000
2010,Cloud Rap,anxious,14,0,0.000000
2010,Cloud Rap,bittersweet,14,1,0.071429
2010,Cloud Rap,calm,14,0,0.000000
2010,Cloud Rap,dark,14,1,0.071429
2010,Cloud Rap,depressive,14,3,0.214286
2010,Cloud Rap,happy,14,1,0.071429
2010,Cloud Rap,melancholic,14,4,0.285714
2010,Cloud Rap,optimistic,14,2,0.142857
2010,Cloud Rap,peaceful,14,0,0.000000
2010,Cloud Rap,playful,14,0,0.000000
2010,Cloud Rap,sad,14,0,0.000000
2010,Cloud Rap,sombre,14,0,0.000000
2010,Cloud Rap,uplifting,14,2,0.142857
2010,Coldwave,aggressive,2,0,0.000000
2010,Coldwave,angry,2,0,0.000000
2010,Coldwave,anxious,2,0,0.000000
2010,Coldwave,bittersweet,2,0,0.000000
2010,Coldwave,calm,2,0,0.000000
2010,Coldwave,dark,2,1,0.500000
2010,Coldwave,depressive,2,0,0.000000
2010,Coldwave,happy,2,0,0.000000
2010,Coldwave,melancholic,2,2,1.000000
2010,Coldwave,optimistic,2,0,0.000000
2010,Coldwave,peaceful,2,0,0.000000
2010,Coldwave,playful,2,0,0.000000
2010,Coldwave,sad,2,1,0.500000
2010,Coldwave,sombre,2,0,0.000000
2010,Coldwave,uplifting,2,0,0.000000
2010,Comedy Rap,aggressive,1,0,0.000000
2010,Comedy Rap,angry,1,0,0.000000
2010,Comedy Rap,anxious,1,0,0.000000
2010,Comedy Rap,bittersweet,1,0,0.000000
2010,Comedy Rap,calm,1,0,0.000000
2010,Comedy Rap,dark,1,0,0.000000
2010,Comedy Rap,depressive,1,0,0.000000
2010,Comedy Rap,happy,1,0,0.000000
2010,Comedy Rap,melancholic,1,0,0.000000
2010,Comedy Rap,optimistic,1,0,0.000000
2010,Comedy Rap,peaceful,1,0,0.000000
2010,Comedy Rap,playful,1,1,1.000000
2010,Comedy Rap,sad,1,0,0.000000
2010,Comedy Rap,sombre,1,0,0.000000
2010,Comedy Rap,uplifting,1,0,0.000000
2010,Comedy Rock,aggressive,1,0,0.000000
2010,Comedy Rock,angry,1,0,0.000000
2010,Comedy Rock,anxious,1,0,0.000000
2010,Comedy Rock,bittersweet,1,0,0.000000
2010,Comedy Rock,calm,1,0,0.000000
2010,Comedy Rock,dark,1,0,0.000000
2010,Comedy Rock,depressive,1,0,0.000000
2010,Comedy Rock,happy,1,0,0.000000
2010,Comedy Rock,melancholic,1,0,0.000000
2010,Comedy Rock,optimistic,1,0,0.000000
2010,Comedy Rock,peaceful,1,0,0.000000
2010,Comedy Rock,playful,1,0,0.000000
2010,Comedy Rock,sad,1,0,0.000000
2010,Comedy Rock,sombre,1,0,0.000000
2010,Comedy Rock,uplifting,1,0,0.000000
2010,Conscious Hip Hop,aggressive,32,1,0.031250
2010,Conscious Hip Hop,angry,32,0,0.000000
2010,Conscious Hip Hop,anxious,32,5,0.156250
2010,Conscious Hip Hop,bittersweet,32,5,0.156250
2010,Conscious Hip Hop,calm,32,2,0.062500
2010,Conscious Hip Hop,dark,32,2,0.062500
2010,Conscious Hip Hop,depressive,32,3,0.093750
2010,Conscious Hip Hop,happy,32,1,0.031250
2010,Conscious Hip Hop,melancholic,32,7,0.218750
2010,Conscious Hip Hop,optimistic,32,4,0.125000
2010,Conscious Hip Hop,peaceful,32,0,0.000000
2010,Conscious Hip Hop,playful,32,0,0.000000
2010,Conscious Hip Hop,sad,32,1,0.031250
2010,Conscious Hip Hop,sombre,32,5,0.156250
2010,Conscious Hip Hop,uplifting,32,6,0.187500
2010,Contemporary Folk,aggressive,11,0,0.000000
2010,Contemporary Folk,angry,11,0,0.000000
2010,Contemporary Folk,anxious,11,0,0.000000
2010,Contemporary Folk,bittersweet,11,7,0.636364
2010,Contemporary Folk,calm,11,4,0.363636
2010,Contemporary Folk,dark,11,1,0.090909
2010,Contemporary Folk,depressive,11,1,0.090909
2010,Contemporary Folk,happy,11,0,0.000000
2010,Contemporary Folk,melancholic,11,4,0.363636
2010,Contemporary Folk,optimistic,11,0,0.000000
2010,Contemporary Folk,peaceful,11,1,0.090909
2010,Contemporary Folk,playful,11,0,0.000000
2010,Contemporary Folk,sad,11,0,0.000000
2010,Contemporary Folk,sombre,11,4,0.363636
2010,Contemporary Folk,uplifting,11,2,0.181818
2010,Contemporary R&B,aggressive,32,0,0.000000
2010,Contemporary R&B,angry,32,2,0.062500
2010,Contemporary R&B,anxious,32,0,0.000000
2010,Contemporary R&B,bittersweet,32,6,0.187500
2010,Contemporary R&B,calm,32,0,0.000000
2010,Contemporary R&B,dark,32,2,0.062500
2010,Contemporary R&B,depressive,32,0,0.000000
2010,Contemporary R&B,happy,32,2,0.062500
2010,Contemporary R&B,melancholic,32,7,0.218750
2010,Contemporary R&B,optimistic,32,1,0.031250
2010,Contemporary R&B,peaceful,32,0,0.000000
2010,Contemporary R&B,playful,32,6,0.187500
2010,Contemporary R&B,sad,32,0,0.000000
2010,Contemporary R&B,sombre,32,1,0.031250
2010,Contemporary R&B,uplifting,32,6,0.187500
2010,Country Pop,aggressive,1,0,0.000000
2010,Country Pop,angry,1,0,0.000000
2010,Country Pop,anxious,1,0,0.000000
2010,Country Pop,bittersweet,1,1,1.000000
2010,Country Pop,calm,1,0,0.000000
2010,Country Pop,dark,1,0,0.000000
2010,Country Pop,depressive,1,0,0.000000
2010,Country Pop,happy,1,0,0.000000
2010,Country Pop,melancholic,1,1,1.000000
2010,Country Pop,optimistic,1,0,0.000000
2010,Country Pop,peaceful,1,0,0.000000
2010,Country Pop,playful,1,0,0.000000
2010,Country Pop,sad,1,0,0.000000
2010,Country Pop,sombre,1,0,0.000000
2010,Country Pop,uplifting,1,1,1.000000
2010,Country Rock,aggressive,2,0,0.000000
2010,Country Rock,angry,2,0,0.000000
2010,Country Rock,anxious,2,0,0.000000
2010,Country Rock,bittersweet,2,0,0.000000
2010,Country Rock,calm,2,0,0.000000
2010,Country Rock,dark,2,0,0.000000
2010,Country Rock,depressive,2,0,0.000000
2010,Country Rock,happy,2,0,0.000000
2010,Country Rock,melancholic,2,1,0.500000
2010,Country Rock,optimistic,2,0,0.000000
2010,Country Rock,peaceful,2,0,0.000000
2010,Country Rock,playful,2,0,0.000000
2010,Country Rock,sad,2,0,0.000000
2010,Country Rock,sombre,2,0,0.000000
2010,Country Rock,uplifting,2,0,0.000000
2010,Country Soul,aggressive,1,0,0.000000
2010,Country Soul,angry,1,0,0.000000
2010,Country Soul,anxious,1,0,0.000000
2010,Country Soul,bittersweet,1,1,1.000000
2010,Country Soul,calm,1,0,0.000000
2010,Country Soul,dark,1,0,0.000000
2010,Country Soul,depressive,1,0,0.000000
2010,Country Soul,happy,1,0,0.000000
2010,Country Soul,melancholic,1,0,0.000000
2010,Country Soul,optimistic,1,0,0.000000
2010,Country Soul,peaceful,1,0,0.000000
2010,Country Soul,playful,1,0,0.000000
2010,Country Soul,sad,1,0,0.000000
2010,Country Soul,sombre,1,0,0.000000
2010,Country Soul,uplifting,1,0,0.000000
2010,Dance-Pop,aggressive,18,0,0.000000
2010,Dance-Pop,angry,18,0,0.000000
2010,Dance-Pop,anxious,18,3,0.166667
2010,Dance-Pop,bittersweet,18,3,0.166667
2010,Dance-Pop,calm,18,0,0.000000
2010,Dance-Pop,dark,18,1,0.055556
2010,Dance-Pop,depressive,18,1,0.055556
2010,Dance-Pop,happy,18,3,0.166667
2010,Dance-Pop,melancholic,18,4,0.222222
2010,Dance-Pop,optimistic,18,3,0.166667
2010,Dance-Pop,peaceful,18,0,0.000000
2010,Dance-Pop,playful,18,8,0.444444
2010,Dance-Pop,sad,18,0,0.000000
2010,Dance-Pop,sombre,18,0,0.000000
2010,Dance-Pop,uplifting,18,6,0.333333
2010,Dance-Punk,aggressive,4,0,0.000000
2010,Dance-Punk,angry,4,0,0.000000
2010,Dance-Punk,anxious,4,1,0.250000
2010,Dance-Punk,bittersweet,4,3,0.750000
2010,Dance-Punk,calm,4,0,0.000000
2010,Dance-Punk,dark,4,1,0.250000
2010,Dance-Punk,depressive,4,0,0.000000
2010,Dance-Punk,happy,4,0,0.000000
2010,Dance-Punk,melancholic,4,1,0.250000
2010,Dance-Punk,optimistic,4,0,0.000000
2010,Dance-Punk,peaceful,4,0,0.000000
2010,Dance-Punk,playful,4,1,0.250000
2010,Dance-Punk,sad,4,0,0.000000
2010,Dance-Punk,sombre,4,0,0.000000
2010,Dance-Punk,uplifting,4,0,0.000000
2010,Dark Ambient,aggressive,5,0,0.000000
2010,Dark Ambient,angry,5,0,0.000000
2010,Dark Ambient,anxious,5,0,0.000000
2010,Dark Ambient,bittersweet,5,0,0.000000
2010,Dark Ambient,calm,5,0,0.000000
2010,Dark Ambient,dark,5,3,0.600000
2010,Dark Ambient,depressive,5,3,0.600000
2010,Dark Ambient,happy,5,0,0.000000
2010,Dark Ambient,melancholic,5,0,0.000000
2010,Dark Ambient,optimistic,5,0,0.000000
2010,Dark Ambient,peaceful,5,0,0.000000
2010,Dark Ambient,playful,5,0,0.000000
2010,Dark Ambient,sad,5,0,0.000000
2010,Dark Ambient,sombre,5,0,0.000000
2010,Dark Ambient,uplifting,5,0,0.000000
2010,Dark Folk,aggressive,1,0,0.000000
2010,Dark Folk,angry,1,0,0.000000
2010,Dark Folk,anxious,1,0,0.000000
2010,Dark Folk,bittersweet,1,0,0.000000
2010,Dark Folk,calm,1,0,0.000000
2010,Dark Folk,dark,1,0,0.000000
2010,Dark Folk,depressive,1,0,0.000000
2010,Dark Folk,happy,1,0,0.000000
2010,Dark Folk,melancholic,1,1,1.000000
2010,Dark Folk,optimistic,1,0,0.000000
2010,Dark Folk,peaceful,1,0,0.000000
2010,Dark Folk,playful,1,0,0.000000
2010,Dark Folk,sad,1,1,1.000000
2010,Dark Folk,sombre,1,1,1.000000
2010,Dark Folk,uplifting,1,0,0.000000
2010,Darksynth,aggressive,1,1,1.000000
2010,Darksynth,angry,1,0,0.000000
2010,Darksynth,anxious,1,0,0.000000
2010,Darksynth,bittersweet,1,0,0.000000
2010,Darksynth,calm,1,0,0.000000
2010,Darksynth,dark,1,1,1.000000
2010,Darksynth,depressive,1,0,0.000000
2010,Darksynth,happy,1,0,0.000000
2010,Darksynth,melancholic,1,0,0.000000
2010,Darksynth,optimistic,1,0,0.000000
2010,Darksynth,peaceful,1,0,0.000000
2010,Darksynth,playful,1,0,0.000000
2010,Darksynth,sad,1,0,0.000000
2010,Darksynth,sombre,1,0,0.000000
2010,Darksynth,uplifting,1,0,0.000000
2010,Darkwave,aggressive,4,0,0.000000
2010,Darkwave,angry,4,0,0.000000
2010,Darkwave,anxious,4,1,0.250000
2010,Darkwave,bittersweet,4,0,0.000000
2010,Darkwave,calm,4,0,0.000000
2010,Darkwave,dark,4,3,0.750000
2010,Darkwave,depressive,4,0,0.000000
2010,Darkwave,happy,4,0,0.000000
2010,Darkwave,melancholic,4,3,0.750000
2010,Darkwave,optimistic,4,0,0.000000
2010,Darkwave,peaceful,4,0,0.000000
2010,Darkwave,playful,4,0,0.000000
2010,Darkwave,sad,4,0,0.000000
2010,Darkwave,sombre,4,1,0.250000
2010,Darkwave,uplifting,4,0,0.000000
2010,Death Industrial,aggressive,3,0,0.000000
2010,Death Industrial,angry,3,1,0.333333
2010,Death Industrial,anxious,3,0,0.000000
2010,Death Industrial,bittersweet,3,0,0.000000
2010,Death Industrial,calm,3,0,0.000000
2010,Death Industrial,dark,3,0,0.000000
2010,Death Industrial,depressive,3,3,1.000000
2010,Death Industrial,happy,3,0,0.000000
2010,Death Industrial,melancholic,3,0,0.000000
2010,Death Industrial,optimistic,3,0,0.000000
2010,Death Industrial,peaceful,3,0,0.000000
2010,Death Industrial,playful,3,0,0.000000
2010,Death Industrial,sad,3,0,0.000000
2010,Death Industrial,sombre,3,0,0.000000
2010,Death Industrial,uplifting,3,0,0.000000
2010,Death Metal,aggressive,6,4,0.666667
2010,Death Metal,angry,6,0,0.000000
2010,Death Metal,anxious,6,0,0.000000
2010,Death Metal,bittersweet,6,0,0.000000
2010,Death Metal,calm,6,0,0.000000
2010,Death Metal,dark,6,3,0.500000
2010,Death Metal,depressive,6,0,0.000000
2010,Death Metal,happy,6,0,0.000000
2010,Death Metal,melancholic,6,0,0.000000
2010,Death Metal,optimistic,6,0,0.000000
2010,Death Metal,peaceful,6,0,0.000000
2010,Death Metal,playful,6,0,0.000000
2010,Death Metal,sad,6,0,0.000000
2010,Death Metal,sombre,6,1,0.166667
2010,Death Metal,uplifting,6,0,0.000000
2010,Deathgrind,aggressive,2,2,1.000000
2010,Deathgrind,angry,2,0,0.000000
2010,Deathgrind,anxious,2,0,0.000000
2010,Deathgrind,bittersweet,2,0,0.000000
2010,Deathgrind,calm,2,0,0.000000
2010,Deathgrind,dark,2,1,0.500000
2010,Deathgrind,depressive,2,0,0.000000
2010,Deathgrind,happy,2,0,0.000000
2010,Deathgrind,melancholic,2,0,0.000000
2010,Deathgrind,optimistic,2,0,0.000000
2010,Deathgrind,peaceful,2,0,0.000000
2010,Deathgrind,playful,2,0,0.000000
2010,Deathgrind,sad,2,0,0.000000
2010,Deathgrind,sombre,2,0,0.000000
2010,Deathgrind,uplifting,2,0,0.000000
2010,Deconstructed Club,aggressive,6,3,0.500000
2010,Deconstructed Club,angry,6,0,0.000000
2010,Deconstructed Club,anxious,6,2,0.333333
2010,Deconstructed Club,bittersweet,6,0,0.000000
2010,Deconstructed Club,calm,6,0,0.000000
2010,Deconstructed Club,dark,6,4,0.666667
2010,Deconstructed Club,depressive,6,0,0.000000
2010,Deconstructed Club,happy,6,0,0.000000
2010,Deconstructed Club,melancholic,6,0,0.000000
2010,Deconstructed Club,optimistic,6,0,0.000000
2010,Deconstructed Club,peaceful,6,0,0.000000
2010,Deconstructed Club,playful,6,1,0.166667
2010,Deconstructed Club,sad,6,0,0.000000
2010,Deconstructed Club,sombre,6,1,0.166667
2010,Deconstructed Club,uplifting,6,0,0.000000
2010,Deep House,aggressive,4,0,0.000000
2010,Deep House,angry,4,0,0.000000
2010,Deep House,anxious,4,0,0.000000
2010,Deep House,bittersweet,4,0,0.000000
2010,Deep House,calm,4,0,0.000000
2010,Deep House,dark,4,0,0.000000
2010,Deep House,depressive,4,0,0.000000
2010,Deep House,happy,4,0,0.000000
2010,Deep House,melancholic,4,0,0.000000
2010,Deep House,optimistic,4,0,0.000000
2010,Deep House,peaceful,4,0,0.000000
2010,Deep House,playful,4,1,0.250000
2010,Deep House,sad,4,0,0.000000
2010,Deep House,sombre,4,0,0.000000
2010,Deep House,uplifting,4,2,0.500000
2010,Digital Hardcore,aggressive,2,2,1.000000
2010,Digital Hardcore,angry,2,1,0.500000
2010,Digital Hardcore,anxious,2,0,0.000000
2010,Digital Hardcore,bittersweet,2,0,0.000000
2010,Digital Hardcore,calm,2,0,0.000000
2010,Digital Hardcore,dark,2,0,0.000000
2010,Digital Hardcore,depressive,2,0,0.000000
2010,Digital Hardcore,happy,2,0,0.000000
2010,Digital Hardcore,melancholic,2,0,0.000000
2010,Digital Hardcore,optimistic,2,0,0.000000
2010,Digital Hardcore,peaceful,2,0,0.000000
2010,Digital Hardcore,playful,2,0,0.000000
2010,Digital Hardcore,sad,2,0,0.000000
2010,Digital Hardcore,sombre,2,0,0.000000
2010,Digital Hardcore,uplifting,2,0,0.000000
2010,Dirty South,aggressive,3,1,0.333333
2010,Dirty South,angry,3,0,0.000000
2010,Dirty South,anxious,3,0,0.000000
2010,Dirty South,bittersweet,3,0,0.000000
2010,Dirty South,calm,3,0,0.000000
2010,Dirty South,dark,3,0,0.000000
2010,Dirty South,depressive,3,0,0.000000
2010,Dirty South,happy,3,0,0.000000
2010,Dirty South,melancholic,3,0,0.000000
2010,Dirty South,optimistic,3,1,0.333333
2010,Dirty South,peaceful,3,0,0.000000
2010,Dirty South,playful,3,0,0.000000
2010,Dirty South,sad,3,0,0.000000
2010,Dirty South,sombre,3,0,0.000000
2010,Dirty South,uplifting,3,1,0.333333
2010,Disco,aggressive,1,0,0.000000
2010,Disco,angry,1,0,0.000000
2010,Disco,anxious,1,0,0.000000
2010,Disco,bittersweet,1,0,0.000000
2010,Disco,calm,1,0,0.000000
2010,Disco,dark,1,0,0.000000
2010,Disco,depressive,1,0,0.000000
2010,Disco,happy,1,0,0.000000
2010,Disco,melancholic,1,0,0.000000
2010,Disco,optimistic,1,1,1.000000
2010,Disco,peaceful,1,0,0.000000
2010,Disco,playful,1,1,1.000000
2010,Disco,sad,1,0,0.000000
2010,Disco,sombre,1,0,0.000000
2010,Disco,uplifting,1,1,1.000000
2010,Djent,aggressive,2,2,1.000000
2010,Djent,angry,2,0,0.000000
2010,Djent,anxious,2,0,0.000000
2010,Djent,bittersweet,2,0,0.000000
2010,Djent,calm,2,0,0.000000
2010,Djent,dark,2,1,0.500000
2010,Djent,depressive,2,0,0.000000
2010,Djent,happy,2,0,0.000000
2010,Djent,melancholic,2,0,0.000000
2010,Djent,optimistic,2,0,0.000000
2010,Djent,peaceful,2,0,0.000000
2010,Djent,playful,2,0,0.000000
2010,Djent,sad,2,0,0.000000
2010,Djent,sombre,2,0,0.000000
2010,Djent,uplifting,2,0,0.000000
2010,Doom Metal,aggressive,4,0,0.000000
2010,Doom Metal,angry,4,0,0.000000
2010,Doom Metal,anxious,4,1,0.250000
2010,Doom Metal,bittersweet,4,0,0.000000
2010,Doom Metal,calm,4,0,0.000000
2010,Doom Metal,dark,4,3,0.750000
2010,Doom Metal,depressive,4,0,0.000000
2010,Doom Metal,happy,4,0,0.000000
2010,Doom Metal,melancholic,4,0,0.000000
2010,Doom Metal,optimistic,4,0,0.000000
2010,Doom Metal,peaceful,4,0,0.000000
2010,Doom Metal,playful,4,0,0.000000
2010,Doom Metal,sad,4,0,0.000000
2010,Doom Metal,sombre,4,1,0.250000
2010,Doom Metal,uplifting,4,0,0.000000
2010,Downtempo,aggressive,5,0,0.000000
2010,Downtempo,angry,5,0,0.000000
2010,Downtempo,anxious,5,0,0.000000
2010,Downtempo,bittersweet,5,0,0.000000
2010,Downtempo,calm,5,1,0.200000
2010,Downtempo,dark,5,1,0.200000
2010,Downtempo,depressive,5,0,0.000000
2010,Downtempo,happy,5,0,0.000000
2010,Downtempo,melancholic,5,3,0.600000
2010,Downtempo,optimistic,5,0,0.000000
2010,Downtempo,peaceful,5,1,0.200000
2010,Downtempo,playful,5,0,0.000000
2010,Downtempo,sad,5,0,0.000000
2010,Downtempo,sombre,5,0,0.000000
2010,Downtempo,uplifting,5,0,0.000000
2010,Dream Pop,aggressive,35,0,0.000000
2010,Dream Pop,angry,35,0,0.000000
2010,Dream Pop,anxious,35,1,0.028571
2010,Dream Pop,bittersweet,35,19,0.542857
2010,Dream Pop,calm,35,1,0.028571
2010,Dream Pop,dark,35,0,0.000000
2010,Dream Pop,depressive,35,0,0.000000
2010,Dream Pop,happy,35,0,0.000000
2010,Dream Pop,melancholic,35,19,0.542857
2010,Dream Pop,optimistic,35,0,0.000000
2010,Dream Pop,peaceful,35,2,0.057143
2010,Dream Pop,playful,35,2,0.057143
2010,Dream Pop,sad,35,6,0.171429
2010,Dream Pop,sombre,35,1,0.028571
2010,Dream Pop,uplifting,35,3,0.085714
2010,Dreampunk,aggressive,2,0,0.000000
2010,Dreampunk,angry,2,0,0.000000
2010,Dreampunk,anxious,2,0,0.000000
2010,Dreampunk,bittersweet,2,0,0.000000
2010,Dreampunk,calm,2,0,0.000000
2010,Dreampunk,dark,2,0,0.000000
2010,Dreampunk,depressive,2,0,0.000000
2010,Dreampunk,happy,2,0,0.000000
2010,Dreampunk,melancholic,2,2,1.000000
2010,Dreampunk,optimistic,2,0,0.000000
2010,Dreampunk,peaceful,2,0,0.000000
2010,Dreampunk,playful,2,0,0.000000
2010,Dreampunk,sad,2,0,0.000000
2010,Dreampunk,sombre,2,0,0.000000
2010,Dreampunk,uplifting,2,0,0.000000
2010,Drill,aggressive,1,1,1.000000
2010,Drill,angry,1,0,0.000000
2010,Drill,anxious,1,0,0.000000
2010,Drill,bittersweet,1,0,0.000000
2010,Drill,calm,1,0,0.000000
2010,Drill,dark,1,0,0.000000
2010,Drill,depressive,1,0,0.000000
2010,Drill,happy,1,0,0.000000
2010,Drill,melancholic,1,0,0.000000
2010,Drill,optimistic,1,0,0.000000
2010,Drill,peaceful,1,0,0.000000
2010,Drill,playful,1,0,0.000000
2010,Drill,sad,1,0,0.000000
2010,Drill,sombre,1,0,0.000000
2010,Drill,uplifting,1,0,0.000000
2010,Drone,aggressive,11,0,0.000000
2010,Drone,angry,11,0,0.000000
2010,Drone,anxious,11,0,0.000000
2010,Drone,bittersweet,11,1,0.090909
2010,Drone,calm,11,0,0.000000
2010,Drone,dark,11,4,0.363636
2010,Drone,depressive,11,1,0.090909
2010,Drone,happy,11,0,0.000000
2010,Drone,melancholic,11,6,0.545455
2010,Drone,optimistic,11,0,0.000000
2010,Drone,peaceful,11,0,0.000000
2010,Drone,playful,11,0,0.000000
2010,Drone,sad,11,0,0.000000
2010,Drone,sombre,11,3,0.272727
2010,Drone,uplifting,11,0,0.000000
2010,Drone Metal,aggressive,3,0,0.000000
2010,Drone Metal,angry,3,0,0.000000
2010,Drone Metal,anxious,3,2,0.666667
2010,Drone Metal,bittersweet,3,0,0.000000
2010,Drone Metal,calm,3,0,0.000000
2010,Drone Metal,dark,3,2,0.666667
2010,Drone Metal,depressive,3,0,0.000000
2010,Drone Metal,happy,3,0,0.000000
2010,Drone Metal,melancholic,3,0,0.000000
2010,Drone Metal,optimistic,3,0,0.000000
2010,Drone Metal,peaceful,3,0,0.000000
2010,Drone Metal,playful,3,0,0.000000
2010,Drone Metal,sad,3,0,0.000000
2010,Drone Metal,sombre,3,1,0.333333
2010,Drone Metal,uplifting,3,0,0.000000
2010,Drumless,aggressive,2,0,0.000000
2010,Drumless,angry,2,0,0.000000
2010,Drumless,anxious,2,0,0.000000
2010,Drumless,bittersweet,2,0,0.000000
2010,Drumless,calm,2,1,0.500000
2010,Drumless,dark,2,1,0.500000
2010,Drumless,depressive,2,0,0.000000
2010,Drumless,happy,2,0,0.000000
2010,Drumless,melancholic,2,0,0.000000
2010,Drumless,optimistic,2,0,0.000000
2010,Drumless,peaceful,2,0,0.000000
2010,Drumless,playful,2,0,0.000000
2010,Drumless,sad,2,0,0.000000
2010,Drumless,sombre,2,1,0.500000
2010,Drumless,uplifting,2,0,0.000000
2010,Dub Techno,aggressive,2,0,0.000000
2010,Dub Techno,angry,2,0,0.000000
2010,Dub Techno,anxious,2,0,0.000000
2010,Dub Techno,bittersweet,2,0,0.000000
2010,Dub Techno,calm,2,0,0.000000
2010,Dub Techno,dark,2,1,0.500000
2010,Dub Techno,depressive,2,0,0.000000
2010,Dub Techno,happy,2,0,0.000000
2010,Dub Techno,melancholic,2,0,0.000000
2010,Dub Techno,optimistic,2,0,0.000000
2010,Dub Techno,peaceful,2,0,0.000000
2010,Dub Techno,playful,2,0,0.000000
2010,Dub Techno,sad,2,0,0.000000
2010,Dub Techno,sombre,2,1,0.500000
2010,Dub Techno,uplifting,2,0,0.000000
2010,East Coast Hip Hop,aggressive,39,6,0.153846
2010,East Coast Hip Hop,angry,39,0,0.000000
2010,East Coast Hip Hop,anxious,39,1,0.025641
2010,East Coast Hip Hop,bittersweet,39,4,0.102564
2010,East Coast Hip Hop,calm,39,1,0.025641
2010,East Coast Hip Hop,dark,39,6,0.153846
2010,East Coast Hip Hop,depressive,39,2,0.051282
2010,East Coast Hip Hop,happy,39,0,0.000000
2010,East Coast Hip Hop,melancholic,39,2,0.051282
2010,East Coast Hip Hop,optimistic,39,1,0.025641
2010,East Coast Hip Hop,peaceful,39,0,0.000000
2010,East Coast Hip Hop,playful,39,6,0.153846
2010,East Coast Hip Hop,sad,39,1,0.025641
2010,East Coast Hip Hop,sombre,39,5,0.128205
2010,East Coast Hip Hop,uplifting,39,0,0.000000
2010,Electro House,aggressive,1,0,0.000000
2010,Electro House,angry,1,0,0.000000
2010,Electro House,anxious,1,0,0.000000
2010,Electro House,bittersweet,1,0,0.000000
2010,Electro House,calm,1,0,0.000000
2010,Electro House,dark,1,0,0.000000
2010,Electro House,depressive,1,0,0.000000
2010,Electro House,happy,1,0,0.000000
2010,Electro House,melancholic,1,0,0.000000
2010,Electro House,optimistic,1,0,0.000000
2010,Electro House,peaceful,1,0,0.000000
2010,Electro House,playful,1,1,1.000000
2010,Electro House,sad,1,0,0.000000
2010,Electro House,sombre,1,0,0.000000
2010,Electro House,uplifting,1,1,1.000000
2010,Electro-Disco,aggressive,1,0,0.000000
2010,Electro-Disco,angry,1,0,0.000000
2010,Electro-Disco,anxious,1,0,0.000000
2010,Electro-Disco,bittersweet,1,0,0.000000
2010,Electro-Disco,calm,1,0,0.000000
2010,Electro-Disco,dark,1,0,0.000000
2010,Electro-Disco,depressive,1,0,0.000000
2010,Electro-Disco,happy,1,1,1.000000
2010,Electro-Disco,melancholic,1,0,0.000000
2010,Electro-Disco,optimistic,1,0,0.000000
2010,Electro-Disco,peaceful,1,0,0.000000
2010,Electro-Disco,playful,1,1,1.000000
2010,Electro-Disco,sad,1,0,0.000000
2010,Electro-Disco,sombre,1,0,0.000000
2010,Electro-Disco,uplifting,1,1,1.000000
2010,Electro-Industrial,aggressive,7,5,0.714286
2010,Electro-Industrial,angry,7,1,0.142857
2010,Electro-Industrial,anxious,7,3,0.428571
2010,Electro-Industrial,bittersweet,7,0,0.000000
2010,Electro-Industrial,calm,7,0,0.000000
2010,Electro-Industrial,dark,7,3,0.428571
2010,Electro-Industrial,depressive,7,1,0.142857
2010,Electro-Industrial,happy,7,0,0.000000
2010,Electro-Industrial,melancholic,7,1,0.142857
2010,Electro-Industrial,optimistic,7,0,0.000000
2010,Electro-Industrial,peaceful,7,0,0.000000
2010,Electro-Industrial,playful,7,2,0.285714
2010,Electro-Industrial,sad,7,0,0.000000
2010,Electro-Industrial,sombre,7,0,0.000000
2010,Electro-Industrial,uplifting,7,1,0.142857
2010,Electroacoustic,aggressive,3,0,0.000000
2010,Electroacoustic,angry,3,0,0.000000
2010,Electroacoustic,anxious,3,0,0.000000
2010,Electroacoustic,bittersweet,3,0,0.000000
2010,Electroacoustic,calm,3,0,0.000000
2010,Electroacoustic,dark,3,1,0.333333
2010,Electroacoustic,depressive,3,0,0.000000
2010,Electroacoustic,happy,3,0,0.000000
2010,Electroacoustic,melancholic,3,1,0.333333
2010,Electroacoustic,optimistic,3,0,0.000000
2010,Electroacoustic,peaceful,3,0,0.000000
2010,Electroacoustic,playful,3,0,0.000000
2010,Electroacoustic,sad,3,0,0.000000
2010,Electroacoustic,sombre,3,1,0.333333
2010,Electroacoustic,uplifting,3,0,0.000000
2010,Electroclash,aggressive,1,0,0.000000
2010,Electroclash,angry,1,0,0.000000
2010,Electroclash,anxious,1,1,1.000000
2010,Electroclash,bittersweet,1,0,0.000000
2010,Electroclash,calm,1,0,0.000000
2010,Electroclash,dark,1,1,1.000000
2010,Electroclash,depressive,1,0,0.000000
2010,Electroclash,happy,1,0,0.000000
2010,Electroclash,melancholic,1,0,0.000000
2010,Electroclash,optimistic,1,0,0.000000
2010,Electroclash,peaceful,1,0,0.000000
2010,Electroclash,playful,1,1,1.000000
2010,Electroclash,sad,1,0,0.000000
2010,Electroclash,sombre,1,0,0.000000
2010,Electroclash,uplifting,1,0,0.000000
2010,Electronic,aggressive,20,0,0.000000
2010,Electronic,angry,20,0,0.000000
2010,Electronic,anxious,20,3,0.150000
2010,Electronic,bittersweet,20,1,0.050000
2010,Electronic,calm,20,1,0.050000
2010,Electronic,dark,20,4,0.200000
2010,Electronic,depressive,20,0,0.000000
2010,Electronic,happy,20,0,0.000000
2010,Electronic,melancholic,20,6,0.300000
2010,Electronic,optimistic,20,1,0.050000
2010,Electronic,peaceful,20,2,0.100000
2010,Electronic,playful,20,2,0.100000
2010,Electronic,sad,20,0,0.000000
2010,Electronic,sombre,20,1,0.050000
2010,Electronic,uplifting,20,1,0.050000
2010,Electronic Dance Music,aggressive,3,0,0.000000
2010,Electronic Dance Music,angry,3,0,0.000000
2010,Electronic Dance Music,anxious,3,0,0.000000
2010,Electronic Dance Music,bittersweet,3,1,0.333333
2010,Electronic Dance Music,calm,3,0,0.000000
2010,Electronic Dance Music,dark,3,0,0.000000
2010,Electronic Dance Music,depressive,3,0,0.000000
2010,Electronic Dance Music,happy,3,0,0.000000
2010,Electronic Dance Music,melancholic,3,0,0.000000
2010,Electronic Dance Music,optimistic,3,0,0.000000
2010,Electronic Dance Music,peaceful,3,0,0.000000
2010,Electronic Dance Music,playful,3,0,0.000000
2010,Electronic Dance Music,sad,3,0,0.000000
2010,Electronic Dance Music,sombre,3,0,0.000000
2010,Electronic Dance Music,uplifting,3,1,0.333333
2010,Electropop,aggressive,54,4,0.074074
2010,Electropop,angry,54,2,0.037037
2010,Electropop,anxious,54,8,0.148148
2010,Electropop,bittersweet,54,22,0.407407
2010,Electropop,calm,54,0,0.000000
2010,Electropop,dark,54,6,0.111111
2010,Electropop,depressive,54,3,0.055556
2010,Electropop,happy,54,3,0.055556
2010,Electropop,melancholic,54,11,0.203704
2010,Electropop,optimistic,54,6,0.111111
2010,Electropop,peaceful,54,0,0.000000
2010,Electropop,playful,54,14,0.259259
2010,Electropop,sad,54,0,0.000000
2010,Electropop,sombre,54,3,0.055556
2010,Electropop,uplifting,54,15,0.277778
2010,Emo,aggressive,6,1,0.166667
2010,Emo,angry,6,0,0.000000
2010,Emo,anxious,6,5,0.833333
2010,Emo,bittersweet,6,1,0.166667
2010,Emo,calm,6,0,0.000000
2010,Emo,dark,6,1,0.166667
2010,Emo,depressive,6,1,0.166667
2010,Emo,happy,6,0,0.000000
2010,Emo,melancholic,6,5,0.833333
2010,Emo,optimistic,6,0,0.000000
2010,Emo,peaceful,6,0,0.000000
2010,Emo,playful,6,0,0.000000
2010,Emo,sad,6,1,0.166667
2010,Emo,sombre,6,2,0.333333
2010,Emo,uplifting,6,0,0.000000
2010,Emo Rap,aggressive,9,1,0.111111
2010,Emo Rap,angry,9,1,0.111111
2010,Emo Rap,anxious,9,1,0.111111
2010,Emo Rap,bittersweet,9,2,0.222222
2010,Emo Rap,calm,9,0,0.000000
2010,Emo Rap,dark,9,0,0.000000
2010,Emo Rap,depressive,9,4,0.444444
2010,Emo Rap,happy,9,0,0.000000
2010,Emo Rap,melancholic,9,6,0.666667
2010,Emo Rap,optimistic,9,0,0.000000
2010,Emo Rap,peaceful,9,0,0.000000
2010,Emo Rap,playful,9,0,0.000000
2010,Emo Rap,sad,9,2,0.222222
2010,Emo Rap,sombre,9,1,0.111111
2010,Emo Rap,uplifting,9,0,0.000000
2010,Emo-Pop,aggressive,3,1,0.333333
2010,Emo-Pop,angry,3,1,0.333333
2010,Emo-Pop,anxious,3,2,0.666667
2010,Emo-Pop,bittersweet,3,0,0.000000
2010,Emo-Pop,calm,3,0,0.000000
2010,Emo-Pop,dark,3,0,0.000000
2010,Emo-Pop,depressive,3,0,0.000000
2010,Emo-Pop,happy,3,0,0.000000
2010,Emo-Pop,melancholic,3,0,0.000000
2010,Emo-Pop,optimistic,3,1,0.333333
2010,Emo-Pop,peaceful,3,0,0.000000
2010,Emo-Pop,playful,3,0,0.000000
2010,Emo-Pop,sad,3,0,0.000000
2010,Emo-Pop,sombre,3,0,0.000000
2010,Emo-Pop,uplifting,3,1,0.333333
2010,Epic Collage,aggressive,1,1,1.000000
2010,Epic Collage,angry,1,0,0.000000
2010,Epic Collage,anxious,1,1,1.000000
2010,Epic Collage,bittersweet,1,0,0.000000
2010,Epic Collage,calm,1,0,0.000000
2010,Epic Collage,dark,1,1,1.000000
2010,Epic Collage,depressive,1,0,0.000000
2010,Epic Collage,happy,1,0,0.000000
2010,Epic Collage,melancholic,1,0,0.000000
2010,Epic Collage,optimistic,1,0,0.000000
2010,Epic Collage,peaceful,1,0,0.000000
2010,Epic Collage,playful,1,0,0.000000
2010,Epic Collage,sad,1,0,0.000000
2010,Epic Collage,sombre,1,0,0.000000
2010,Epic Collage,uplifting,1,0,0.000000
2010,Ethereal Wave,aggressive,4,0,0.000000
2010,Ethereal Wave,angry,4,0,0.000000
2010,Ethereal Wave,anxious,4,0,0.000000
2010,Ethereal Wave,bittersweet,4,0,0.000000
2010,Ethereal Wave,calm,4,0,0.000000
2010,Ethereal Wave,dark,4,3,0.750000
2010,Ethereal Wave,depressive,4,0,0.000000
2010,Ethereal Wave,happy,4,0,0.000000
2010,Ethereal Wave,melancholic,4,2,0.500000
2010,Ethereal Wave,optimistic,4,0,0.000000
2010,Ethereal Wave,peaceful,4,0,0.000000
2010,Ethereal Wave,playful,4,0,0.000000
2010,Ethereal Wave,sad,4,0,0.000000
2010,Ethereal Wave,sombre,4,3,0.750000
2010,Ethereal Wave,uplifting,4,0,0.000000
2010,Experimental,aggressive,9,0,0.000000
2010,Experimental,angry,9,0,0.000000
2010,Experimental,anxious,9,3,0.333333
2010,Experimental,bittersweet,9,0,0.000000
2010,Experimental,calm,9,0,0.000000
2010,Experimental,dark,9,3,0.333333
2010,Experimental,depressive,9,0,0.000000
2010,Experimental,happy,9,0,0.000000
2010,Experimental,melancholic,9,0,0.000000
2010,Experimental,optimistic,9,0,0.000000
2010,Experimental,peaceful,9,0,0.000000
2010,Experimental,playful,9,1,0.111111
2010,Experimental,sad,9,0,0.000000
2010,Experimental,sombre,9,1,0.111111
2010,Experimental,uplifting,9,0,0.000000
2010,Experimental Big Band,aggressive,1,0,0.000000
2010,Experimental Big Band,angry,1,0,0.000000
2010,Experimental Big Band,anxious,1,1,1.000000
2010,Experimental Big Band,bittersweet,1,0,0.000000
2010,Experimental Big Band,calm,1,0,0.000000
2010,Experimental Big Band,dark,1,0,0.000000
2010,Experimental Big Band,depressive,1,0,0.000000
2010,Experimental Big Band,happy,1,0,0.000000
2010,Experimental Big Band,melancholic,1,0,0.000000
2010,Experimental Big Band,optimistic,1,0,0.000000
2010,Experimental Big Band,peaceful,1,0,0.000000
2010,Experimental Big Band,playful,1,0,0.000000
2010,Experimental Big Band,sad,1,0,0.000000
2010,Experimental Big Band,sombre,1,0,0.000000
2010,Experimental Big Band,uplifting,1,0,0.000000
2010,Experimental Hip Hop,aggressive,37,12,0.324324
2010,Experimental Hip Hop,angry,37,5,0.135135
2010,Experimental Hip Hop,anxious,37,5,0.135135
2010,Experimental Hip Hop,bittersweet,37,2,0.054054
2010,Experimental Hip Hop,calm,37,1,0.027027
2010,Experimental Hip Hop,dark,37,9,0.243243
2010,Experimental Hip Hop,depressive,37,3,0.081081
2010,Experimental Hip Hop,happy,37,0,0.000000
2010,Experimental Hip Hop,melancholic,37,1,0.027027
2010,Experimental Hip Hop,optimistic,37,0,0.000000
2010,Experimental Hip Hop,peaceful,37,0,0.000000
2010,Experimental Hip Hop,playful,37,4,0.108108
2010,Experimental Hip Hop,sad,37,2,0.054054
2010,Experimental Hip Hop,sombre,37,5,0.135135
2010,Experimental Hip Hop,uplifting,37,2,0.054054
2010,Experimental Rock,aggressive,23,3,0.130435
2010,Experimental Rock,angry,23,1,0.043478
2010,Experimental Rock,anxious,23,5,0.217391
2010,Experimental Rock,bittersweet,23,2,0.086957
2010,Experimental Rock,calm,23,0,0.000000
2010,Experimental Rock,dark,23,8,0.347826
2010,Experimental Rock,depressive,23,3,0.130435
2010,Experimental Rock,happy,23,2,0.086957
2010,Experimental Rock,melancholic,23,2,0.086957
2010,Experimental Rock,optimistic,23,0,0.000000
2010,Experimental Rock,peaceful,23,0,0.000000
2010,Experimental Rock,playful,23,6,0.260870
2010,Experimental Rock,sad,23,0,0.000000
2010,Experimental Rock,sombre,23,4,0.173913
2010,Experimental Rock,uplifting,23,0,0.000000
2010,Film Score,aggressive,8,0,0.000000
2010,Film Score,angry,8,0,0.000000
2010,Film Score,anxious,8,4,0.500000
2010,Film Score,bittersweet,8,1,0.125000
2010,Film Score,calm,8,1,0.125000
2010,Film Score,dark,8,4,0.500000
2010,Film Score,depressive,8,0,0.000000
2010,Film Score,happy,8,0,0.000000
2010,Film Score,melancholic,8,2,0.250000
2010,Film Score,optimistic,8,0,0.000000
2010,Film Score,peaceful,8,0,0.000000
2010,Film Score,playful,8,0,0.000000
2010,Film Score,sad,8,0,0.000000
2010,Film Score,sombre,8,3,0.375000
2010,Film Score,uplifting,8,0,0.000000
2010,Film Soundtrack,aggressive,1,1,1.000000
2010,Film Soundtrack,angry,1,0,0.000000
2010,Film Soundtrack,anxious,1,0,0.000000
2010,Film Soundtrack,bittersweet,1,0,0.000000
2010,Film Soundtrack,calm,1,0,0.000000
2010,Film Soundtrack,dark,1,0,0.000000
2010,Film Soundtrack,depressive,1,0,0.000000
2010,Film Soundtrack,happy,1,0,0.000000
2010,Film Soundtrack,melancholic,1,0,0.000000
2010,Film Soundtrack,optimistic,1,0,0.000000
2010,Film Soundtrack,peaceful,1,0,0.000000
2010,Film Soundtrack,playful,1,0,0.000000
2010,Film Soundtrack,sad,1,0,0.000000
2010,Film Soundtrack,sombre,1,0,0.000000
2010,Film Soundtrack,uplifting,1,0,0.000000
2010,Flamenco Pop,aggressive,1,0,0.000000
2010,Flamenco Pop,angry,1,0,0.000000
2010,Flamenco Pop,anxious,1,0,0.000000
2010,Flamenco Pop,bittersweet,1,0,0.000000
2010,Flamenco Pop,calm,1,0,0.000000
2010,Flamenco Pop,dark,1,0,0.000000
2010,Flamenco Pop,depressive,1,0,0.000000
2010,Flamenco Pop,happy,1,0,0.000000
2010,Flamenco Pop,melancholic,1,0,0.000000
2010,Flamenco Pop,optimistic,1,0,0.000000
2010,Flamenco Pop,peaceful,1,0,0.000000
2010,Flamenco Pop,playful,1,0,0.000000
2010,Flamenco Pop,sad,1,0,0.000000
2010,Flamenco Pop,sombre,1,0,0.000000
2010,Flamenco Pop,uplifting,1,0,0.000000
2010,Flamenconuevo,aggressive,2,0,0.000000
2010,Flamenconuevo,angry,2,0,0.000000
2010,Flamenconuevo,anxious,2,0,0.000000
2010,Flamenconuevo,bittersweet,2,0,0.000000
2010,Flamenconuevo,calm,2,0,0.000000
2010,Flamenconuevo,dark,2,1,0.500000
2010,Flamenconuevo,depressive,2,0,0.000000
2010,Flamenconuevo,happy,2,0,0.000000
2010,Flamenconuevo,melancholic,2,1,0.500000
2010,Flamenconuevo,optimistic,2,0,0.000000
2010,Flamenconuevo,peaceful,2,0,0.000000
2010,Flamenconuevo,playful,2,0,0.000000
2010,Flamenconuevo,sad,2,0,0.000000
2010,Flamenconuevo,sombre,2,1,0.500000
2010,Flamenconuevo,uplifting,2,0,0.000000
2010,Folk Pop,aggressive,4,0,0.000000
2010,Folk Pop,angry,4,0,0.000000
2010,Folk Pop,anxious,4,0,0.000000
2010,Folk Pop,bittersweet,4,1,0.250000
2010,Folk Pop,calm,4,0,0.000000
2010,Folk Pop,dark,4,0,0.000000
2010,Folk Pop,depressive,4,0,0.000000
2010,Folk Pop,happy,4,0,0.000000
2010,Folk Pop,melancholic,4,2,0.500000
2010,Folk Pop,optimistic,4,0,0.000000
2010,Folk Pop,peaceful,4,0,0.000000
2010,Folk Pop,playful,4,0,0.000000
2010,Folk Pop,sad,4,0,0.000000
2010,Folk Pop,sombre,4,0,0.000000
2010,Folk Pop,uplifting,4,0,0.000000
2010,Folk Punk,aggressive,2,0,0.000000
2010,Folk Punk,angry,2,0,0.000000
2010,Folk Punk,anxious,2,2,1.000000
2010,Folk Punk,bittersweet,2,0,0.000000
2010,Folk Punk,calm,2,0,0.000000
2010,Folk Punk,dark,2,0,0.000000
2010,Folk Punk,depressive,2,1,0.500000
2010,Folk Punk,happy,2,0,0.000000
2010,Folk Punk,melancholic,2,0,0.000000
2010,Folk Punk,optimistic,2,0,0.000000
2010,Folk Punk,peaceful,2,0,0.000000
2010,Folk Punk,playful,2,0,0.000000
2010,Folk Punk,sad,2,0,0.000000
2010,Folk Punk,sombre,2,0,0.000000
2010,Folk Punk,uplifting,2,0,0.000000
2010,Folk Rock,aggressive,5,0,0.000000
2010,Folk Rock,angry,5,0,0.000000
2010,Folk Rock,anxious,5,0,0.000000
2010,Folk Rock,bittersweet,5,3,0.600000
2010,Folk Rock,calm,5,1,0.200000
2010,Folk Rock,dark,5,0,0.000000
2010,Folk Rock,depressive,5,0,0.000000
2010,Folk Rock,happy,5,1,0.200000
2010,Folk Rock,melancholic,5,2,0.400000
2010,Folk Rock,optimistic,5,0,0.000000
2010,Folk Rock,peaceful,5,1,0.200000
2010,Folk Rock,playful,5,0,0.000000
2010,Folk Rock,sad,5,0,0.000000
2010,Folk Rock,sombre,5,0,0.000000
2010,Folk Rock,uplifting,5,0,0.000000
2010,Folktronica,aggressive,3,0,0.000000
2010,Folktronica,angry,3,0,0.000000
2010,Folktronica,anxious,3,0,0.000000
2010,Folktronica,bittersweet,3,0,0.000000
2010,Folktronica,calm,3,0,0.000000
2010,Folktronica,dark,3,0,0.000000
2010,Folktronica,depressive,3,0,0.000000
2010,Folktronica,happy,3,0,0.000000
2010,Folktronica,melancholic,3,0,0.000000
2010,Folktronica,optimistic,3,0,0.000000
2010,Folktronica,peaceful,3,0,0.000000
2010,Folktronica,playful,3,1,0.333333
2010,Folktronica,sad,3,0,0.000000
2010,Folktronica,sombre,3,0,0.000000
2010,Folktronica,uplifting,3,1,0.333333
2010,Footwork,aggressive,4,2,0.500000
2010,Footwork,angry,4,1,0.250000
2010,Footwork,anxious,4,0,0.000000
2010,Footwork,bittersweet,4,0,0.000000
2010,Footwork,calm,4,0,0.000000
2010,Footwork,dark,4,0,0.000000
2010,Footwork,depressive,4,0,0.000000
2010,Footwork,happy,4,0,0.000000
2010,Footwork,melancholic,4,0,0.000000
2010,Footwork,optimistic,4,0,0.000000
2010,Footwork,peaceful,4,0,0.000000
2010,Footwork,playful,4,1,0.250000
2010,Footwork,sad,4,0,0.000000
2010,Footwork,sombre,4,0,0.000000
2010,Footwork,uplifting,4,0,0.000000
2010,Footwork Jungle,aggressive,1,1,1.000000
2010,Footwork Jungle,angry,1,0,0.000000
2010,Footwork Jungle,anxious,1,0,0.000000
2010,Footwork Jungle,bittersweet,1,0,0.000000
2010,Footwork Jungle,calm,1,0,0.000000
2010,Footwork Jungle,dark,1,0,0.000000
2010,Footwork Jungle,depressive,1,0,0.000000
2010,Footwork Jungle,happy,1,0,0.000000
2010,Footwork Jungle,melancholic,1,0,0.000000
2010,Footwork Jungle,optimistic,1,0,0.000000
2010,Footwork Jungle,peaceful,1,0,0.000000
2010,Footwork Jungle,playful,1,0,0.000000
2010,Footwork Jungle,sad,1,0,0.000000
2010,Footwork Jungle,sombre,1,0,0.000000
2010,Footwork Jungle,uplifting,1,0,0.000000
2010,Free Jazz,aggressive,1,0,0.000000
2010,Free Jazz,angry,1,0,0.000000
2010,Free Jazz,anxious,1,0,0.000000
2010,Free Jazz,bittersweet,1,0,0.000000
2010,Free Jazz,calm,1,0,0.000000
2010,Free Jazz,dark,1,0,0.000000
2010,Free Jazz,depressive,1,0,0.000000
2010,Free Jazz,happy,1,0,0.000000
2010,Free Jazz,melancholic,1,0,0.000000
2010,Free Jazz,optimistic,1,0,0.000000
2010,Free Jazz,peaceful,1,0,0.000000
2010,Free Jazz,playful,1,0,0.000000
2010,Free Jazz,sad,1,0,0.000000
2010,Free Jazz,sombre,1,0,0.000000
2010,Free Jazz,uplifting,1,0,0.000000
2010,Funeral Doom Metal,aggressive,1,0,0.000000
2010,Funeral Doom Metal,angry,1,0,0.000000
2010,Funeral Doom Metal,anxious,1,0,0.000000
2010,Funeral Doom Metal,bittersweet,1,0,0.000000
2010,Funeral Doom Metal,calm,1,0,0.000000
2010,Funeral Doom Metal,dark,1,0,0.000000
2010,Funeral Doom Metal,depressive,1,1,1.000000
2010,Funeral Doom Metal,happy,1,0,0.000000
2010,Funeral Doom Metal,melancholic,1,1,1.000000
2010,Funeral Doom Metal,optimistic,1,0,0.000000
2010,Funeral Doom Metal,peaceful,1,0,0.000000
2010,Funeral Doom Metal,playful,1,0,0.000000
2010,Funeral Doom Metal,sad,1,0,0.000000
2010,Funeral Doom Metal,sombre,1,1,1.000000
2010,Funeral Doom Metal,uplifting,1,0,0.000000
2010,Funk,aggressive,4,0,0.000000
2010,Funk,angry,4,0,0.000000
2010,Funk,anxious,4,0,0.000000
2010,Funk,bittersweet,4,0,0.000000
2010,Funk,calm,4,0,0.000000
2010,Funk,dark,4,0,0.000000
2010,Funk,depressive,4,0,0.000000
2010,Funk,happy,4,0,0.000000
2010,Funk,melancholic,4,0,0.000000
2010,Funk,optimistic,4,0,0.000000
2010,Funk,peaceful,4,0,0.000000
2010,Funk,playful,4,2,0.500000
2010,Funk,sad,4,0,0.000000
2010,Funk,sombre,4,0,0.000000
2010,Funk,uplifting,4,2,0.500000
2010,Funktronica,aggressive,1,0,0.000000
2010,Funktronica,angry,1,0,0.000000
2010,Funktronica,anxious,1,0,0.000000
2010,Funktronica,bittersweet,1,0,0.000000
2010,Funktronica,calm,1,0,0.000000
2010,Funktronica,dark,1,0,0.000000
2010,Funktronica,depressive,1,0,0.000000
2010,Funktronica,happy,1,0,0.000000
2010,Funktronica,melancholic,1,0,0.000000
2010,Funktronica,optimistic,1,0,0.000000
2010,Funktronica,peaceful,1,0,0.000000
2010,Funktronica,playful,1,1,1.000000
2010,Funktronica,sad,1,0,0.000000
2010,Funktronica,sombre,1,0,0.000000
2010,Funktronica,uplifting,1,0,0.000000
2010,Funky House,aggressive,1,0,0.000000
2010,Funky House,angry,1,0,0.000000
2010,Funky House,anxious,1,0,0.000000
2010,Funky House,bittersweet,1,0,0.000000
2010,Funky House,calm,1,0,0.000000
2010,Funky House,dark,1,0,0.000000
2010,Funky House,depressive,1,0,0.000000
2010,Funky House,happy,1,0,0.000000
2010,Funky House,melancholic,1,0,0.000000
2010,Funky House,optimistic,1,0,0.000000
2010,Funky House,peaceful,1,0,0.000000
2010,Funky House,playful,1,1,1.000000
2010,Funky House,sad,1,0,0.000000
2010,Funky House,sombre,1,0,0.000000
2010,Funky House,uplifting,1,0,0.000000
2010,Future Bass,aggressive,3,0,0.000000
2010,Future Bass,angry,3,0,0.000000
2010,Future Bass,anxious,3,0,0.000000
2010,Future Bass,bittersweet,3,0,0.000000
2010,Future Bass,calm,3,0,0.000000
2010,Future Bass,dark,3,0,0.000000
2010,Future Bass,depressive,3,0,0.000000
2010,Future Bass,happy,3,0,0.000000
2010,Future Bass,melancholic,3,0,0.000000
2010,Future Bass,optimistic,3,0,0.000000
2010,Future Bass,peaceful,3,0,0.000000
2010,Future Bass,playful,3,2,0.666667
2010,Future Bass,sad,3,0,0.000000
2010,Future Bass,sombre,3,0,0.000000
2010,Future Bass,uplifting,3,1,0.333333
2010,Future Funk,aggressive,1,0,0.000000
2010,Future Funk,angry,1,0,0.000000
2010,Future Funk,anxious,1,0,0.000000
2010,Future Funk,bittersweet,1,0,0.000000
2010,Future Funk,calm,1,0,0.000000
2010,Future Funk,dark,1,0,0.000000
2010,Future Funk,depressive,1,0,0.000000
2010,Future Funk,happy,1,0,0.000000
2010,Future Funk,melancholic,1,0,0.000000
2010,Future Funk,optimistic,1,1,1.000000
2010,Future Funk,peaceful,1,0,0.000000
2010,Future Funk,playful,1,1,1.000000
2010,Future Funk,sad,1,0,0.000000
2010,Future Funk,sombre,1,0,0.000000
2010,Future Funk,uplifting,1,1,1.000000
2010,Future Garage,aggressive,3,0,0.000000
2010,Future Garage,angry,3,0,0.000000
2010,Future Garage,anxious,3,0,0.000000
2010,Future Garage,bittersweet,3,2,0.666667
2010,Future Garage,calm,3,0,0.000000
2010,Future Garage,dark,3,0,0.000000
2010,Future Garage,depressive,3,0,0.000000
2010,Future Garage,happy,3,0,0.000000
2010,Future Garage,melancholic,3,0,0.000000
2010,Future Garage,optimistic,3,0,0.000000
2010,Future Garage,peaceful,3,0,0.000000
2010,Future Garage,playful,3,0,0.000000
2010,Future Garage,sad,3,0,0.000000
2010,Future Garage,sombre,3,0,0.000000
2010,Future Garage,uplifting,3,0,0.000000
2010,Futurepop,aggressive,1,0,0.000000
2010,Futurepop,angry,1,0,0.000000
2010,Futurepop,anxious,1,0,0.000000
2010,Futurepop,bittersweet,1,0,0.000000
2010,Futurepop,calm,1,0,0.000000
2010,Futurepop,dark,1,1,1.000000
2010,Futurepop,depressive,1,0,0.000000
2010,Futurepop,happy,1,0,0.000000
2010,Futurepop,melancholic,1,1,1.000000
2010,Futurepop,optimistic,1,0,0.000000
2010,Futurepop,peaceful,1,0,0.000000
2010,Futurepop,playful,1,0,0.000000
2010,Futurepop,sad,1,0,0.000000
2010,Futurepop,sombre,1,0,0.000000
2010,Futurepop,uplifting,1,0,0.000000
2010,Gangsta Rap,aggressive,14,7,0.500000
2010,Gangsta Rap,angry,14,0,0.000000
2010,Gangsta Rap,anxious,14,1,0.071429
2010,Gangsta Rap,bittersweet,14,0,0.000000
2010,Gangsta Rap,calm,14,0,0.000000
2010,Gangsta Rap,dark,14,1,0.071429
2010,Gangsta Rap,depressive,14,0,0.000000
2010,Gangsta Rap,happy,14,0,0.000000
2010,Gangsta Rap,melancholic,14,0,0.000000
2010,Gangsta Rap,optimistic,14,0,0.000000
2010,Gangsta Rap,peaceful,14,0,0.000000
2010,Gangsta Rap,playful,14,0,0.000000
2010,Gangsta Rap,sad,14,0,0.000000
2010,Gangsta Rap,sombre,14,1,0.071429
2010,Gangsta Rap,uplifting,14,0,0.000000
2010,Garage Punk,aggressive,6,0,0.000000
2010,Garage Punk,angry,6,1,0.166667
2010,Garage Punk,anxious,6,1,0.166667
2010,Garage Punk,bittersweet,6,0,0.000000
2010,Garage Punk,calm,6,0,0.000000
2010,Garage Punk,dark,6,1,0.166667
2010,Garage Punk,depressive,6,0,0.000000
2010,Garage Punk,happy,6,0,0.000000
2010,Garage Punk,melancholic,6,0,0.000000
2010,Garage Punk,optimistic,6,0,0.000000
2010,Garage Punk,peaceful,6,0,0.000000
2010,Garage Punk,playful,6,3,0.500000
2010,Garage Punk,sad,6,0,0.000000
2010,Garage Punk,sombre,6,0,0.000000
2010,Garage Punk,uplifting,6,0,0.000000
2010,Garage Rock,aggressive,12,0,0.000000
2010,Garage Rock,angry,12,0,0.000000
2010,Garage Rock,anxious,12,0,0.000000
2010,Garage Rock,bittersweet,12,0,0.000000
2010,Garage Rock,calm,12,0,0.000000
2010,Garage Rock,dark,12,0,0.000000
2010,Garage Rock,depressive,12,0,0.000000
2010,Garage Rock,happy,12,0,0.000000
2010,Garage Rock,melancholic,12,0,0.000000
2010,Garage Rock,optimistic,12,0,0.000000
2010,Garage Rock,peaceful,12,0,0.000000
2010,Garage Rock,playful,12,7,0.583333
2010,Garage Rock,sad,12,0,0.000000
2010,Garage Rock,sombre,12,0,0.000000
2010,Garage Rock,uplifting,12,1,0.083333
2010,Garage Rock Revival,aggressive,1,0,0.000000
2010,Garage Rock Revival,angry,1,0,0.000000
2010,Garage Rock Revival,anxious,1,0,0.000000
2010,Garage Rock Revival,bittersweet,1,1,1.000000
2010,Garage Rock Revival,calm,1,0,0.000000
2010,Garage Rock Revival,dark,1,0,0.000000
2010,Garage Rock Revival,depressive,1,0,0.000000
2010,Garage Rock Revival,happy,1,0,0.000000
2010,Garage Rock Revival,melancholic,1,1,1.000000
2010,Garage Rock Revival,optimistic,1,0,0.000000
2010,Garage Rock Revival,peaceful,1,0,0.000000
2010,Garage Rock Revival,playful,1,0,0.000000
2010,Garage Rock Revival,sad,1,0,0.000000
2010,Garage Rock Revival,sombre,1,0,0.000000
2010,Garage Rock Revival,uplifting,1,0,0.000000
2010,Glitch,aggressive,5,0,0.000000
2010,Glitch,angry,5,0,0.000000
2010,Glitch,anxious,5,0,0.000000
2010,Glitch,bittersweet,5,0,0.000000
2010,Glitch,calm,5,0,0.000000
2010,Glitch,dark,5,0,0.000000
2010,Glitch,depressive,5,0,0.000000
2010,Glitch,happy,5,0,0.000000
2010,Glitch,melancholic,5,1,0.200000
2010,Glitch,optimistic,5,0,0.000000
2010,Glitch,peaceful,5,0,0.000000
2010,Glitch,playful,5,2,0.400000
2010,Glitch,sad,5,0,0.000000
2010,Glitch,sombre,5,0,0.000000
2010,Glitch,uplifting,5,0,0.000000
2010,Glitch Hop,aggressive,10,2,0.200000
2010,Glitch Hop,angry,10,0,0.000000
2010,Glitch Hop,anxious,10,2,0.200000
2010,Glitch Hop,bittersweet,10,0,0.000000
2010,Glitch Hop,calm,10,0,0.000000
2010,Glitch Hop,dark,10,1,0.100000
2010,Glitch Hop,depressive,10,0,0.000000
2010,Glitch Hop,happy,10,1,0.100000
2010,Glitch Hop,melancholic,10,0,0.000000
2010,Glitch Hop,optimistic,10,0,0.000000
2010,Glitch Hop,peaceful,10,0,0.000000
2010,Glitch Hop,playful,10,3,0.300000
2010,Glitch Hop,sad,10,0,0.000000
2010,Glitch Hop,sombre,10,1,0.100000
2010,Glitch Hop,uplifting,10,0,0.000000
2010,Glitch Pop,aggressive,16,0,0.000000
2010,Glitch Pop,angry,16,0,0.000000
2010,Glitch Pop,anxious,16,3,0.187500
2010,Glitch Pop,bittersweet,16,0,0.000000
2010,Glitch Pop,calm,16,0,0.000000
2010,Glitch Pop,dark,16,3,0.187500
2010,Glitch Pop,depressive,16,2,0.125000
2010,Glitch Pop,happy,16,1,0.062500
2010,Glitch Pop,melancholic,16,6,0.375000
2010,Glitch Pop,optimistic,16,0,0.000000
2010,Glitch Pop,peaceful,16,1,0.062500
2010,Glitch Pop,playful,16,2,0.125000
2010,Glitch Pop,sad,16,1,0.062500
2010,Glitch Pop,sombre,16,3,0.187500
2010,Glitch Pop,uplifting,16,0,0.000000
2010,Gothic Country,aggressive,1,0,0.000000
2010,Gothic Country,angry,1,0,0.000000
2010,Gothic Country,anxious,1,0,0.000000
2010,Gothic Country,bittersweet,1,0,0.000000
2010,Gothic Country,calm,1,0,0.000000
2010,Gothic Country,dark,1,0,0.000000
2010,Gothic Country,depressive,1,0,0.000000
2010,Gothic Country,happy,1,0,0.000000
2010,Gothic Country,melancholic,1,1,1.000000
2010,Gothic Country,optimistic,1,0,0.000000
2010,Gothic Country,peaceful,1,0,0.000000
2010,Gothic Country,playful,1,0,0.000000
2010,Gothic Country,sad,1,1,1.000000
2010,Gothic Country,sombre,1,1,1.000000
2010,Gothic Country,uplifting,1,0,0.000000
2010,Gothic Rock,aggressive,4,0,0.000000
2010,Gothic Rock,angry,4,0,0.000000
2010,Gothic Rock,anxious,4,2,0.500000
2010,Gothic Rock,bittersweet,4,0,0.000000
2010,Gothic Rock,calm,4,0,0.000000
2010,Gothic Rock,dark,4,4,1.000000
2010,Gothic Rock,depressive,4,0,0.000000
2010,Gothic Rock,happy,4,0,0.000000
2010,Gothic Rock,melancholic,4,2,0.500000
2010,Gothic Rock,optimistic,4,0,0.000000
2010,Gothic Rock,peaceful,4,0,0.000000
2010,Gothic Rock,playful,4,0,0.000000
2010,Gothic Rock,sad,4,0,0.000000
2010,Gothic Rock,sombre,4,3,0.750000
2010,Gothic Rock,uplifting,4,0,0.000000
2010,Grime,aggressive,1,0,0.000000
2010,Grime,angry,1,1,1.000000
2010,Grime,anxious,1,0,0.000000
2010,Grime,bittersweet,1,0,0.000000
2010,Grime,calm,1,0,0.000000
2010,Grime,dark,1,0,0.000000
2010,Grime,depressive,1,0,0.000000
2010,Grime,happy,1,0,0.000000
2010,Grime,melancholic,1,0,0.000000
2010,Grime,optimistic,1,0,0.000000
2010,Grime,peaceful,1,0,0.000000
2010,Grime,playful,1,0,0.000000
2010,Grime,sad,1,0,0.000000
2010,Grime,sombre,1,0,0.000000
2010,Grime,uplifting,1,0,0.000000
2010,Grindcore,aggressive,5,5,1.000000
2010,Grindcore,angry,5,4,0.800000
2010,Grindcore,anxious,5,0,0.000000
2010,Grindcore,bittersweet,5,0,0.000000
2010,Grindcore,calm,5,0,0.000000
2010,Grindcore,dark,5,1,0.200000
2010,Grindcore,depressive,5,0,0.000000
2010,Grindcore,happy,5,0,0.000000
2010,Grindcore,melancholic,5,0,0.000000
2010,Grindcore,optimistic,5,0,0.000000
2010,Grindcore,peaceful,5,0,0.000000
2010,Grindcore,playful,5,0,0.000000
2010,Grindcore,sad,5,0,0.000000
2010,Grindcore,sombre,5,0,0.000000
2010,Grindcore,uplifting,5,0,0.000000
2010,Groove Metal,aggressive,1,0,0.000000
2010,Groove Metal,angry,1,0,0.000000
2010,Groove Metal,anxious,1,0,0.000000
2010,Groove Metal,bittersweet,1,0,0.000000
2010,Groove Metal,calm,1,0,0.000000
2010,Groove Metal,dark,1,0,0.000000
2010,Groove Metal,depressive,1,0,0.000000
2010,Groove Metal,happy,1,0,0.000000
2010,Groove Metal,melancholic,1,0,0.000000
2010,Groove Metal,optimistic,1,0,0.000000
2010,Groove Metal,peaceful,1,0,0.000000
2010,Groove Metal,playful,1,0,0.000000
2010,Groove Metal,sad,1,0,0.000000
2010,Groove Metal,sombre,1,1,1.000000
2010,Groove Metal,uplifting,1,0,0.000000
2010,Grunge,aggressive,1,0,0.000000
2010,Grunge,angry,1,0,0.000000
2010,Grunge,anxious,1,0,0.000000
2010,Grunge,bittersweet,1,0,0.000000
2010,Grunge,calm,1,0,0.000000
2010,Grunge,dark,1,1,1.000000
2010,Grunge,depressive,1,0,0.000000
2010,Grunge,happy,1,0,0.000000
2010,Grunge,melancholic,1,0,0.000000
2010,Grunge,optimistic,1,0,0.000000
2010,Grunge,peaceful,1,0,0.000000
2010,Grunge,playful,1,0,0.000000
2010,Grunge,sad,1,0,0.000000
2010,Grunge,sombre,1,1,1.000000
2010,Grunge,uplifting,1,0,0.000000
2010,Hard Rock,aggressive,8,0,0.000000
2010,Hard Rock,angry,8,0,0.000000
2010,Hard Rock,anxious,8,0,0.000000
2010,Hard Rock,bittersweet,8,0,0.000000
2010,Hard Rock,calm,8,0,0.000000
2010,Hard Rock,dark,8,4,0.500000
2010,Hard Rock,depressive,8,0,0.000000
2010,Hard Rock,happy,8,0,0.000000
2010,Hard Rock,melancholic,8,0,0.000000
2010,Hard Rock,optimistic,8,0,0.000000
2010,Hard Rock,peaceful,8,0,0.000000
2010,Hard Rock,playful,8,0,0.000000
2010,Hard Rock,sad,8,0,0.000000
2010,Hard Rock,sombre,8,0,0.000000
2010,Hard Rock,uplifting,8,0,0.000000
2010,Hardcore Breaks,aggressive,2,1,0.500000
2010,Hardcore Breaks,angry,2,0,0.000000
2010,Hardcore Breaks,anxious,2,0,0.000000
2010,Hardcore Breaks,bittersweet,2,0,0.000000
2010,Hardcore Breaks,calm,2,0,0.000000
2010,Hardcore Breaks,dark,2,0,0.000000
2010,Hardcore Breaks,depressive,2,0,0.000000
2010,Hardcore Breaks,happy,2,0,0.000000
2010,Hardcore Breaks,melancholic,2,0,0.000000
2010,Hardcore Breaks,optimistic,2,0,0.000000
2010,Hardcore Breaks,peaceful,2,0,0.000000
2010,Hardcore Breaks,playful,2,0,0.000000
2010,Hardcore Breaks,sad,2,0,0.000000
2010,Hardcore Breaks,sombre,2,0,0.000000
2010,Hardcore Breaks,uplifting,2,1,0.500000
2010,Hardcore Hip Hop,aggressive,28,12,0.428571
2010,Hardcore Hip Hop,angry,28,8,0.285714
2010,Hardcore Hip Hop,anxious,28,3,0.107143
2010,Hardcore Hip Hop,bittersweet,28,2,0.071429
2010,Hardcore Hip Hop,calm,28,0,0.000000
2010,Hardcore Hip Hop,dark,28,10,0.357143
2010,Hardcore Hip Hop,depressive,28,1,0.035714
2010,Hardcore Hip Hop,happy,28,0,0.000000
2010,Hardcore Hip Hop,melancholic,28,1,0.035714
2010,Hardcore Hip Hop,optimistic,28,0,0.000000
2010,Hardcore Hip Hop,peaceful,28,0,0.000000
2010,Hardcore Hip Hop,playful,28,5,0.178571
2010,Hardcore Hip Hop,sad,28,0,0.000000
2010,Hardcore Hip Hop,sombre,28,2,0.071429
2010,Hardcore Hip Hop,uplifting,28,0,0.000000
2010,Hardcore Punk,aggressive,3,2,0.666667
2010,Hardcore Punk,angry,3,2,0.666667
2010,Hardcore Punk,anxious,3,0,0.000000
2010,Hardcore Punk,bittersweet,3,0,0.000000
2010,Hardcore Punk,calm,3,0,0.000000
2010,Hardcore Punk,dark,3,0,0.000000
2010,Hardcore Punk,depressive,3,0,0.000000
2010,Hardcore Punk,happy,3,0,0.000000
2010,Hardcore Punk,melancholic,3,0,0.000000
2010,Hardcore Punk,optimistic,3,0,0.000000
2010,Hardcore Punk,peaceful,3,0,0.000000
2010,Hardcore Punk,playful,3,2,0.666667
2010,Hardcore Punk,sad,3,0,0.000000
2010,Hardcore Punk,sombre,3,0,0.000000
2010,Hardcore Punk,uplifting,3,0,0.000000
2010,Heartland Rock,aggressive,2,0,0.000000
2010,Heartland Rock,angry,2,0,0.000000
2010,Heartland Rock,anxious,2,0,0.000000
2010,Heartland Rock,bittersweet,2,1,0.500000
2010,Heartland Rock,calm,2,0,0.000000
2010,Heartland Rock,dark,2,0,0.000000
2010,Heartland Rock,depressive,2,0,0.000000
2010,Heartland Rock,happy,2,0,0.000000
2010,Heartland Rock,melancholic,2,1,0.500000
2010,Heartland Rock,optimistic,2,0,0.000000
2010,Heartland Rock,peaceful,2,0,0.000000
2010,Heartland Rock,playful,2,0,0.000000
2010,Heartland Rock,sad,2,0,0.000000
2010,Heartland Rock,sombre,2,0,0.000000
2010,Heartland Rock,uplifting,2,1,0.500000
2010,Heavy Metal,aggressive,13,2,0.153846
2010,Heavy Metal,angry,13,2,0.153846
2010,Heavy Metal,anxious,13,1,0.076923
2010,Heavy Metal,bittersweet,13,0,0.000000
2010,Heavy Metal,calm,13,0,0.000000
2010,Heavy Metal,dark,13,6,0.461538
2010,Heavy Metal,depressive,13,1,0.076923
2010,Heavy Metal,happy,13,0,0.000000
2010,Heavy Metal,melancholic,13,1,0.076923
2010,Heavy Metal,optimistic,13,0,0.000000
2010,Heavy Metal,peaceful,13,0,0.000000
2010,Heavy Metal,playful,13,0,0.000000
2010,Heavy Metal,sad,13,0,0.000000
2010,Heavy Metal,sombre,13,2,0.153846
2010,Heavy Metal,uplifting,13,0,0.000000
2010,Heavy Psych,aggressive,4,0,0.000000
2010,Heavy Psych,angry,4,0,0.000000
2010,Heavy Psych,anxious,4,0,0.000000
2010,Heavy Psych,bittersweet,4,0,0.000000
2010,Heavy Psych,calm,4,0,0.000000
2010,Heavy Psych,dark,4,0,0.000000
2010,Heavy Psych,depressive,4,0,0.000000
2010,Heavy Psych,happy,4,0,0.000000
2010,Heavy Psych,melancholic,4,0,0.000000
2010,Heavy Psych,optimistic,4,0,0.000000
2010,Heavy Psych,peaceful,4,0,0.000000
2010,Heavy Psych,playful,4,0,0.000000
2010,Heavy Psych,sad,4,0,0.000000
2010,Heavy Psych,sombre,4,0,0.000000
2010,Heavy Psych,uplifting,4,1,0.250000
2010,Hip Hop,aggressive,8,2,0.250000
2010,Hip Hop,angry,8,1,0.125000
2010,Hip Hop,anxious,8,0,0.000000
2010,Hip Hop,bittersweet,8,1,0.125000
2010,Hip Hop,calm,8,0,0.000000
2010,Hip Hop,dark,8,1,0.125000
2010,Hip Hop,depressive,8,1,0.125000
2010,Hip Hop,happy,8,0,0.000000
2010,Hip Hop,melancholic,8,0,0.000000
2010,Hip Hop,optimistic,8,0,0.000000
2010,Hip Hop,peaceful,8,0,0.000000
2010,Hip Hop,playful,8,0,0.000000
2010,Hip Hop,sad,8,0,0.000000
2010,Hip Hop,sombre,8,0,0.000000
2010,Hip Hop,uplifting,8,1,0.125000
2010,Hip House,aggressive,1,0,0.000000
2010,Hip House,angry,1,0,0.000000
2010,Hip House,anxious,1,0,0.000000
2010,Hip House,bittersweet,1,0,0.000000
2010,Hip House,calm,1,0,0.000000
2010,Hip House,dark,1,0,0.000000
2010,Hip House,depressive,1,0,0.000000
2010,Hip House,happy,1,0,0.000000
2010,Hip House,melancholic,1,0,0.000000
2010,Hip House,optimistic,1,0,0.000000
2010,Hip House,peaceful,1,0,0.000000
2010,Hip House,playful,1,1,1.000000
2010,Hip House,sad,1,0,0.000000
2010,Hip House,sombre,1,0,0.000000
2010,Hip House,uplifting,1,0,0.000000
2010,Horror Synth,aggressive,1,1,1.000000
2010,Horror Synth,angry,1,0,0.000000
2010,Horror Synth,anxious,1,0,0.000000
2010,Horror Synth,bittersweet,1,0,0.000000
2010,Horror Synth,calm,1,0,0.000000
2010,Horror Synth,dark,1,1,1.000000
2010,Horror Synth,depressive,1,0,0.000000
2010,Horror Synth,happy,1,0,0.000000
2010,Horror Synth,melancholic,1,0,0.000000
2010,Horror Synth,optimistic,1,0,0.000000
2010,Horror Synth,peaceful,1,0,0.000000
2010,Horror Synth,playful,1,0,0.000000
2010,Horror Synth,sad,1,0,0.000000
2010,Horror Synth,sombre,1,0,0.000000
2010,Horror Synth,uplifting,1,0,0.000000
2010,Horrorcore,aggressive,2,0,0.000000
2010,Horrorcore,angry,2,1,0.500000
2010,Horrorcore,anxious,2,0,0.000000
2010,Horrorcore,bittersweet,2,0,0.000000
2010,Horrorcore,calm,2,0,0.000000
2010,Horrorcore,dark,2,2,1.000000
2010,Horrorcore,depressive,2,0,0.000000
2010,Horrorcore,happy,2,0,0.000000
2010,Horrorcore,melancholic,2,0,0.000000
2010,Horrorcore,optimistic,2,0,0.000000
2010,Horrorcore,peaceful,2,0,0.000000
2010,Horrorcore,playful,2,1,0.500000
2010,Horrorcore,sad,2,0,0.000000
2010,Horrorcore,sombre,2,0,0.000000
2010,Horrorcore,uplifting,2,0,0.000000
2010,House,aggressive,2,0,0.000000
2010,House,angry,2,0,0.000000
2010,House,anxious,2,0,0.000000
2010,House,bittersweet,2,0,0.000000
2010,House,calm,2,0,0.000000
2010,House,dark,2,0,0.000000
2010,House,depressive,2,0,0.000000
2010,House,happy,2,0,0.000000
2010,House,melancholic,2,0,0.000000
2010,House,optimistic,2,0,0.000000
2010,House,peaceful,2,0,0.000000
2010,House,playful,2,0,0.000000
2010,House,sad,2,0,0.000000
2010,House,sombre,2,0,0.000000
2010,House,uplifting,2,1,0.500000
2010,Hyperpop,aggressive,2,0,0.000000
2010,Hyperpop,angry,2,0,0.000000
2010,Hyperpop,anxious,2,0,0.000000
2010,Hyperpop,bittersweet,2,0,0.000000
2010,Hyperpop,calm,2,0,0.000000
2010,Hyperpop,dark,2,0,0.000000
2010,Hyperpop,depressive,2,0,0.000000
2010,Hyperpop,happy,2,0,0.000000
2010,Hyperpop,melancholic,2,0,0.000000
2010,Hyperpop,optimistic,2,0,0.000000
2010,Hyperpop,peaceful,2,0,0.000000
2010,Hyperpop,playful,2,2,1.000000
2010,Hyperpop,sad,2,0,0.000000
2010,Hyperpop,sombre,2,0,0.000000
2010,Hyperpop,uplifting,2,0,0.000000
2010,Hypnagogic Pop,aggressive,11,0,0.000000
2010,Hypnagogic Pop,angry,11,0,0.000000
2010,Hypnagogic Pop,anxious,11,1,0.090909
2010,Hypnagogic Pop,bittersweet,11,1,0.090909
2010,Hypnagogic Pop,calm,11,0,0.000000
2010,Hypnagogic Pop,dark,11,1,0.090909
2010,Hypnagogic Pop,depressive,11,0,0.000000
2010,Hypnagogic Pop,happy,11,0,0.000000
2010,Hypnagogic Pop,melancholic,11,3,0.272727
2010,Hypnagogic Pop,optimistic,11,0,0.000000
2010,Hypnagogic Pop,peaceful,11,0,0.000000
2010,Hypnagogic Pop,playful,11,5,0.454545
2010,Hypnagogic Pop,sad,11,0,0.000000
2010,Hypnagogic Pop,sombre,11,1,0.090909
2010,Hypnagogic Pop,uplifting,11,0,0.000000
2010,IDM,aggressive,13,2,0.153846
2010,IDM,angry,13,1,0.076923
2010,IDM,anxious,13,2,0.153846
2010,IDM,bittersweet,13,0,0.000000
2010,IDM,calm,13,1,0.076923
2010,IDM,dark,13,5,0.384615
2010,IDM,depressive,13,0,0.000000
2010,IDM,happy,13,0,0.000000
2010,IDM,melancholic,13,1,0.076923
2010,IDM,optimistic,13,0,0.000000
2010,IDM,peaceful,13,0,0.000000
2010,IDM,playful,13,3,0.230769
2010,IDM,sad,13,0,0.000000
2010,IDM,sombre,13,0,0.000000
2010,IDM,uplifting,13,0,0.000000
2010,Indie Folk,aggressive,22,0,0.000000
2010,Indie Folk,angry,22,0,0.000000
2010,Indie Folk,anxious,22,3,0.136364
2010,Indie Folk,bittersweet,22,11,0.500000
2010,Indie Folk,calm,22,2,0.090909
2010,Indie Folk,dark,22,0,0.000000
2010,Indie Folk,depressive,22,2,0.090909
2010,Indie Folk,happy,22,0,0.000000
2010,Indie Folk,melancholic,22,14,0.636364
2010,Indie Folk,optimistic,22,0,0.000000
2010,Indie Folk,peaceful,22,1,0.045455
2010,Indie Folk,playful,22,0,0.000000
2010,Indie Folk,sad,22,5,0.227273
2010,Indie Folk,sombre,22,4,0.181818
2010,Indie Folk,uplifting,22,0,0.000000
2010,Indie Pop,aggressive,46,0,0.000000
2010,Indie Pop,angry,46,2,0.043478
2010,Indie Pop,anxious,46,8,0.173913
2010,Indie Pop,bittersweet,46,33,0.717391
2010,Indie Pop,calm,46,5,0.108696
2010,Indie Pop,dark,46,1,0.021739
2010,Indie Pop,depressive,46,1,0.021739
2010,Indie Pop,happy,46,5,0.108696
2010,Indie Pop,melancholic,46,22,0.478261
2010,Indie Pop,optimistic,46,3,0.065217
2010,Indie Pop,peaceful,46,1,0.021739
2010,Indie Pop,playful,46,10,0.217391
2010,Indie Pop,sad,46,4,0.086957
2010,Indie Pop,sombre,46,0,0.000000
2010,Indie Pop,uplifting,46,7,0.152174
2010,Indie Rock,aggressive,85,1,0.011765
2010,Indie Rock,angry,85,2,0.023529
2010,Indie Rock,anxious,85,25,0.294118
2010,Indie Rock,bittersweet,85,43,0.505882
2010,Indie Rock,calm,85,5,0.058824
2010,Indie Rock,dark,85,2,0.023529
2010,Indie Rock,depressive,85,7,0.082353
2010,Indie Rock,happy,85,2,0.023529
2010,Indie Rock,melancholic,85,43,0.505882
2010,Indie Rock,optimistic,85,1,0.011765
2010,Indie Rock,peaceful,85,1,0.011765
2010,Indie Rock,playful,85,9,0.105882
2010,Indie Rock,sad,85,4,0.047059
2010,Indie Rock,sombre,85,5,0.058824
2010,Indie Rock,uplifting,85,4,0.047059
2010,Indie Surf,aggressive,10,0,0.000000
2010,Indie Surf,angry,10,0,0.000000
2010,Indie Surf,anxious,10,1,0.100000
2010,Indie Surf,bittersweet,10,5,0.500000
2010,Indie Surf,calm,10,1,0.100000
2010,Indie Surf,dark,10,1,0.100000
2010,Indie Surf,depressive,10,0,0.000000
2010,Indie Surf,happy,10,2,0.200000
2010,Indie Surf,melancholic,10,7,0.700000
2010,Indie Surf,optimistic,10,0,0.000000
2010,Indie Surf,peaceful,10,1,0.100000
2010,Indie Surf,playful,10,2,0.200000
2010,Indie Surf,sad,10,1,0.100000
2010,Indie Surf,sombre,10,0,0.000000
2010,Indie Surf,uplifting,10,0,0.000000
2010,Indietronica,aggressive,17,0,0.000000
2010,Indietronica,angry,17,0,0.000000
2010,Indietronica,anxious,17,3,0.176471
2010,Indietronica,bittersweet,17,3,0.176471
2010,Indietronica,calm,17,0,0.000000
2010,Indietronica,dark,17,2,0.117647
2010,Indietronica,depressive,17,1,0.058824
2010,Indietronica,happy,17,0,0.000000
2010,Indietronica,melancholic,17,6,0.352941
2010,Indietronica,optimistic,17,1,0.058824
2010,Indietronica,peaceful,17,0,0.000000
2010,Indietronica,playful,17,2,0.117647
2010,Indietronica,sad,17,1,0.058824
2010,Indietronica,sombre,17,1,0.058824
2010,Indietronica,uplifting,17,0,0.000000
2010,Industrial,aggressive,1,0,0.000000
2010,Industrial,angry,1,0,0.000000
2010,Industrial,anxious,1,0,0.000000
2010,Industrial,bittersweet,1,0,0.000000
2010,Industrial,calm,1,0,0.000000
2010,Industrial,dark,1,1,1.000000
2010,Industrial,depressive,1,1,1.000000
2010,Industrial,happy,1,0,0.000000
2010,Industrial,melancholic,1,0,0.000000
2010,Industrial,optimistic,1,0,0.000000
2010,Industrial,peaceful,1,0,0.000000
2010,Industrial,playful,1,0,0.000000
2010,Industrial,sad,1,1,1.000000
2010,Industrial,sombre,1,0,0.000000
2010,Industrial,uplifting,1,0,0.000000
2010,Industrial Hip Hop,aggressive,12,10,0.833333
2010,Industrial Hip Hop,angry,12,3,0.250000
2010,Industrial Hip Hop,anxious,12,2,0.166667
2010,Industrial Hip Hop,bittersweet,12,0,0.000000
2010,Industrial Hip Hop,calm,12,0,0.000000
2010,Industrial Hip Hop,dark,12,3,0.250000
2010,Industrial Hip Hop,depressive,12,0,0.000000
2010,Industrial Hip Hop,happy,12,0,0.000000
2010,Industrial Hip Hop,melancholic,12,0,0.000000
2010,Industrial Hip Hop,optimistic,12,0,0.000000
2010,Industrial Hip Hop,peaceful,12,0,0.000000
2010,Industrial Hip Hop,playful,12,0,0.000000
2010,Industrial Hip Hop,sad,12,0,0.000000
2010,Industrial Hip Hop,sombre,12,0,0.000000
2010,Industrial Hip Hop,uplifting,12,0,0.000000
2010,Industrial Rock,aggressive,3,1,0.333333
2010,Industrial Rock,angry,3,0,0.000000
2010,Industrial Rock,anxious,3,2,0.666667
2010,Industrial Rock,bittersweet,3,0,0.000000
2010,Industrial Rock,calm,3,0,0.000000
2010,Industrial Rock,dark,3,2,0.666667
2010,Industrial Rock,depressive,3,0,0.000000
2010,Industrial Rock,happy,3,0,0.000000
2010,Industrial Rock,melancholic,3,0,0.000000
2010,Industrial Rock,optimistic,3,0,0.000000
2010,Industrial Rock,peaceful,3,0,0.000000
2010,Industrial Rock,playful,3,0,0.000000
2010,Industrial Rock,sad,3,0,0.000000
2010,Industrial Rock,sombre,3,1,0.333333
2010,Industrial Rock,uplifting,3,0,0.000000
2010,Instrumental Hip Hop,aggressive,6,0,0.000000
2010,Instrumental Hip Hop,angry,6,0,0.000000
2010,Instrumental Hip Hop,anxious,6,1,0.166667
2010,Instrumental Hip Hop,bittersweet,6,1,0.166667
2010,Instrumental Hip Hop,calm,6,1,0.166667
2010,Instrumental Hip Hop,dark,6,0,0.000000
2010,Instrumental Hip Hop,depressive,6,0,0.000000
2010,Instrumental Hip Hop,happy,6,0,0.000000
2010,Instrumental Hip Hop,melancholic,6,1,0.166667
2010,Instrumental Hip Hop,optimistic,6,0,0.000000
2010,Instrumental Hip Hop,peaceful,6,1,0.166667
2010,Instrumental Hip Hop,playful,6,1,0.166667
2010,Instrumental Hip Hop,sad,6,0,0.000000
2010,Instrumental Hip Hop,sombre,6,0,0.000000
2010,Instrumental Hip Hop,uplifting,6,0,0.000000
2010,J-Pop,aggressive,1,0,0.000000
2010,J-Pop,angry,1,0,0.000000
2010,J-Pop,anxious,1,1,1.000000
2010,J-Pop,bittersweet,1,0,0.000000
2010,J-Pop,calm,1,0,0.000000
2010,J-Pop,dark,1,0,0.000000
2010,J-Pop,depressive,1,0,0.000000
2010,J-Pop,happy,1,0,0.000000
2010,J-Pop,melancholic,1,0,0.000000
2010,J-Pop,optimistic,1,0,0.000000
2010,J-Pop,peaceful,1,0,0.000000
2010,J-Pop,playful,1,0,0.000000
2010,J-Pop,sad,1,0,0.000000
2010,J-Pop,sombre,1,0,0.000000
2010,J-Pop,uplifting,1,1,1.000000
2010,J-Rock,aggressive,4,0,0.000000
2010,J-Rock,angry,4,0,0.000000
2010,J-Rock,anxious,4,1,0.250000
2010,J-Rock,bittersweet,4,1,0.250000
2010,J-Rock,calm,4,0,0.000000
2010,J-Rock,dark,4,0,0.000000
2010,J-Rock,depressive,4,1,0.250000
2010,J-Rock,happy,4,0,0.000000
2010,J-Rock,melancholic,4,0,0.000000
2010,J-Rock,optimistic,4,0,0.000000
2010,J-Rock,peaceful,4,0,0.000000
2010,J-Rock,playful,4,1,0.250000
2010,J-Rock,sad,4,0,0.000000
2010,J-Rock,sombre,4,0,0.000000
2010,J-Rock,uplifting,4,1,0.250000
2010,Jangle Pop,aggressive,6,0,0.000000
2010,Jangle Pop,angry,6,0,0.000000
2010,Jangle Pop,anxious,6,0,0.000000
2010,Jangle Pop,bittersweet,6,5,0.833333
2010,Jangle Pop,calm,6,2,0.333333
2010,Jangle Pop,dark,6,0,0.000000
2010,Jangle Pop,depressive,6,0,0.000000
2010,Jangle Pop,happy,6,2,0.333333
2010,Jangle Pop,melancholic,6,1,0.166667
2010,Jangle Pop,optimistic,6,0,0.000000
2010,Jangle Pop,peaceful,6,1,0.166667
2010,Jangle Pop,playful,6,2,0.333333
2010,Jangle Pop,sad,6,0,0.000000
2010,Jangle Pop,sombre,6,0,0.000000
2010,Jangle Pop,uplifting,6,0,0.000000
2010,Jazz,aggressive,1,0,0.000000
2010,Jazz,angry,1,0,0.000000
2010,Jazz,anxious,1,0,0.000000
2010,Jazz,bittersweet,1,0,0.000000
2010,Jazz,calm,1,1,1.000000
2010,Jazz,dark,1,0,0.000000
2010,Jazz,depressive,1,0,0.000000
2010,Jazz,happy,1,0,0.000000
2010,Jazz,melancholic,1,0,0.000000
2010,Jazz,optimistic,1,0,0.000000
2010,Jazz,peaceful,1,0,0.000000
2010,Jazz,playful,1,0,0.000000
2010,Jazz,sad,1,0,0.000000
2010,Jazz,sombre,1,0,0.000000
2010,Jazz,uplifting,1,0,0.000000
2010,Jazz Fusion,aggressive,7,0,0.000000
2010,Jazz Fusion,angry,7,0,0.000000
2010,Jazz Fusion,anxious,7,0,0.000000
2010,Jazz Fusion,bittersweet,7,0,0.000000
2010,Jazz Fusion,calm,7,1,0.142857
2010,Jazz Fusion,dark,7,1,0.142857
2010,Jazz Fusion,depressive,7,0,0.000000
2010,Jazz Fusion,happy,7,0,0.000000
2010,Jazz Fusion,melancholic,7,1,0.142857
2010,Jazz Fusion,optimistic,7,0,0.000000
2010,Jazz Fusion,peaceful,7,1,0.142857
2010,Jazz Fusion,playful,7,1,0.142857
2010,Jazz Fusion,sad,7,0,0.000000
2010,Jazz Fusion,sombre,7,0,0.000000
2010,Jazz Fusion,uplifting,7,2,0.285714
2010,Jazz Pop,aggressive,2,0,0.000000
2010,Jazz Pop,angry,2,0,0.000000
2010,Jazz Pop,anxious,2,0,0.000000
2010,Jazz Pop,bittersweet,2,0,0.000000
2010,Jazz Pop,calm,2,0,0.000000
2010,Jazz Pop,dark,2,0,0.000000
2010,Jazz Pop,depressive,2,0,0.000000
2010,Jazz Pop,happy,2,1,0.500000
2010,Jazz Pop,melancholic,2,0,0.000000
2010,Jazz Pop,optimistic,2,0,0.000000
2010,Jazz Pop,peaceful,2,1,0.500000
2010,Jazz Pop,playful,2,1,0.500000
2010,Jazz Pop,sad,2,0,0.000000
2010,Jazz Pop,sombre,2,0,0.000000
2010,Jazz Pop,uplifting,2,0,0.000000
2010,Jazz Rap,aggressive,12,0,0.000000
2010,Jazz Rap,angry,12,0,0.000000
2010,Jazz Rap,anxious,12,2,0.166667
2010,Jazz Rap,bittersweet,12,3,0.250000
2010,Jazz Rap,calm,12,0,0.000000
2010,Jazz Rap,dark,12,1,0.083333
2010,Jazz Rap,depressive,12,1,0.083333
2010,Jazz Rap,happy,12,0,0.000000
2010,Jazz Rap,melancholic,12,4,0.333333
2010,Jazz Rap,optimistic,12,0,0.000000
2010,Jazz Rap,peaceful,12,1,0.083333
2010,Jazz Rap,playful,12,0,0.000000
2010,Jazz Rap,sad,12,0,0.000000
2010,Jazz Rap,sombre,12,2,0.166667
2010,Jazz Rap,uplifting,12,2,0.166667
2010,Jazz-Funk,aggressive,1,0,0.000000
2010,Jazz-Funk,angry,1,0,0.000000
2010,Jazz-Funk,anxious,1,0,0.000000
2010,Jazz-Funk,bittersweet,1,1,1.000000
2010,Jazz-Funk,calm,1,0,0.000000
2010,Jazz-Funk,dark,1,0,0.000000
2010,Jazz-Funk,depressive,1,0,0.000000
2010,Jazz-Funk,happy,1,0,0.000000
2010,Jazz-Funk,melancholic,1,0,0.000000
2010,Jazz-Funk,optimistic,1,0,0.000000
2010,Jazz-Funk,peaceful,1,0,0.000000
2010,Jazz-Funk,playful,1,0,0.000000
2010,Jazz-Funk,sad,1,0,0.000000
2010,Jazz-Funk,sombre,1,0,0.000000
2010,Jazz-Funk,uplifting,1,1,1.000000
2010,Jazz-Rock,aggressive,1,0,0.000000
2010,Jazz-Rock,angry,1,0,0.000000
2010,Jazz-Rock,anxious,1,0,0.000000
2010,Jazz-Rock,bittersweet,1,0,0.000000
2010,Jazz-Rock,calm,1,1,1.000000
2010,Jazz-Rock,dark,1,0,0.000000
2010,Jazz-Rock,depressive,1,0,0.000000
2010,Jazz-Rock,happy,1,0,0.000000
2010,Jazz-Rock,melancholic,1,0,0.000000
2010,Jazz-Rock,optimistic,1,0,0.000000
2010,Jazz-Rock,peaceful,1,1,1.000000
2010,Jazz-Rock,playful,1,1,1.000000
2010,Jazz-Rock,sad,1,0,0.000000
2010,Jazz-Rock,sombre,1,0,0.000000
2010,Jazz-Rock,uplifting,1,0,0.000000
2010,K-Pop,aggressive,1,0,0.000000
2010,K-Pop,angry,1,0,0.000000
2010,K-Pop,anxious,1,0,0.000000
2010,K-Pop,bittersweet,1,0,0.000000
2010,K-Pop,calm,1,0,0.000000
2010,K-Pop,dark,1,0,0.000000
2010,K-Pop,depressive,1,0,0.000000
2010,K-Pop,happy,1,0,0.000000
2010,K-Pop,melancholic,1,0,0.000000
2010,K-Pop,optimistic,1,0,0.000000
2010,K-Pop,peaceful,1,0,0.000000
2010,K-Pop,playful,1,1,1.000000
2010,K-Pop,sad,1,0,0.000000
2010,K-Pop,sombre,1,0,0.000000
2010,K-Pop,uplifting,1,0,0.000000
2010,Lo-Fi/Slacker Rock,aggressive,13,0,0.000000
2010,Lo-Fi/Slacker Rock,angry,13,1,0.076923
2010,Lo-Fi/Slacker Rock,anxious,13,5,0.384615
2010,Lo-Fi/Slacker Rock,bittersweet,13,7,0.538462
2010,Lo-Fi/Slacker Rock,calm,13,1,0.076923
2010,Lo-Fi/Slacker Rock,dark,13,0,0.000000
2010,Lo-Fi/Slacker Rock,depressive,13,4,0.307692
2010,Lo-Fi/Slacker Rock,happy,13,0,0.000000
2010,Lo-Fi/Slacker Rock,melancholic,13,5,0.384615
2010,Lo-Fi/Slacker Rock,optimistic,13,0,0.000000
2010,Lo-Fi/Slacker Rock,peaceful,13,0,0.000000
2010,Lo-Fi/Slacker Rock,playful,13,1,0.076923
2010,Lo-Fi/Slacker Rock,sad,13,1,0.076923
2010,Lo-Fi/Slacker Rock,sombre,13,0,0.000000
2010,Lo-Fi/Slacker Rock,uplifting,13,0,0.000000
2010,Lounge,aggressive,1,0,0.000000
2010,Lounge,angry,1,0,0.000000
2010,Lounge,anxious,1,0,0.000000
2010,Lounge,bittersweet,1,1,1.000000
2010,Lounge,calm,1,0,0.000000
2010,Lounge,dark,1,0,0.000000
2010,Lounge,depressive,1,0,0.000000
2010,Lounge,happy,1,0,0.000000
2010,Lounge,melancholic,1,0,0.000000
2010,Lounge,optimistic,1,0,0.000000
2010,Lounge,peaceful,1,0,0.000000
2010,Lounge,playful,1,0,0.000000
2010,Lounge,sad,1,0,0.000000
2010,Lounge,sombre,1,0,0.000000
2010,Lounge,uplifting,1,1,1.000000
2010,MPB,aggressive,1,0,0.000000
2010,MPB,angry,1,0,0.000000
2010,MPB,anxious,1,0,0.000000
2010,MPB,bittersweet,1,0,0.000000
2010,MPB,calm,1,0,0.000000
2010,MPB,dark,1,0,0.000000
2010,MPB,depressive,1,0,0.000000
2010,MPB,happy,1,1,1.000000
2010,MPB,melancholic,1,0,0.000000
2010,MPB,optimistic,1,0,0.000000
2010,MPB,peaceful,1,0,0.000000
2010,MPB,playful,1,1,1.000000
2010,MPB,sad,1,0,0.000000
2010,MPB,sombre,1,0,0.000000
2010,MPB,uplifting,1,0,0.000000
2010,Mashup,aggressive,1,0,0.000000
2010,Mashup,angry,1,0,0.000000
2010,Mashup,anxious,1,0,0.000000
2010,Mashup,bittersweet,1,0,0.000000
2010,Mashup,calm,1,0,0.000000
2010,Mashup,dark,1,0,0.000000
2010,Mashup,depressive,1,0,0.000000
2010,Mashup,happy,1,1,1.000000
2010,Mashup,melancholic,1,0,0.000000
2010,Mashup,optimistic,1,0,0.000000
2010,Mashup,peaceful,1,0,0.000000
2010,Mashup,playful,1,1,1.000000
2010,Mashup,sad,1,0,0.000000
2010,Mashup,sombre,1,0,0.000000
2010,Mashup,uplifting,1,0,0.000000
2010,Math Rock,aggressive,6,2,0.333333
2010,Math Rock,angry,6,0,0.000000
2010,Math Rock,anxious,6,0,0.000000
2010,Math Rock,bittersweet,6,0,0.000000
2010,Math Rock,calm,6,0,0.000000
2010,Math Rock,dark,6,0,0.000000
2010,Math Rock,depressive,6,0,0.000000
2010,Math Rock,happy,6,1,0.166667
2010,Math Rock,melancholic,6,0,0.000000
2010,Math Rock,optimistic,6,0,0.000000
2010,Math Rock,peaceful,6,0,0.000000
2010,Math Rock,playful,6,5,0.833333
2010,Math Rock,sad,6,0,0.000000
2010,Math Rock,sombre,6,0,0.000000
2010,Math Rock,uplifting,6,0,0.000000
2010,Mathcore,aggressive,4,4,1.000000
2010,Mathcore,angry,4,2,0.500000
2010,Mathcore,anxious,4,0,0.000000
2010,Mathcore,bittersweet,4,0,0.000000
2010,Mathcore,calm,4,0,0.000000
2010,Mathcore,dark,4,0,0.000000
2010,Mathcore,depressive,4,0,0.000000
2010,Mathcore,happy,4,0,0.000000
2010,Mathcore,melancholic,4,0,0.000000
2010,Mathcore,optimistic,4,0,0.000000
2010,Mathcore,peaceful,4,0,0.000000
2010,Mathcore,playful,4,0,0.000000
2010,Mathcore,sad,4,0,0.000000
2010,Mathcore,sombre,4,0,0.000000
2010,Mathcore,uplifting,4,0,0.000000
2010,Melodic Death Metal,aggressive,1,1,1.000000
2010,Melodic Death Metal,angry,1,0,0.000000
2010,Melodic Death Metal,anxious,1,0,0.000000
2010,Melodic Death Metal,bittersweet,1,0,0.000000
2010,Melodic Death Metal,calm,1,0,0.000000
2010,Melodic Death Metal,dark,1,0,0.000000
2010,Melodic Death Metal,depressive,1,0,0.000000
2010,Melodic Death Metal,happy,1,0,0.000000
2010,Melodic Death Metal,melancholic,1,0,0.000000
2010,Melodic Death Metal,optimistic,1,0,0.000000
2010,Melodic Death Metal,peaceful,1,0,0.000000
2010,Melodic Death Metal,playful,1,0,0.000000
2010,Melodic Death Metal,sad,1,0,0.000000
2010,Melodic Death Metal,sombre,1,0,0.000000
2010,Melodic Death Metal,uplifting,1,0,0.000000
2010,Memphis Rap,aggressive,1,0,0.000000
2010,Memphis Rap,angry,1,0,0.000000
2010,Memphis Rap,anxious,1,0,0.000000
2010,Memphis Rap,bittersweet,1,0,0.000000
2010,Memphis Rap,calm,1,0,0.000000
2010,Memphis Rap,dark,1,1,1.000000
2010,Memphis Rap,depressive,1,0,0.000000
2010,Memphis Rap,happy,1,0,0.000000
2010,Memphis Rap,melancholic,1,0,0.000000
2010,Memphis Rap,optimistic,1,0,0.000000
2010,Memphis Rap,peaceful,1,0,0.000000
2010,Memphis Rap,playful,1,0,0.000000
2010,Memphis Rap,sad,1,0,0.000000
2010,Memphis Rap,sombre,1,0,0.000000
2010,Memphis Rap,uplifting,1,0,0.000000
2010,Metalcore,aggressive,6,6,1.000000
2010,Metalcore,angry,6,5,0.833333
2010,Metalcore,anxious,6,0,0.000000
2010,Metalcore,bittersweet,6,0,0.000000
2010,Metalcore,calm,6,0,0.000000
2010,Metalcore,dark,6,3,0.500000
2010,Metalcore,depressive,6,0,0.000000
2010,Metalcore,happy,6,0,0.000000
2010,Metalcore,melancholic,6,2,0.333333
2010,Metalcore,optimistic,6,0,0.000000
2010,Metalcore,peaceful,6,0,0.000000
2010,Metalcore,playful,6,0,0.000000
2010,Metalcore,sad,6,1,0.166667
2010,Metalcore,sombre,6,0,0.000000
2010,Metalcore,uplifting,6,0,0.000000
2010,Microhouse,aggressive,6,0,0.000000
2010,Microhouse,angry,6,0,0.000000
2010,Microhouse,anxious,6,0,0.000000
2010,Microhouse,bittersweet,6,0,0.000000
2010,Microhouse,calm,6,2,0.333333
2010,Microhouse,dark,6,0,0.000000
2010,Microhouse,depressive,6,0,0.000000
2010,Microhouse,happy,6,0,0.000000
2010,Microhouse,melancholic,6,0,0.000000
2010,Microhouse,optimistic,6,0,0.000000
2010,Microhouse,peaceful,6,1,0.166667
2010,Microhouse,playful,6,1,0.166667
2010,Microhouse,sad,6,0,0.000000
2010,Microhouse,sombre,6,0,0.000000
2010,Microhouse,uplifting,6,0,0.000000
2010,Midwest Emo,aggressive,7,0,0.000000
2010,Midwest Emo,angry,7,0,0.000000
2010,Midwest Emo,anxious,7,4,0.571429
2010,Midwest Emo,bittersweet,7,6,0.857143
2010,Midwest Emo,calm,7,0,0.000000
2010,Midwest Emo,dark,7,0,0.000000
2010,Midwest Emo,depressive,7,0,0.000000
2010,Midwest Emo,happy,7,0,0.000000
2010,Midwest Emo,melancholic,7,5,0.714286
2010,Midwest Emo,optimistic,7,1,0.142857
2010,Midwest Emo,peaceful,7,0,0.000000
2010,Midwest Emo,playful,7,0,0.000000
2010,Midwest Emo,sad,7,1,0.142857
2010,Midwest Emo,sombre,7,1,0.142857
2010,Midwest Emo,uplifting,7,3,0.428571
2010,Minimal Synth,aggressive,2,0,0.000000
2010,Minimal Synth,angry,2,0,0.000000
2010,Minimal Synth,anxious,2,1,0.500000
2010,Minimal Synth,bittersweet,2,0,0.000000
2010,Minimal Synth,calm,2,0,0.000000
2010,Minimal Synth,dark,2,0,0.000000
2010,Minimal Synth,depressive,2,0,0.000000
2010,Minimal Synth,happy,2,0,0.000000
2010,Minimal Synth,melancholic,2,1,0.500000
2010,Minimal Synth,optimistic,2,0,0.000000
2010,Minimal Synth,peaceful,2,0,0.000000
2010,Minimal Synth,playful,2,0,0.000000
2010,Minimal Synth,sad,2,0,0.000000
2010,Minimal Synth,sombre,2,0,0.000000
2010,Minimal Synth,uplifting,2,0,0.000000
2010,Minimal Techno,aggressive,2,0,0.000000
2010,Minimal Techno,angry,2,0,0.000000
2010,Minimal Techno,anxious,2,0,0.000000
2010,Minimal Techno,bittersweet,2,0,0.000000
2010,Minimal Techno,calm,2,0,0.000000
2010,Minimal Techno,dark,2,0,0.000000
2010,Minimal Techno,depressive,2,0,0.000000
2010,Minimal Techno,happy,2,0,0.000000
2010,Minimal Techno,melancholic,2,0,0.000000
2010,Minimal Techno,optimistic,2,0,0.000000
2010,Minimal Techno,peaceful,2,1,0.500000
2010,Minimal Techno,playful,2,0,0.000000
2010,Minimal Techno,sad,2,0,0.000000
2010,Minimal Techno,sombre,2,0,0.000000
2010,Minimal Techno,uplifting,2,0,0.000000
2010,Mobb Music,aggressive,1,0,0.000000
2010,Mobb Music,angry,1,0,0.000000
2010,Mobb Music,anxious,1,1,1.000000
2010,Mobb Music,bittersweet,1,0,0.000000
2010,Mobb Music,calm,1,0,0.000000
2010,Mobb Music,dark,1,0,0.000000
2010,Mobb Music,depressive,1,0,0.000000
2010,Mobb Music,happy,1,0,0.000000
2010,Mobb Music,melancholic,1,0,0.000000
2010,Mobb Music,optimistic,1,0,0.000000
2010,Mobb Music,peaceful,1,0,0.000000
2010,Mobb Music,playful,1,0,0.000000
2010,Mobb Music,sad,1,0,0.000000
2010,Mobb Music,sombre,1,0,0.000000
2010,Mobb Music,uplifting,1,0,0.000000
2010,Modern Classical,aggressive,2,0,0.000000
2010,Modern Classical,angry,2,0,0.000000
2010,Modern Classical,anxious,2,0,0.000000
2010,Modern Classical,bittersweet,2,0,0.000000
2010,Modern Classical,calm,2,2,1.000000
2010,Modern Classical,dark,2,0,0.000000
2010,Modern Classical,depressive,2,0,0.000000
2010,Modern Classical,happy,2,0,0.000000
2010,Modern Classical,melancholic,2,2,1.000000
2010,Modern Classical,optimistic,2,0,0.000000
2010,Modern Classical,peaceful,2,1,0.500000
2010,Modern Classical,playful,2,0,0.000000
2010,Modern Classical,sad,2,0,0.000000
2010,Modern Classical,sombre,2,0,0.000000
2010,Modern Classical,uplifting,2,0,0.000000
2010,Musical Comedy,aggressive,1,0,0.000000
2010,Musical Comedy,angry,1,0,0.000000
2010,Musical Comedy,anxious,1,0,0.000000
2010,Musical Comedy,bittersweet,1,0,0.000000
2010,Musical Comedy,calm,1,0,0.000000
2010,Musical Comedy,dark,1,0,0.000000
2010,Musical Comedy,depressive,1,0,0.000000
2010,Musical Comedy,happy,1,1,1.000000
2010,Musical Comedy,melancholic,1,0,0.000000
2010,Musical Comedy,optimistic,1,0,0.000000
2010,Musical Comedy,peaceful,1,0,0.000000
2010,Musical Comedy,playful,1,1,1.000000
2010,Musical Comedy,sad,1,0,0.000000
2010,Musical Comedy,sombre,1,0,0.000000
2010,Musical Comedy,uplifting,1,0,0.000000
2010,Musical Parody,aggressive,1,0,0.000000
2010,Musical Parody,angry,1,0,0.000000
2010,Musical Parody,anxious,1,0,0.000000
2010,Musical Parody,bittersweet,1,0,0.000000
2010,Musical Parody,calm,1,0,0.000000
2010,Musical Parody,dark,1,0,0.000000
2010,Musical Parody,depressive,1,0,0.000000
2010,Musical Parody,happy,1,0,0.000000
2010,Musical Parody,melancholic,1,0,0.000000
2010,Musical Parody,optimistic,1,0,0.000000
2010,Musical Parody,peaceful,1,0,0.000000
2010,Musical Parody,playful,1,0,0.000000
2010,Musical Parody,sad,1,0,0.000000
2010,Musical Parody,sombre,1,0,0.000000
2010,Musical Parody,uplifting,1,0,0.000000
2010,Musiqueconcrète,aggressive,1,0,0.000000
2010,Musiqueconcrète,angry,1,0,0.000000
2010,Musiqueconcrète,anxious,1,0,0.000000
2010,Musiqueconcrète,bittersweet,1,0,0.000000
2010,Musiqueconcrète,calm,1,0,0.000000
2010,Musiqueconcrète,dark,1,0,0.000000
2010,Musiqueconcrète,depressive,1,0,0.000000
2010,Musiqueconcrète,happy,1,0,0.000000
2010,Musiqueconcrète,melancholic,1,0,0.000000
2010,Musiqueconcrète,optimistic,1,0,0.000000
2010,Musiqueconcrète,peaceful,1,0,0.000000
2010,Musiqueconcrète,playful,1,1,1.000000
2010,Musiqueconcrète,sad,1,0,0.000000
2010,Musiqueconcrète,sombre,1,0,0.000000
2010,Musiqueconcrète,uplifting,1,0,0.000000
2010,Neo-Psychedelia,aggressive,48,0,0.000000
2010,Neo-Psychedelia,angry,48,0,0.000000
2010,Neo-Psychedelia,anxious,48,5,0.104167
2010,Neo-Psychedelia,bittersweet,48,13,0.270833
2010,Neo-Psychedelia,calm,48,5,0.104167
2010,Neo-Psychedelia,dark,48,3,0.062500
2010,Neo-Psychedelia,depressive,48,2,0.041667
2010,Neo-Psychedelia,happy,48,4,0.083333
2010,Neo-Psychedelia,melancholic,48,11,0.229167
2010,Neo-Psychedelia,optimistic,48,2,0.041667
2010,Neo-Psychedelia,peaceful,48,3,0.062500
2010,Neo-Psychedelia,playful,48,12,0.250000
2010,Neo-Psychedelia,sad,48,1,0.020833
2010,Neo-Psychedelia,sombre,48,1,0.020833
2010,Neo-Psychedelia,uplifting,48,7,0.145833
2010,Neo-Soul,aggressive,23,0,0.000000
2010,Neo-Soul,angry,23,0,0.000000
2010,Neo-Soul,anxious,23,0,0.000000
2010,Neo-Soul,bittersweet,23,4,0.173913
2010,Neo-Soul,calm,23,0,0.000000
2010,Neo-Soul,dark,23,0,0.000000
2010,Neo-Soul,depressive,23,0,0.000000
2010,Neo-Soul,happy,23,0,0.000000
2010,Neo-Soul,melancholic,23,1,0.043478
2010,Neo-Soul,optimistic,23,0,0.000000
2010,Neo-Soul,peaceful,23,0,0.000000
2010,Neo-Soul,playful,23,6,0.260870
2010,Neo-Soul,sad,23,0,0.000000
2010,Neo-Soul,sombre,23,1,0.043478
2010,Neo-Soul,uplifting,23,4,0.173913
2010,Neoclassical Darkwave,aggressive,4,0,0.000000
2010,Neoclassical Darkwave,angry,4,1,0.250000
2010,Neoclassical Darkwave,anxious,4,0,0.000000
2010,Neoclassical Darkwave,bittersweet,4,0,0.000000
2010,Neoclassical Darkwave,calm,4,0,0.000000
2010,Neoclassical Darkwave,dark,4,2,0.500000
2010,Neoclassical Darkwave,depressive,4,2,0.500000
2010,Neoclassical Darkwave,happy,4,0,0.000000
2010,Neoclassical Darkwave,melancholic,4,0,0.000000
2010,Neoclassical Darkwave,optimistic,4,0,0.000000
2010,Neoclassical Darkwave,peaceful,4,0,0.000000
2010,Neoclassical Darkwave,playful,4,0,0.000000
2010,Neoclassical Darkwave,sad,4,0,0.000000
2010,Neoclassical Darkwave,sombre,4,1,0.250000
2010,Neoclassical Darkwave,uplifting,4,0,0.000000
2010,Neoclassical New Age,aggressive,1,0,0.000000
2010,Neoclassical New Age,angry,1,0,0.000000
2010,Neoclassical New Age,anxious,1,0,0.000000
2010,Neoclassical New Age,bittersweet,1,0,0.000000
2010,Neoclassical New Age,calm,1,1,1.000000
2010,Neoclassical New Age,dark,1,0,0.000000
2010,Neoclassical New Age,depressive,1,0,0.000000
2010,Neoclassical New Age,happy,1,0,0.000000
2010,Neoclassical New Age,melancholic,1,0,0.000000
2010,Neoclassical New Age,optimistic,1,0,0.000000
2010,Neoclassical New Age,peaceful,1,1,1.000000
2010,Neoclassical New Age,playful,1,0,0.000000
2010,Neoclassical New Age,sad,1,0,0.000000
2010,Neoclassical New Age,sombre,1,0,0.000000
2010,Neoclassical New Age,uplifting,1,0,0.000000
2010,Neofolk,aggressive,1,0,0.000000
2010,Neofolk,angry,1,0,0.000000
2010,Neofolk,anxious,1,0,0.000000
2010,Neofolk,bittersweet,1,0,0.000000
2010,Neofolk,calm,1,0,0.000000
2010,Neofolk,dark,1,1,1.000000
2010,Neofolk,depressive,1,0,0.000000
2010,Neofolk,happy,1,0,0.000000
2010,Neofolk,melancholic,1,1,1.000000
2010,Neofolk,optimistic,1,0,0.000000
2010,Neofolk,peaceful,1,0,0.000000
2010,Neofolk,playful,1,0,0.000000
2010,Neofolk,sad,1,0,0.000000
2010,Neofolk,sombre,1,1,1.000000
2010,Neofolk,uplifting,1,0,0.000000
2010,Neue Deutsche Härte,aggressive,1,1,1.000000
2010,Neue Deutsche Härte,angry,1,0,0.000000
2010,Neue Deutsche Härte,anxious,1,0,0.000000
2010,Neue Deutsche Härte,bittersweet,1,0,0.000000
2010,Neue Deutsche Härte,calm,1,0,0.000000
2010,Neue Deutsche Härte,dark,1,1,1.000000
2010,Neue Deutsche Härte,depressive,1,0,0.000000
2010,Neue Deutsche Härte,happy,1,0,0.000000
2010,Neue Deutsche Härte,melancholic,1,0,0.000000
2010,Neue Deutsche Härte,optimistic,1,0,0.000000
2010,Neue Deutsche Härte,peaceful,1,0,0.000000
2010,Neue Deutsche Härte,playful,1,0,0.000000
2010,Neue Deutsche Härte,sad,1,0,0.000000
2010,Neue Deutsche Härte,sombre,1,0,0.000000
2010,Neue Deutsche Härte,uplifting,1,0,0.000000
2010,New Rave,aggressive,2,0,0.000000
2010,New Rave,angry,2,0,0.000000
2010,New Rave,anxious,2,1,0.500000
2010,New Rave,bittersweet,2,0,0.000000
2010,New Rave,calm,2,0,0.000000
2010,New Rave,dark,2,1,0.500000
2010,New Rave,depressive,2,0,0.000000
2010,New Rave,happy,2,0,0.000000
2010,New Rave,melancholic,2,0,0.000000
2010,New Rave,optimistic,2,0,0.000000
2010,New Rave,peaceful,2,0,0.000000
2010,New Rave,playful,2,1,0.500000
2010,New Rave,sad,2,0,0.000000
2010,New Rave,sombre,2,0,0.000000
2010,New Rave,uplifting,2,1,0.500000
2010,New Wave,aggressive,3,0,0.000000
2010,New Wave,angry,3,0,0.000000
2010,New Wave,anxious,3,1,0.333333
2010,New Wave,bittersweet,3,2,0.666667
2010,New Wave,calm,3,0,0.000000
2010,New Wave,dark,3,2,0.666667
2010,New Wave,depressive,3,0,0.000000
2010,New Wave,happy,3,0,0.000000
2010,New Wave,melancholic,3,1,0.333333
2010,New Wave,optimistic,3,0,0.000000
2010,New Wave,peaceful,3,0,0.000000
2010,New Wave,playful,3,2,0.666667
2010,New Wave,sad,3,0,0.000000
2010,New Wave,sombre,3,0,0.000000
2010,New Wave,uplifting,3,0,0.000000
2010,Noise,aggressive,5,1,0.200000
2010,Noise,angry,5,1,0.200000
2010,Noise,anxious,5,0,0.000000
2010,Noise,bittersweet,5,0,0.000000
2010,Noise,calm,5,0,0.000000
2010,Noise,dark,5,3,0.600000
2010,Noise,depressive,5,2,0.400000
2010,Noise,happy,5,0,0.000000
2010,Noise,melancholic,5,1,0.200000
2010,Noise,optimistic,5,0,0.000000
2010,Noise,peaceful,5,0,0.000000
2010,Noise,playful,5,0,0.000000
2010,Noise,sad,5,1,0.200000
2010,Noise,sombre,5,1,0.200000
2010,Noise,uplifting,5,0,0.000000
2010,Noise Pop,aggressive,9,0,0.000000
2010,Noise Pop,angry,9,1,0.111111
2010,Noise Pop,anxious,9,3,0.333333
2010,Noise Pop,bittersweet,9,6,0.666667
2010,Noise Pop,calm,9,0,0.000000
2010,Noise Pop,dark,9,1,0.111111
2010,Noise Pop,depressive,9,3,0.333333
2010,Noise Pop,happy,9,0,0.000000
2010,Noise Pop,melancholic,9,4,0.444444
2010,Noise Pop,optimistic,9,0,0.000000
2010,Noise Pop,peaceful,9,0,0.000000
2010,Noise Pop,playful,9,1,0.111111
2010,Noise Pop,sad,9,1,0.111111
2010,Noise Pop,sombre,9,0,0.000000
2010,Noise Pop,uplifting,9,1,0.111111
2010,Noise Rock,aggressive,12,6,0.500000
2010,Noise Rock,angry,12,0,0.000000
2010,Noise Rock,anxious,12,3,0.250000
2010,Noise Rock,bittersweet,12,0,0.000000
2010,Noise Rock,calm,12,0,0.000000
2010,Noise Rock,dark,12,3,0.250000
2010,Noise Rock,depressive,12,0,0.000000
2010,Noise Rock,happy,12,1,0.083333
2010,Noise Rock,melancholic,12,0,0.000000
2010,Noise Rock,optimistic,12,0,0.000000
2010,Noise Rock,peaceful,12,0,0.000000
2010,Noise Rock,playful,12,5,0.416667
2010,Noise Rock,sad,12,0,0.000000
2010,Noise Rock,sombre,12,0,0.000000
2010,Noise Rock,uplifting,12,0,0.000000
2010,Novelty,aggressive,1,0,0.000000
2010,Novelty,angry,1,0,0.000000
2010,Novelty,anxious,1,0,0.000000
2010,Novelty,bittersweet,1,0,0.000000
2010,Novelty,calm,1,0,0.000000
2010,Novelty,dark,1,0,0.000000
2010,Novelty,depressive,1,0,0.000000
2010,Novelty,happy,1,0,0.000000
2010,Novelty,melancholic,1,0,0.000000
2010,Novelty,optimistic,1,0,0.000000
2010,Novelty,peaceful,1,0,0.000000
2010,Novelty,playful,1,1,1.000000
2010,Novelty,sad,1,0,0.000000
2010,Novelty,sombre,1,0,0.000000
2010,Novelty,uplifting,1,0,0.000000
2010,Nu Jazz,aggressive,5,0,0.000000
2010,Nu Jazz,angry,5,0,0.000000
2010,Nu Jazz,anxious,5,0,0.000000
2010,Nu Jazz,bittersweet,5,0,0.000000
2010,Nu Jazz,calm,5,1,0.200000
2010,Nu Jazz,dark,5,0,0.000000
2010,Nu Jazz,depressive,5,0,0.000000
2010,Nu Jazz,happy,5,0,0.000000
2010,Nu Jazz,melancholic,5,1,0.200000
2010,Nu Jazz,optimistic,5,0,0.000000
2010,Nu Jazz,peaceful,5,0,0.000000
2010,Nu Jazz,playful,5,1,0.200000
2010,Nu Jazz,sad,5,0,0.000000
2010,Nu Jazz,sombre,5,0,0.000000
2010,Nu Jazz,uplifting,5,1,0.200000
2010,Nu Metal,aggressive,1,0,0.000000
2010,Nu Metal,angry,1,0,0.000000
2010,Nu Metal,anxious,1,0,0.000000
2010,Nu Metal,bittersweet,1,0,0.000000
2010,Nu Metal,calm,1,0,0.000000
2010,Nu Metal,dark,1,1,1.000000
2010,Nu Metal,depressive,1,0,0.000000
2010,Nu Metal,happy,1,0,0.000000
2010,Nu Metal,melancholic,1,0,0.000000
2010,Nu Metal,optimistic,1,0,0.000000
2010,Nu Metal,peaceful,1,0,0.000000
2010,Nu Metal,playful,1,0,0.000000
2010,Nu Metal,sad,1,0,0.000000
2010,Nu Metal,sombre,1,0,0.000000
2010,Nu Metal,uplifting,1,0,0.000000
2010,Nu-Disco,aggressive,2,0,0.000000
2010,Nu-Disco,angry,2,0,0.000000
2010,Nu-Disco,anxious,2,0,0.000000
2010,Nu-Disco,bittersweet,2,0,0.000000
2010,Nu-Disco,calm,2,0,0.000000
2010,Nu-Disco,dark,2,0,0.000000
2010,Nu-Disco,depressive,2,0,0.000000
2010,Nu-Disco,happy,2,1,0.500000
2010,Nu-Disco,melancholic,2,0,0.000000
2010,Nu-Disco,optimistic,2,0,0.000000
2010,Nu-Disco,peaceful,2,0,0.000000
2010,Nu-Disco,playful,2,2,1.000000
2010,Nu-Disco,sad,2,0,0.000000
2010,Nu-Disco,sombre,2,0,0.000000
2010,Nu-Disco,uplifting,2,1,0.500000
2010,Nuevacanciónlatinoamericana,aggressive,1,0,0.000000
2010,Nuevacanciónlatinoamericana,angry,1,0,0.000000
2010,Nuevacanciónlatinoamericana,anxious,1,0,0.000000
2010,Nuevacanciónlatinoamericana,bittersweet,1,0,0.000000
2010,Nuevacanciónlatinoamericana,calm,1,1,1.000000
2010,Nuevacanciónlatinoamericana,dark,1,0,0.000000
2010,Nuevacanciónlatinoamericana,depressive,1,0,0.000000
2010,Nuevacanciónlatinoamericana,happy,1,0,0.000000
2010,Nuevacanciónlatinoamericana,melancholic,1,0,0.000000
2010,Nuevacanciónlatinoamericana,optimistic,1,0,0.000000
2010,Nuevacanciónlatinoamericana,peaceful,1,0,0.000000
2010,Nuevacanciónlatinoamericana,playful,1,0,0.000000
2010,Nuevacanciónlatinoamericana,sad,1,0,0.000000
2010,Nuevacanciónlatinoamericana,sombre,1,0,0.000000
2010,Nuevacanciónlatinoamericana,uplifting,1,0,0.000000
2010,Outsider House,aggressive,1,0,0.000000
2010,Outsider House,angry,1,0,0.000000
2010,Outsider House,anxious,1,0,0.000000
2010,Outsider House,bittersweet,1,0,0.000000
2010,Outsider House,calm,1,0,0.000000
2010,Outsider House,dark,1,0,0.000000
2010,Outsider House,depressive,1,0,0.000000
2010,Outsider House,happy,1,0,0.000000
2010,Outsider House,melancholic,1,1,1.000000
2010,Outsider House,optimistic,1,0,0.000000
2010,Outsider House,peaceful,1,0,0.000000
2010,Outsider House,playful,1,0,0.000000
2010,Outsider House,sad,1,0,0.000000
2010,Outsider House,sombre,1,0,0.000000
2010,Outsider House,uplifting,1,0,0.000000
2010,Piano Rock,aggressive,1,0,0.000000
2010,Piano Rock,angry,1,0,0.000000
2010,Piano Rock,anxious,1,0,0.000000
2010,Piano Rock,bittersweet,1,0,0.000000
2010,Piano Rock,calm,1,0,0.000000
2010,Piano Rock,dark,1,0,0.000000
2010,Piano Rock,depressive,1,0,0.000000
2010,Piano Rock,happy,1,0,0.000000
2010,Piano Rock,melancholic,1,1,1.000000
2010,Piano Rock,optimistic,1,0,0.000000
2010,Piano Rock,peaceful,1,0,0.000000
2010,Piano Rock,playful,1,0,0.000000
2010,Piano Rock,sad,1,0,0.000000
2010,Piano Rock,sombre,1,0,0.000000
2010,Piano Rock,uplifting,1,0,0.000000
2010,Plunderphonics,aggressive,5,0,0.000000
2010,Plunderphonics,angry,5,0,0.000000
2010,Plunderphonics,anxious,5,0,0.000000
2010,Plunderphonics,bittersweet,5,1,0.200000
2010,Plunderphonics,calm,5,0,0.000000
2010,Plunderphonics,dark,5,1,0.200000
2010,Plunderphonics,depressive,5,0,0.000000
2010,Plunderphonics,happy,5,1,0.200000
2010,Plunderphonics,melancholic,5,2,0.400000
2010,Plunderphonics,optimistic,5,0,0.000000
2010,Plunderphonics,peaceful,5,0,0.000000
2010,Plunderphonics,playful,5,1,0.200000
2010,Plunderphonics,sad,5,0,0.000000
2010,Plunderphonics,sombre,5,0,0.000000
2010,Plunderphonics,uplifting,5,1,0.200000
2010,Political Hip Hop,aggressive,3,1,0.333333
2010,Political Hip Hop,angry,3,0,0.000000
2010,Political Hip Hop,anxious,3,1,0.333333
2010,Political Hip Hop,bittersweet,3,0,0.000000
2010,Political Hip Hop,calm,3,0,0.000000
2010,Political Hip Hop,dark,3,0,0.000000
2010,Political Hip Hop,depressive,3,0,0.000000
2010,Political Hip Hop,happy,3,0,0.000000
2010,Political Hip Hop,melancholic,3,0,0.000000
2010,Political Hip Hop,optimistic,3,1,0.333333
2010,Political Hip Hop,peaceful,3,0,0.000000
2010,Political Hip Hop,playful,3,0,0.000000
2010,Political Hip Hop,sad,3,0,0.000000
2010,Political Hip Hop,sombre,3,0,0.000000
2010,Political Hip Hop,uplifting,3,1,0.333333
2010,Pop,aggressive,10,0,0.000000
2010,Pop,angry,10,1,0.100000
2010,Pop,anxious,10,0,0.000000
2010,Pop,bittersweet,10,2,0.200000
2010,Pop,calm,10,0,0.000000
2010,Pop,dark,10,0,0.000000
2010,Pop,depressive,10,0,0.000000
2010,Pop,happy,10,1,0.100000
2010,Pop,melancholic,10,2,0.200000
2010,Pop,optimistic,10,0,0.000000
2010,Pop,peaceful,10,0,0.000000
2010,Pop,playful,10,5,0.500000
2010,Pop,sad,10,0,0.000000
2010,Pop,sombre,10,0,0.000000
2010,Pop,uplifting,10,2,0.200000
2010,Pop Punk,aggressive,13,2,0.153846
2010,Pop Punk,angry,13,2,0.153846
2010,Pop Punk,anxious,13,6,0.461538
2010,Pop Punk,bittersweet,13,5,0.384615
2010,Pop Punk,calm,13,0,0.000000
2010,Pop Punk,dark,13,0,0.000000
2010,Pop Punk,depressive,13,1,0.076923
2010,Pop Punk,happy,13,1,0.076923
2010,Pop Punk,melancholic,13,1,0.076923
2010,Pop Punk,optimistic,13,0,0.000000
2010,Pop Punk,peaceful,13,0,0.000000
2010,Pop Punk,playful,13,5,0.384615
2010,Pop Punk,sad,13,0,0.000000
2010,Pop Punk,sombre,13,0,0.000000
2010,Pop Punk,uplifting,13,0,0.000000
2010,Pop Rap,aggressive,61,3,0.049180
2010,Pop Rap,angry,61,4,0.065574
2010,Pop Rap,anxious,61,4,0.065574
2010,Pop Rap,bittersweet,61,14,0.229508
2010,Pop Rap,calm,61,1,0.016393
2010,Pop Rap,dark,61,1,0.016393
2010,Pop Rap,depressive,61,1,0.016393
2010,Pop Rap,happy,61,2,0.032787
2010,Pop Rap,melancholic,61,13,0.213115
2010,Pop Rap,optimistic,61,6,0.098361
2010,Pop Rap,peaceful,61,0,0.000000
2010,Pop Rap,playful,61,13,0.213115
2010,Pop Rap,sad,61,3,0.049180
2010,Pop Rap,sombre,61,2,0.032787
2010,Pop Rap,uplifting,61,4,0.065574
2010,Pop Rock,aggressive,41,0,0.000000
2010,Pop Rock,angry,41,0,0.000000
2010,Pop Rock,anxious,41,5,0.121951
2010,Pop Rock,bittersweet,41,18,0.439024
2010,Pop Rock,calm,41,1,0.024390
2010,Pop Rock,dark,41,0,0.000000
2010,Pop Rock,depressive,41,0,0.000000
2010,Pop Rock,happy,41,5,0.121951
2010,Pop Rock,melancholic,41,7,0.170732
2010,Pop Rock,optimistic,41,6,0.146341
2010,Pop Rock,peaceful,41,0,0.000000
2010,Pop Rock,playful,41,13,0.317073
2010,Pop Rock,sad,41,0,0.000000
2010,Pop Rock,sombre,41,0,0.000000
2010,Pop Rock,uplifting,41,17,0.414634
2010,Pop Soul,aggressive,4,0,0.000000
2010,Pop Soul,angry,4,0,0.000000
2010,Pop Soul,anxious,4,0,0.000000
2010,Pop Soul,bittersweet,4,2,0.500000
2010,Pop Soul,calm,4,0,0.000000
2010,Pop Soul,dark,4,0,0.000000
2010,Pop Soul,depressive,4,0,0.000000
2010,Pop Soul,happy,4,0,0.000000
2010,Pop Soul,melancholic,4,2,0.500000
2010,Pop Soul,optimistic,4,0,0.000000
2010,Pop Soul,peaceful,4,0,0.000000
2010,Pop Soul,playful,4,1,0.250000
2010,Pop Soul,sad,4,2,0.500000
2010,Pop Soul,sombre,4,0,0.000000
2010,Pop Soul,uplifting,4,1,0.250000
2010,Post-Hardcore,aggressive,15,10,0.666667
2010,Post-Hardcore,angry,15,6,0.400000
2010,Post-Hardcore,anxious,15,7,0.466667
2010,Post-Hardcore,bittersweet,15,3,0.200000
2010,Post-Hardcore,calm,15,0,0.000000
2010,Post-Hardcore,dark,15,3,0.200000
2010,Post-Hardcore,depressive,15,0,0.000000
2010,Post-Hardcore,happy,15,0,0.000000
2010,Post-Hardcore,melancholic,15,5,0.333333
2010,Post-Hardcore,optimistic,15,0,0.000000
2010,Post-Hardcore,peaceful,15,0,0.000000
2010,Post-Hardcore,playful,15,0,0.000000
2010,Post-Hardcore,sad,15,4,0.266667
2010,Post-Hardcore,sombre,15,1,0.066667
2010,Post-Hardcore,uplifting,15,0,0.000000
2010,Post-Industrial,aggressive,12,2,0.166667
2010,Post-Industrial,angry,12,2,0.166667
2010,Post-Industrial,anxious,12,6,0.500000
2010,Post-Industrial,bittersweet,12,0,0.000000
2010,Post-Industrial,calm,12,0,0.000000
2010,Post-Industrial,dark,12,8,0.666667
2010,Post-Industrial,depressive,12,2,0.166667
2010,Post-Industrial,happy,12,0,0.000000
2010,Post-Industrial,melancholic,12,0,0.000000
2010,Post-Industrial,optimistic,12,0,0.000000
2010,Post-Industrial,peaceful,12,0,0.000000
2010,Post-Industrial,playful,12,0,0.000000
2010,Post-Industrial,sad,12,1,0.083333
2010,Post-Industrial,sombre,12,1,0.083333
2010,Post-Industrial,uplifting,12,0,0.000000
2010,Post-Metal,aggressive,15,2,0.133333
2010,Post-Metal,angry,15,0,0.000000
2010,Post-Metal,anxious,15,1,0.066667
2010,Post-Metal,bittersweet,15,2,0.133333
2010,Post-Metal,calm,15,0,0.000000
2010,Post-Metal,dark,15,6,0.400000
2010,Post-Metal,depressive,15,3,0.200000
2010,Post-Metal,happy,15,0,0.000000
2010,Post-Metal,melancholic,15,12,0.800000
2010,Post-Metal,optimistic,15,0,0.000000
2010,Post-Metal,peaceful,15,1,0.066667
2010,Post-Metal,playful,15,0,0.000000
2010,Post-Metal,sad,15,1,0.066667
2010,Post-Metal,sombre,15,6,0.400000
2010,Post-Metal,uplifting,15,0,0.000000
2010,Post-Minimalism,aggressive,3,0,0.000000
2010,Post-Minimalism,angry,3,0,0.000000
2010,Post-Minimalism,anxious,3,1,0.333333
2010,Post-Minimalism,bittersweet,3,0,0.000000
2010,Post-Minimalism,calm,3,1,0.333333
2010,Post-Minimalism,dark,3,2,0.666667
2010,Post-Minimalism,depressive,3,0,0.000000
2010,Post-Minimalism,happy,3,0,0.000000
2010,Post-Minimalism,melancholic,3,1,0.333333
2010,Post-Minimalism,optimistic,3,0,0.000000
2010,Post-Minimalism,peaceful,3,1,0.333333
2010,Post-Minimalism,playful,3,0,0.000000
2010,Post-Minimalism,sad,3,0,0.000000
2010,Post-Minimalism,sombre,3,2,0.666667
2010,Post-Minimalism,uplifting,3,0,0.000000
2010,Post-Punk,aggressive,27,6,0.222222
2010,Post-Punk,angry,27,6,0.222222
2010,Post-Punk,anxious,27,12,0.444444
2010,Post-Punk,bittersweet,27,1,0.037037
2010,Post-Punk,calm,27,0,0.000000
2010,Post-Punk,dark,27,13,0.481481
2010,Post-Punk,depressive,27,1,0.037037
2010,Post-Punk,happy,27,0,0.000000
2010,Post-Punk,melancholic,27,8,0.296296
2010,Post-Punk,optimistic,27,0,0.000000
2010,Post-Punk,peaceful,27,0,0.000000
2010,Post-Punk,playful,27,0,0.000000
2010,Post-Punk,sad,27,1,0.037037
2010,Post-Punk,sombre,27,5,0.185185
2010,Post-Punk,uplifting,27,0,0.000000
2010,Post-Punk Revival,aggressive,5,0,0.000000
2010,Post-Punk Revival,angry,5,0,0.000000
2010,Post-Punk Revival,anxious,5,2,0.400000
2010,Post-Punk Revival,bittersweet,5,2,0.400000
2010,Post-Punk Revival,calm,5,0,0.000000
2010,Post-Punk Revival,dark,5,3,0.600000
2010,Post-Punk Revival,depressive,5,0,0.000000
2010,Post-Punk Revival,happy,5,0,0.000000
2010,Post-Punk Revival,melancholic,5,4,0.800000
2010,Post-Punk Revival,optimistic,5,0,0.000000
2010,Post-Punk Revival,peaceful,5,0,0.000000
2010,Post-Punk Revival,playful,5,1,0.200000
2010,Post-Punk Revival,sad,5,0,0.000000
2010,Post-Punk Revival,sombre,5,1,0.200000
2010,Post-Punk Revival,uplifting,5,1,0.200000
2010,Post-Rock,aggressive,16,1,0.062500
2010,Post-Rock,angry,16,1,0.062500
2010,Post-Rock,anxious,16,0,0.000000
2010,Post-Rock,bittersweet,16,2,0.125000
2010,Post-Rock,calm,16,2,0.125000
2010,Post-Rock,dark,16,4,0.250000
2010,Post-Rock,depressive,16,0,0.000000
2010,Post-Rock,happy,16,0,0.000000
2010,Post-Rock,melancholic,16,8,0.500000
2010,Post-Rock,optimistic,16,1,0.062500
2010,Post-Rock,peaceful,16,1,0.062500
2010,Post-Rock,playful,16,0,0.000000
2010,Post-Rock,sad,16,0,0.000000
2010,Post-Rock,sombre,16,3,0.187500
2010,Post-Rock,uplifting,16,0,0.000000
2010,Power Pop,aggressive,12,0,0.000000
2010,Power Pop,angry,12,0,0.000000
2010,Power Pop,anxious,12,3,0.250000
2010,Power Pop,bittersweet,12,6,0.500000
2010,Power Pop,calm,12,0,0.000000
2010,Power Pop,dark,12,0,0.000000
2010,Power Pop,depressive,12,1,0.083333
2010,Power Pop,happy,12,2,0.166667
2010,Power Pop,melancholic,12,1,0.083333
2010,Power Pop,optimistic,12,2,0.166667
2010,Power Pop,peaceful,12,0,0.000000
2010,Power Pop,playful,12,4,0.333333
2010,Power Pop,sad,12,0,0.000000
2010,Power Pop,sombre,12,0,0.000000
2010,Power Pop,uplifting,12,3,0.250000
2010,Powerviolence,aggressive,4,4,1.000000
2010,Powerviolence,angry,4,4,1.000000
2010,Powerviolence,anxious,4,0,0.000000
2010,Powerviolence,bittersweet,4,0,0.000000
2010,Powerviolence,calm,4,0,0.000000
2010,Powerviolence,dark,4,0,0.000000
2010,Powerviolence,depressive,4,0,0.000000
2010,Powerviolence,happy,4,0,0.000000
2010,Powerviolence,melancholic,4,0,0.000000
2010,Powerviolence,optimistic,4,0,0.000000
2010,Powerviolence,peaceful,4,0,0.000000
2010,Powerviolence,playful,4,0,0.000000
2010,Powerviolence,sad,4,0,0.000000
2010,Powerviolence,sombre,4,0,0.000000
2010,Powerviolence,uplifting,4,0,0.000000
2010,Progressive Country,aggressive,1,0,0.000000
2010,Progressive Country,angry,1,0,0.000000
2010,Progressive Country,anxious,1,0,0.000000
2010,Progressive Country,bittersweet,1,1,1.000000
2010,Progressive Country,calm,1,0,0.000000
2010,Progressive Country,dark,1,0,0.000000
2010,Progressive Country,depressive,1,0,0.000000
2010,Progressive Country,happy,1,0,0.000000
2010,Progressive Country,melancholic,1,0,0.000000
2010,Progressive Country,optimistic,1,0,0.000000
2010,Progressive Country,peaceful,1,0,0.000000
2010,Progressive Country,playful,1,0,0.000000
2010,Progressive Country,sad,1,0,0.000000
2010,Progressive Country,sombre,1,0,0.000000
2010,Progressive Country,uplifting,1,0,0.000000
2010,Progressive Electronic,aggressive,8,0,0.000000
2010,Progressive Electronic,angry,8,0,0.000000
2010,Progressive Electronic,anxious,8,2,0.250000
2010,Progressive Electronic,bittersweet,8,0,0.000000
2010,Progressive Electronic,calm,8,0,0.000000
2010,Progressive Electronic,dark,8,2,0.250000
2010,Progressive Electronic,depressive,8,0,0.000000
2010,Progressive Electronic,happy,8,0,0.000000
2010,Progressive Electronic,melancholic,8,0,0.000000
2010,Progressive Electronic,optimistic,8,0,0.000000
2010,Progressive Electronic,peaceful,8,0,0.000000
2010,Progressive Electronic,playful,8,0,0.000000
2010,Progressive Electronic,sad,8,0,0.000000
2010,Progressive Electronic,sombre,8,0,0.000000
2010,Progressive Electronic,uplifting,8,0,0.000000
2010,Progressive Folk,aggressive,4,0,0.000000
2010,Progressive Folk,angry,4,0,0.000000
2010,Progressive Folk,anxious,4,0,0.000000
2010,Progressive Folk,bittersweet,4,4,1.000000
2010,Progressive Folk,calm,4,0,0.000000
2010,Progressive Folk,dark,4,0,0.000000
2010,Progressive Folk,depressive,4,0,0.000000
2010,Progressive Folk,happy,4,0,0.000000
2010,Progressive Folk,melancholic,4,1,0.250000
2010,Progressive Folk,optimistic,4,0,0.000000
2010,Progressive Folk,peaceful,4,0,0.000000
2010,Progressive Folk,playful,4,1,0.250000
2010,Progressive Folk,sad,4,0,0.000000
2010,Progressive Folk,sombre,4,0,0.000000
2010,Progressive Folk,uplifting,4,0,0.000000
2010,Progressive Metal,aggressive,21,5,0.238095
2010,Progressive Metal,angry,21,0,0.000000
2010,Progressive Metal,anxious,21,1,0.047619
2010,Progressive Metal,bittersweet,21,1,0.047619
2010,Progressive Metal,calm,21,0,0.000000
2010,Progressive Metal,dark,21,2,0.095238
2010,Progressive Metal,depressive,21,0,0.000000
2010,Progressive Metal,happy,21,0,0.000000
2010,Progressive Metal,melancholic,21,2,0.095238
2010,Progressive Metal,optimistic,21,0,0.000000
2010,Progressive Metal,peaceful,21,0,0.000000
2010,Progressive Metal,playful,21,0,0.000000
2010,Progressive Metal,sad,21,0,0.000000
2010,Progressive Metal,sombre,21,3,0.142857
2010,Progressive Metal,uplifting,21,1,0.047619
2010,Progressive Pop,aggressive,11,0,0.000000
2010,Progressive Pop,angry,11,0,0.000000
2010,Progressive Pop,anxious,11,2,0.181818
2010,Progressive Pop,bittersweet,11,1,0.090909
2010,Progressive Pop,calm,11,0,0.000000
2010,Progressive Pop,dark,11,0,0.000000
2010,Progressive Pop,depressive,11,0,0.000000
2010,Progressive Pop,happy,11,0,0.000000
2010,Progressive Pop,melancholic,11,1,0.090909
2010,Progressive Pop,optimistic,11,0,0.000000
2010,Progressive Pop,peaceful,11,2,0.181818
2010,Progressive Pop,playful,11,3,0.272727
2010,Progressive Pop,sad,11,0,0.000000
2010,Progressive Pop,sombre,11,0,0.000000
2010,Progressive Pop,uplifting,11,2,0.181818
2010,Progressive Rock,aggressive,15,0,0.000000
2010,Progressive Rock,angry,15,0,0.000000
2010,Progressive Rock,anxious,15,1,0.066667
2010,Progressive Rock,bittersweet,15,1,0.066667
2010,Progressive Rock,calm,15,0,0.000000
2010,Progressive Rock,dark,15,5,0.333333
2010,Progressive Rock,depressive,15,0,0.000000
2010,Progressive Rock,happy,15,0,0.000000
2010,Progressive Rock,melancholic,15,5,0.333333
2010,Progressive Rock,optimistic,15,0,0.000000
2010,Progressive Rock,peaceful,15,1,0.066667
2010,Progressive Rock,playful,15,1,0.066667
2010,Progressive Rock,sad,15,0,0.000000
2010,Progressive Rock,sombre,15,4,0.266667
2010,Progressive Rock,uplifting,15,4,0.266667
2010,Psychedelic Folk,aggressive,6,0,0.000000
2010,Psychedelic Folk,angry,6,0,0.000000
2010,Psychedelic Folk,anxious,6,0,0.000000
2010,Psychedelic Folk,bittersweet,6,1,0.166667
2010,Psychedelic Folk,calm,6,1,0.166667
2010,Psychedelic Folk,dark,6,0,0.000000
2010,Psychedelic Folk,depressive,6,0,0.000000
2010,Psychedelic Folk,happy,6,1,0.166667
2010,Psychedelic Folk,melancholic,6,1,0.166667
2010,Psychedelic Folk,optimistic,6,0,0.000000
2010,Psychedelic Folk,peaceful,6,1,0.166667
2010,Psychedelic Folk,playful,6,2,0.333333
2010,Psychedelic Folk,sad,6,0,0.000000
2010,Psychedelic Folk,sombre,6,0,0.000000
2010,Psychedelic Folk,uplifting,6,0,0.000000
2010,Psychedelic Pop,aggressive,28,0,0.000000
2010,Psychedelic Pop,angry,28,0,0.000000
2010,Psychedelic Pop,anxious,28,2,0.071429
2010,Psychedelic Pop,bittersweet,28,7,0.250000
2010,Psychedelic Pop,calm,28,3,0.107143
2010,Psychedelic Pop,dark,28,0,0.000000
2010,Psychedelic Pop,depressive,28,0,0.000000
2010,Psychedelic Pop,happy,28,4,0.142857
2010,Psychedelic Pop,melancholic,28,1,0.035714
2010,Psychedelic Pop,optimistic,28,1,0.035714
2010,Psychedelic Pop,peaceful,28,0,0.000000
2010,Psychedelic Pop,playful,28,17,0.607143
2010,Psychedelic Pop,sad,28,0,0.000000
2010,Psychedelic Pop,sombre,28,0,0.000000
2010,Psychedelic Pop,uplifting,28,3,0.107143
2010,Psychedelic Rock,aggressive,22,0,0.000000
2010,Psychedelic Rock,angry,22,0,0.000000
2010,Psychedelic Rock,anxious,22,0,0.000000
2010,Psychedelic Rock,bittersweet,22,0,0.000000
2010,Psychedelic Rock,calm,22,1,0.045455
2010,Psychedelic Rock,dark,22,1,0.045455
2010,Psychedelic Rock,depressive,22,0,0.000000
2010,Psychedelic Rock,happy,22,0,0.000000
2010,Psychedelic Rock,melancholic,22,1,0.045455
2010,Psychedelic Rock,optimistic,22,0,0.000000
2010,Psychedelic Rock,peaceful,22,1,0.045455
2010,Psychedelic Rock,playful,22,8,0.363636
2010,Psychedelic Rock,sad,22,0,0.000000
2010,Psychedelic Rock,sombre,22,0,0.000000
2010,Psychedelic Rock,uplifting,22,0,0.000000
2010,Psychedelic Soul,aggressive,5,0,0.000000
2010,Psychedelic Soul,angry,5,0,0.000000
2010,Psychedelic Soul,anxious,5,0,0.000000
2010,Psychedelic Soul,bittersweet,5,1,0.200000
2010,Psychedelic Soul,calm,5,0,0.000000
2010,Psychedelic Soul,dark,5,0,0.000000
2010,Psychedelic Soul,depressive,5,0,0.000000
2010,Psychedelic Soul,happy,5,0,0.000000
2010,Psychedelic Soul,melancholic,5,1,0.200000
2010,Psychedelic Soul,optimistic,5,0,0.000000
2010,Psychedelic Soul,peaceful,5,0,0.000000
2010,Psychedelic Soul,playful,5,2,0.400000
2010,Psychedelic Soul,sad,5,0,0.000000
2010,Psychedelic Soul,sombre,5,0,0.000000
2010,Psychedelic Soul,uplifting,5,2,0.400000
2010,Punk Blues,aggressive,3,0,0.000000
2010,Punk Blues,angry,3,1,0.333333
2010,Punk Blues,anxious,3,1,0.333333
2010,Punk Blues,bittersweet,3,0,0.000000
2010,Punk Blues,calm,3,0,0.000000
2010,Punk Blues,dark,3,1,0.333333
2010,Punk Blues,depressive,3,0,0.000000
2010,Punk Blues,happy,3,0,0.000000
2010,Punk Blues,melancholic,3,0,0.000000
2010,Punk Blues,optimistic,3,0,0.000000
2010,Punk Blues,peaceful,3,0,0.000000
2010,Punk Blues,playful,3,0,0.000000
2010,Punk Blues,sad,3,0,0.000000
2010,Punk Blues,sombre,3,1,0.333333
2010,Punk Blues,uplifting,3,0,0.000000
2010,Punk Rock,aggressive,1,0,0.000000
2010,Punk Rock,angry,1,1,1.000000
2010,Punk Rock,anxious,1,0,0.000000
2010,Punk Rock,bittersweet,1,0,0.000000
2010,Punk Rock,calm,1,0,0.000000
2010,Punk Rock,dark,1,0,0.000000
2010,Punk Rock,depressive,1,0,0.000000
2010,Punk Rock,happy,1,0,0.000000
2010,Punk Rock,melancholic,1,0,0.000000
2010,Punk Rock,optimistic,1,0,0.000000
2010,Punk Rock,peaceful,1,0,0.000000
2010,Punk Rock,playful,1,0,0.000000
2010,Punk Rock,sad,1,0,0.000000
2010,Punk Rock,sombre,1,0,0.000000
2010,Punk Rock,uplifting,1,0,0.000000
2010,Purple Sound,aggressive,1,0,0.000000
2010,Purple Sound,angry,1,0,0.000000
2010,Purple Sound,anxious,1,0,0.000000
2010,Purple Sound,bittersweet,1,0,0.000000
2010,Purple Sound,calm,1,0,0.000000
2010,Purple Sound,dark,1,0,0.000000
2010,Purple Sound,depressive,1,0,0.000000
2010,Purple Sound,happy,1,0,0.000000
2010,Purple Sound,melancholic,1,0,0.000000
2010,Purple Sound,optimistic,1,0,0.000000
2010,Purple Sound,peaceful,1,0,0.000000
2010,Purple Sound,playful,1,1,1.000000
2010,Purple Sound,sad,1,0,0.000000
2010,Purple Sound,sombre,1,0,0.000000
2010,Purple Sound,uplifting,1,1,1.000000
2010,Ratchet Music,aggressive,1,0,0.000000
2010,Ratchet Music,angry,1,0,0.000000
2010,Ratchet Music,anxious,1,0,0.000000
2010,Ratchet Music,bittersweet,1,0,0.000000
2010,Ratchet Music,calm,1,0,0.000000
2010,Ratchet Music,dark,1,0,0.000000
2010,Ratchet Music,depressive,1,0,0.000000
2010,Ratchet Music,happy,1,0,0.000000
2010,Ratchet Music,melancholic,1,0,0.000000
2010,Ratchet Music,optimistic,1,0,0.000000
2010,Ratchet Music,peaceful,1,0,0.000000
2010,Ratchet Music,playful,1,0,0.000000
2010,Ratchet Music,sad,1,0,0.000000
2010,Ratchet Music,sombre,1,0,0.000000
2010,Ratchet Music,uplifting,1,0,0.000000
2010,Rock Opera,aggressive,1,0,0.000000
2010,Rock Opera,angry,1,0,0.000000
2010,Rock Opera,anxious,1,0,0.000000
2010,Rock Opera,bittersweet,1,0,0.000000
2010,Rock Opera,calm,1,0,0.000000
2010,Rock Opera,dark,1,0,0.000000
2010,Rock Opera,depressive,1,0,0.000000
2010,Rock Opera,happy,1,0,0.000000
2010,Rock Opera,melancholic,1,0,0.000000
2010,Rock Opera,optimistic,1,0,0.000000
2010,Rock Opera,peaceful,1,0,0.000000
2010,Rock Opera,playful,1,0,0.000000
2010,Rock Opera,sad,1,0,0.000000
2010,Rock Opera,sombre,1,0,0.000000
2010,Rock Opera,uplifting,1,0,0.000000
2010,Satire,aggressive,1,0,0.000000
2010,Satire,angry,1,0,0.000000
2010,Satire,anxious,1,0,0.000000
2010,Satire,bittersweet,1,0,0.000000
2010,Satire,calm,1,0,0.000000
2010,Satire,dark,1,0,0.000000
2010,Satire,depressive,1,0,0.000000
2010,Satire,happy,1,0,0.000000
2010,Satire,melancholic,1,0,0.000000
2010,Satire,optimistic,1,0,0.000000
2010,Satire,peaceful,1,0,0.000000
2010,Satire,playful,1,0,0.000000
2010,Satire,sad,1,0,0.000000
2010,Satire,sombre,1,0,0.000000
2010,Satire,uplifting,1,0,0.000000
2010,Screamo,aggressive,1,0,0.000000
2010,Screamo,angry,1,1,1.000000
2010,Screamo,anxious,1,1,1.000000
2010,Screamo,bittersweet,1,0,0.000000
2010,Screamo,calm,1,0,0.000000
2010,Screamo,dark,1,0,0.000000
2010,Screamo,depressive,1,0,0.000000
2010,Screamo,happy,1,0,0.000000
2010,Screamo,melancholic,1,1,1.000000
2010,Screamo,optimistic,1,0,0.000000
2010,Screamo,peaceful,1,0,0.000000
2010,Screamo,playful,1,0,0.000000
2010,Screamo,sad,1,0,0.000000
2010,Screamo,sombre,1,0,0.000000
2010,Screamo,uplifting,1,0,0.000000
2010,Sequencer & Tracker,aggressive,2,0,0.000000
2010,Sequencer & Tracker,angry,2,0,0.000000
2010,Sequencer & Tracker,anxious,2,0,0.000000
2010,Sequencer & Tracker,bittersweet,2,1,0.500000
2010,Sequencer & Tracker,calm,2,0,0.000000
2010,Sequencer & Tracker,dark,2,0,0.000000
2010,Sequencer & Tracker,depressive,2,0,0.000000
2010,Sequencer & Tracker,happy,2,0,0.000000
2010,Sequencer & Tracker,melancholic,2,0,0.000000
2010,Sequencer & Tracker,optimistic,2,0,0.000000
2010,Sequencer & Tracker,peaceful,2,0,0.000000
2010,Sequencer & Tracker,playful,2,2,1.000000
2010,Sequencer & Tracker,sad,2,0,0.000000
2010,Sequencer & Tracker,sombre,2,0,0.000000
2010,Sequencer & Tracker,uplifting,2,1,0.500000
2010,Shoegaze,aggressive,14,0,0.000000
2010,Shoegaze,angry,14,0,0.000000
2010,Shoegaze,anxious,14,0,0.000000
2010,Shoegaze,bittersweet,14,3,0.214286
2010,Shoegaze,calm,14,0,0.000000
2010,Shoegaze,dark,14,2,0.142857
2010,Shoegaze,depressive,14,2,0.142857
2010,Shoegaze,happy,14,0,0.000000
2010,Shoegaze,melancholic,14,10,0.714286
2010,Shoegaze,optimistic,14,0,0.000000
2010,Shoegaze,peaceful,14,2,0.142857
2010,Shoegaze,playful,14,1,0.071429
2010,Shoegaze,sad,14,0,0.000000
2010,Shoegaze,sombre,14,2,0.142857
2010,Shoegaze,uplifting,14,2,0.142857
2010,Singer-Songwriter,aggressive,77,0,0.000000
2010,Singer-Songwriter,angry,77,4,0.051948
2010,Singer-Songwriter,anxious,77,9,0.116883
2010,Singer-Songwriter,bittersweet,77,40,0.519481
2010,Singer-Songwriter,calm,77,12,0.155844
2010,Singer-Songwriter,dark,77,5,0.064935
2010,Singer-Songwriter,depressive,77,6,0.077922
2010,Singer-Songwriter,happy,77,0,0.000000
2010,Singer-Songwriter,melancholic,77,47,0.610390
2010,Singer-Songwriter,optimistic,77,0,0.000000
2010,Singer-Songwriter,peaceful,77,3,0.038961
2010,Singer-Songwriter,playful,77,2,0.025974
2010,Singer-Songwriter,sad,77,10,0.129870
2010,Singer-Songwriter,sombre,77,15,0.194805
2010,Singer-Songwriter,uplifting,77,3,0.038961
2010,Slowcore,aggressive,4,0,0.000000
2010,Slowcore,angry,4,0,0.000000
2010,Slowcore,anxious,4,0,0.000000
2010,Slowcore,bittersweet,4,0,0.000000
2010,Slowcore,calm,4,0,0.000000
2010,Slowcore,dark,4,1,0.250000
2010,Slowcore,depressive,4,2,0.500000
2010,Slowcore,happy,4,0,0.000000
2010,Slowcore,melancholic,4,2,0.500000
2010,Slowcore,optimistic,4,0,0.000000
2010,Slowcore,peaceful,4,0,0.000000
2010,Slowcore,playful,4,0,0.000000
2010,Slowcore,sad,4,1,0.250000
2010,Slowcore,sombre,4,2,0.500000
2010,Slowcore,uplifting,4,0,0.000000
2010,Smooth Soul,aggressive,1,0,0.000000
2010,Smooth Soul,angry,1,0,0.000000
2010,Smooth Soul,anxious,1,0,0.000000
2010,Smooth Soul,bittersweet,1,1,1.000000
2010,Smooth Soul,calm,1,0,0.000000
2010,Smooth Soul,dark,1,0,0.000000
2010,Smooth Soul,depressive,1,0,0.000000
2010,Smooth Soul,happy,1,0,0.000000
2010,Smooth Soul,melancholic,1,1,1.000000
2010,Smooth Soul,optimistic,1,0,0.000000
2010,Smooth Soul,peaceful,1,0,0.000000
2010,Smooth Soul,playful,1,0,0.000000
2010,Smooth Soul,sad,1,0,0.000000
2010,Smooth Soul,sombre,1,0,0.000000
2010,Smooth Soul,uplifting,1,0,0.000000
2010,Soft Rock,aggressive,1,0,0.000000
2010,Soft Rock,angry,1,0,0.000000
2010,Soft Rock,anxious,1,0,0.000000
2010,Soft Rock,bittersweet,1,1,1.000000
2010,Soft Rock,calm,1,1,1.000000
2010,Soft Rock,dark,1,0,0.000000
2010,Soft Rock,depressive,1,1,1.000000
2010,Soft Rock,happy,1,0,0.000000
2010,Soft Rock,melancholic,1,1,1.000000
2010,Soft Rock,optimistic,1,0,0.000000
2010,Soft Rock,peaceful,1,0,0.000000
2010,Soft Rock,playful,1,0,0.000000
2010,Soft Rock,sad,1,0,0.000000
2010,Soft Rock,sombre,1,0,0.000000
2010,Soft Rock,uplifting,1,0,0.000000
2010,Sophisti-Pop,aggressive,4,0,0.000000
2010,Sophisti-Pop,angry,4,0,0.000000
2010,Sophisti-Pop,anxious,4,0,0.000000
2010,Sophisti-Pop,bittersweet,4,3,0.750000
2010,Sophisti-Pop,calm,4,1,0.250000
2010,Sophisti-Pop,dark,4,0,0.000000
2010,Sophisti-Pop,depressive,4,0,0.000000
2010,Sophisti-Pop,happy,4,0,0.000000
2010,Sophisti-Pop,melancholic,4,1,0.250000
2010,Sophisti-Pop,optimistic,4,0,0.000000
2010,Sophisti-Pop,peaceful,4,0,0.000000
2010,Sophisti-Pop,playful,4,0,0.000000
2010,Sophisti-Pop,sad,4,0,0.000000
2010,Sophisti-Pop,sombre,4,0,0.000000
2010,Sophisti-Pop,uplifting,4,0,0.000000
2010,Sound Collage,aggressive,5,0,0.000000
2010,Sound Collage,angry,5,0,0.000000
2010,Sound Collage,anxious,5,0,0.000000
2010,Sound Collage,bittersweet,5,0,0.000000
2010,Sound Collage,calm,5,0,0.000000
2010,Sound Collage,dark,5,2,0.400000
2010,Sound Collage,depressive,5,2,0.400000
2010,Sound Collage,happy,5,0,0.000000
2010,Sound Collage,melancholic,5,0,0.000000
2010,Sound Collage,optimistic,5,0,0.000000
2010,Sound Collage,peaceful,5,0,0.000000
2010,Sound Collage,playful,5,0,0.000000
2010,Sound Collage,sad,5,0,0.000000
2010,Sound Collage,sombre,5,1,0.200000
2010,Sound Collage,uplifting,5,0,0.000000
2010,Soundtracks,aggressive,1,0,0.000000
2010,Soundtracks,angry,1,0,0.000000
2010,Soundtracks,anxious,1,0,0.000000
2010,Soundtracks,bittersweet,1,0,0.000000
2010,Soundtracks,calm,1,1,1.000000
2010,Soundtracks,dark,1,0,0.000000
2010,Soundtracks,depressive,1,0,0.000000
2010,Soundtracks,happy,1,0,0.000000
2010,Soundtracks,melancholic,1,1,1.000000
2010,Soundtracks,optimistic,1,0,0.000000
2010,Soundtracks,peaceful,1,0,0.000000
2010,Soundtracks,playful,1,0,0.000000
2010,Soundtracks,sad,1,0,0.000000
2010,Soundtracks,sombre,1,0,0.000000
2010,Soundtracks,uplifting,1,0,0.000000
2010,Southern Hip Hop,aggressive,49,9,0.183673
2010,Southern Hip Hop,angry,49,2,0.040816
2010,Southern Hip Hop,anxious,49,1,0.020408
2010,Southern Hip Hop,bittersweet,49,2,0.040816
2010,Southern Hip Hop,calm,49,2,0.040816
2010,Southern Hip Hop,dark,49,9,0.183673
2010,Southern Hip Hop,depressive,49,1,0.020408
2010,Southern Hip Hop,happy,49,1,0.020408
2010,Southern Hip Hop,melancholic,49,3,0.061224
2010,Southern Hip Hop,optimistic,49,1,0.020408
2010,Southern Hip Hop,peaceful,49,0,0.000000
2010,Southern Hip Hop,playful,49,7,0.142857
2010,Southern Hip Hop,sad,49,1,0.020408
2010,Southern Hip Hop,sombre,49,0,0.000000
2010,Southern Hip Hop,uplifting,49,3,0.061224
2010,Space Rock Revival,aggressive,3,0,0.000000
2010,Space Rock Revival,angry,3,0,0.000000
2010,Space Rock Revival,anxious,3,0,0.000000
2010,Space Rock Revival,bittersweet,3,0,0.000000
2010,Space Rock Revival,calm,3,0,0.000000
2010,Space Rock Revival,dark,3,1,0.333333
2010,Space Rock Revival,depressive,3,2,0.666667
2010,Space Rock Revival,happy,3,0,0.000000
2010,Space Rock Revival,melancholic,3,1,0.333333
2010,Space Rock Revival,optimistic,3,0,0.000000
2010,Space Rock Revival,peaceful,3,0,0.000000
2010,Space Rock Revival,playful,3,0,0.000000
2010,Space Rock Revival,sad,3,0,0.000000
2010,Space Rock Revival,sombre,3,2,0.666667
2010,Space Rock Revival,uplifting,3,0,0.000000
2010,Spaghetti Western,aggressive,1,0,0.000000
2010,Spaghetti Western,angry,1,0,0.000000
2010,Spaghetti Western,anxious,1,0,0.000000
2010,Spaghetti Western,bittersweet,1,0,0.000000
2010,Spaghetti Western,calm,1,0,0.000000
2010,Spaghetti Western,dark,1,0,0.000000
2010,Spaghetti Western,depressive,1,0,0.000000
2010,Spaghetti Western,happy,1,0,0.000000
2010,Spaghetti Western,melancholic,1,0,0.000000
2010,Spaghetti Western,optimistic,1,0,0.000000
2010,Spaghetti Western,peaceful,1,0,0.000000
2010,Spaghetti Western,playful,1,0,0.000000
2010,Spaghetti Western,sad,1,0,0.000000
2010,Spaghetti Western,sombre,1,0,0.000000
2010,Spaghetti Western,uplifting,1,0,0.000000
2010,Spiritual Jazz,aggressive,2,0,0.000000
2010,Spiritual Jazz,angry,2,0,0.000000
2010,Spiritual Jazz,anxious,2,0,0.000000
2010,Spiritual Jazz,bittersweet,2,0,0.000000
2010,Spiritual Jazz,calm,2,0,0.000000
2010,Spiritual Jazz,dark,2,0,0.000000
2010,Spiritual Jazz,depressive,2,0,0.000000
2010,Spiritual Jazz,happy,2,0,0.000000
2010,Spiritual Jazz,melancholic,2,0,0.000000
2010,Spiritual Jazz,optimistic,2,1,0.500000
2010,Spiritual Jazz,peaceful,2,0,0.000000
2010,Spiritual Jazz,playful,2,2,1.000000
2010,Spiritual Jazz,sad,2,0,0.000000
2010,Spiritual Jazz,sombre,2,0,0.000000
2010,Spiritual Jazz,uplifting,2,2,1.000000
2010,Spirituals,aggressive,1,0,0.000000
2010,Spirituals,angry,1,0,0.000000
2010,Spirituals,anxious,1,0,0.000000
2010,Spirituals,bittersweet,1,0,0.000000
2010,Spirituals,calm,1,0,0.000000
2010,Spirituals,dark,1,1,1.000000
2010,Spirituals,depressive,1,0,0.000000
2010,Spirituals,happy,1,0,0.000000
2010,Spirituals,melancholic,1,0,0.000000
2010,Spirituals,optimistic,1,0,0.000000
2010,Spirituals,peaceful,1,0,0.000000
2010,Spirituals,playful,1,0,0.000000
2010,Spirituals,sad,1,0,0.000000
2010,Spirituals,sombre,1,1,1.000000
2010,Spirituals,uplifting,1,0,0.000000
2010,Spoken Word,aggressive,3,0,0.000000
2010,Spoken Word,angry,3,0,0.000000
2010,Spoken Word,anxious,3,0,0.000000
2010,Spoken Word,bittersweet,3,0,0.000000
2010,Spoken Word,calm,3,0,0.000000
2010,Spoken Word,dark,3,0,0.000000
2010,Spoken Word,depressive,3,0,0.000000
2010,Spoken Word,happy,3,0,0.000000
2010,Spoken Word,melancholic,3,0,0.000000
2010,Spoken Word,optimistic,3,0,0.000000
2010,Spoken Word,peaceful,3,0,0.000000
2010,Spoken Word,playful,3,0,0.000000
2010,Spoken Word,sad,3,0,0.000000
2010,Spoken Word,sombre,3,0,0.000000
2010,Spoken Word,uplifting,3,0,0.000000
2010,Stoner Metal,aggressive,7,1,0.142857
2010,Stoner Metal,angry,7,0,0.000000
2010,Stoner Metal,anxious,7,0,0.000000
2010,Stoner Metal,bittersweet,7,0,0.000000
2010,Stoner Metal,calm,7,0,0.000000
2010,Stoner Metal,dark,7,1,0.142857
2010,Stoner Metal,depressive,7,0,0.000000
2010,Stoner Metal,happy,7,0,0.000000
2010,Stoner Metal,melancholic,7,0,0.000000
2010,Stoner Metal,optimistic,7,0,0.000000
2010,Stoner Metal,peaceful,7,0,0.000000
2010,Stoner Metal,playful,7,0,0.000000
2010,Stoner Metal,sad,7,0,0.000000
2010,Stoner Metal,sombre,7,0,0.000000
2010,Stoner Metal,uplifting,7,1,0.142857
2010,Stoner Rock,aggressive,3,0,0.000000
2010,Stoner Rock,angry,3,0,0.000000
2010,Stoner Rock,anxious,3,0,0.000000
2010,Stoner Rock,bittersweet,3,0,0.000000
2010,Stoner Rock,calm,3,0,0.000000
2010,Stoner Rock,dark,3,0,0.000000
2010,Stoner Rock,depressive,3,0,0.000000
2010,Stoner Rock,happy,3,0,0.000000
2010,Stoner Rock,melancholic,3,0,0.000000
2010,Stoner Rock,optimistic,3,0,0.000000
2010,Stoner Rock,peaceful,3,0,0.000000
2010,Stoner Rock,playful,3,0,0.000000
2010,Stoner Rock,sad,3,0,0.000000
2010,Stoner Rock,sombre,3,0,0.000000
2010,Stoner Rock,uplifting,3,1,0.333333
2010,Surf Punk,aggressive,1,0,0.000000
2010,Surf Punk,angry,1,0,0.000000
2010,Surf Punk,anxious,1,0,0.000000
2010,Surf Punk,bittersweet,1,0,0.000000
2010,Surf Punk,calm,1,0,0.000000
2010,Surf Punk,dark,1,0,0.000000
2010,Surf Punk,depressive,1,0,0.000000
2010,Surf Punk,happy,1,1,1.000000
2010,Surf Punk,melancholic,1,0,0.000000
2010,Surf Punk,optimistic,1,0,0.000000
2010,Surf Punk,peaceful,1,0,0.000000
2010,Surf Punk,playful,1,1,1.000000
2010,Surf Punk,sad,1,0,0.000000
2010,Surf Punk,sombre,1,0,0.000000
2010,Surf Punk,uplifting,1,0,0.000000
2010,Synth Funk,aggressive,4,0,0.000000
2010,Synth Funk,angry,4,0,0.000000
2010,Synth Funk,anxious,4,0,0.000000
2010,Synth Funk,bittersweet,4,2,0.500000
2010,Synth Funk,calm,4,0,0.000000
2010,Synth Funk,dark,4,0,0.000000
2010,Synth Funk,depressive,4,0,0.000000
2010,Synth Funk,happy,4,1,0.250000
2010,Synth Funk,melancholic,4,0,0.000000
2010,Synth Funk,optimistic,4,0,0.000000
2010,Synth Funk,peaceful,4,0,0.000000
2010,Synth Funk,playful,4,1,0.250000
2010,Synth Funk,sad,4,0,0.000000
2010,Synth Funk,sombre,4,0,0.000000
2010,Synth Funk,uplifting,4,0,0.000000
2010,Synth Punk,aggressive,3,1,0.333333
2010,Synth Punk,angry,3,1,0.333333
2010,Synth Punk,anxious,3,3,1.000000
2010,Synth Punk,bittersweet,3,0,0.000000
2010,Synth Punk,calm,3,0,0.000000
2010,Synth Punk,dark,3,2,0.666667
2010,Synth Punk,depressive,3,2,0.666667
2010,Synth Punk,happy,3,0,0.000000
2010,Synth Punk,melancholic,3,0,0.000000
2010,Synth Punk,optimistic,3,0,0.000000
2010,Synth Punk,peaceful,3,0,0.000000
2010,Synth Punk,playful,3,0,0.000000
2010,Synth Punk,sad,3,0,0.000000
2010,Synth Punk,sombre,3,1,0.333333
2010,Synth Punk,uplifting,3,0,0.000000
2010,Synthpop,aggressive,44,0,0.000000
2010,Synthpop,angry,44,1,0.022727
2010,Synthpop,anxious,44,3,0.068182
2010,Synthpop,bittersweet,44,24,0.545455
2010,Synthpop,calm,44,0,0.000000
2010,Synthpop,dark,44,7,0.159091
2010,Synthpop,depressive,44,0,0.000000
2010,Synthpop,happy,44,1,0.022727
2010,Synthpop,melancholic,44,18,0.409091
2010,Synthpop,optimistic,44,5,0.113636
2010,Synthpop,peaceful,44,1,0.022727
2010,Synthpop,playful,44,9,0.204545
2010,Synthpop,sad,44,1,0.022727
2010,Synthpop,sombre,44,1,0.022727
2010,Synthpop,uplifting,44,8,0.181818
2010,Synthwave,aggressive,2,1,0.500000
2010,Synthwave,angry,2,0,0.000000
2010,Synthwave,anxious,2,0,0.000000
2010,Synthwave,bittersweet,2,1,0.500000
2010,Synthwave,calm,2,0,0.000000
2010,Synthwave,dark,2,2,1.000000
2010,Synthwave,depressive,2,0,0.000000
2010,Synthwave,happy,2,0,0.000000
2010,Synthwave,melancholic,2,0,0.000000
2010,Synthwave,optimistic,2,0,0.000000
2010,Synthwave,peaceful,2,0,0.000000
2010,Synthwave,playful,2,0,0.000000
2010,Synthwave,sad,2,0,0.000000
2010,Synthwave,sombre,2,1,0.500000
2010,Synthwave,uplifting,2,0,0.000000
2010,Tape Music,aggressive,1,0,0.000000
2010,Tape Music,angry,1,0,0.000000
2010,Tape Music,anxious,1,0,0.000000
2010,Tape Music,bittersweet,1,0,0.000000
2010,Tape Music,calm,1,0,0.000000
2010,Tape Music,dark,1,0,0.000000
2010,Tape Music,depressive,1,0,0.000000
2010,Tape Music,happy,1,0,0.000000
2010,Tape Music,melancholic,1,1,1.000000
2010,Tape Music,optimistic,1,0,0.000000
2010,Tape Music,peaceful,1,0,0.000000
2010,Tape Music,playful,1,0,0.000000
2010,Tape Music,sad,1,0,0.000000
2010,Tape Music,sombre,1,0,0.000000
2010,Tape Music,uplifting,1,0,0.000000
2010,Tech House,aggressive,3,0,0.000000
2010,Tech House,angry,3,0,0.000000
2010,Tech House,anxious,3,0,0.000000
2010,Tech House,bittersweet,3,0,0.000000
2010,Tech House,calm,3,1,0.333333
2010,Tech House,dark,3,0,0.000000
2010,Tech House,depressive,3,0,0.000000
2010,Tech House,happy,3,0,0.000000
2010,Tech House,melancholic,3,0,0.000000
2010,Tech House,optimistic,3,0,0.000000
2010,Tech House,peaceful,3,0,0.000000
2010,Tech House,playful,3,0,0.000000
2010,Tech House,sad,3,0,0.000000
2010,Tech House,sombre,3,0,0.000000
2010,Tech House,uplifting,3,0,0.000000
2010,Technical Death Metal,aggressive,2,1,0.500000
2010,Technical Death Metal,angry,2,0,0.000000
2010,Technical Death Metal,anxious,2,0,0.000000
2010,Technical Death Metal,bittersweet,2,0,0.000000
2010,Technical Death Metal,calm,2,0,0.000000
2010,Technical Death Metal,dark,2,0,0.000000
2010,Technical Death Metal,depressive,2,0,0.000000
2010,Technical Death Metal,happy,2,0,0.000000
2010,Technical Death Metal,melancholic,2,0,0.000000
2010,Technical Death Metal,optimistic,2,0,0.000000
2010,Technical Death Metal,peaceful,2,0,0.000000
2010,Technical Death Metal,playful,2,0,0.000000
2010,Technical Death Metal,sad,2,0,0.000000
2010,Technical Death Metal,sombre,2,0,0.000000
2010,Technical Death Metal,uplifting,2,0,0.000000
2010,Technical Thrash Metal,aggressive,2,0,0.000000
2010,Technical Thrash Metal,angry,2,0,0.000000
2010,Technical Thrash Metal,anxious,2,0,0.000000
2010,Technical Thrash Metal,bittersweet,2,0,0.000000
2010,Technical Thrash Metal,calm,2,0,0.000000
2010,Technical Thrash Metal,dark,2,0,0.000000
2010,Technical Thrash Metal,depressive,2,0,0.000000
2010,Technical Thrash Metal,happy,2,0,0.000000
2010,Technical Thrash Metal,melancholic,2,0,0.000000
2010,Technical Thrash Metal,optimistic,2,0,0.000000
2010,Technical Thrash Metal,peaceful,2,0,0.000000
2010,Technical Thrash Metal,playful,2,0,0.000000
2010,Technical Thrash Metal,sad,2,0,0.000000
2010,Technical Thrash Metal,sombre,2,0,0.000000
2010,Technical Thrash Metal,uplifting,2,0,0.000000
2010,Television Music,aggressive,1,0,0.000000
2010,Television Music,angry,1,0,0.000000
2010,Television Music,anxious,1,0,0.000000
2010,Television Music,bittersweet,1,0,0.000000
2010,Television Music,calm,1,0,0.000000
2010,Television Music,dark,1,1,1.000000
2010,Television Music,depressive,1,0,0.000000
2010,Television Music,happy,1,0,0.000000
2010,Television Music,melancholic,1,0,0.000000
2010,Television Music,optimistic,1,0,0.000000
2010,Television Music,peaceful,1,0,0.000000
2010,Television Music,playful,1,0,0.000000
2010,Television Music,sad,1,0,0.000000
2010,Television Music,sombre,1,1,1.000000
2010,Television Music,uplifting,1,0,0.000000
2010,Thrash Metal,aggressive,5,4,0.800000
2010,Thrash Metal,angry,5,3,0.600000
2010,Thrash Metal,anxious,5,0,0.000000
2010,Thrash Metal,bittersweet,5,0,0.000000
2010,Thrash Metal,calm,5,0,0.000000
2010,Thrash Metal,dark,5,1,0.200000
2010,Thrash Metal,depressive,5,0,0.000000
2010,Thrash Metal,happy,5,0,0.000000
2010,Thrash Metal,melancholic,5,0,0.000000
2010,Thrash Metal,optimistic,5,0,0.000000
2010,Thrash Metal,peaceful,5,0,0.000000
2010,Thrash Metal,playful,5,0,0.000000
2010,Thrash Metal,sad,5,0,0.000000
2010,Thrash Metal,sombre,5,0,0.000000
2010,Thrash Metal,uplifting,5,0,0.000000
2010,Traditional Doom Metal,aggressive,1,0,0.000000
2010,Traditional Doom Metal,angry,1,0,0.000000
2010,Traditional Doom Metal,anxious,1,0,0.000000
2010,Traditional Doom Metal,bittersweet,1,0,0.000000
2010,Traditional Doom Metal,calm,1,0,0.000000
2010,Traditional Doom Metal,dark,1,0,0.000000
2010,Traditional Doom Metal,depressive,1,0,0.000000
2010,Traditional Doom Metal,happy,1,0,0.000000
2010,Traditional Doom Metal,melancholic,1,0,0.000000
2010,Traditional Doom Metal,optimistic,1,0,0.000000
2010,Traditional Doom Metal,peaceful,1,0,0.000000
2010,Traditional Doom Metal,playful,1,0,0.000000
2010,Traditional Doom Metal,sad,1,0,0.000000
2010,Traditional Doom Metal,sombre,1,0,0.000000
2010,Traditional Doom Metal,uplifting,1,0,0.000000
2010,Trance Metal,aggressive,1,0,0.000000
2010,Trance Metal,angry,1,0,0.000000
2010,Trance Metal,anxious,1,0,0.000000
2010,Trance Metal,bittersweet,1,0,0.000000
2010,Trance Metal,calm,1,0,0.000000
2010,Trance Metal,dark,1,0,0.000000
2010,Trance Metal,depressive,1,0,0.000000
2010,Trance Metal,happy,1,1,1.000000
2010,Trance Metal,melancholic,1,0,0.000000
2010,Trance Metal,optimistic,1,0,0.000000
2010,Trance Metal,peaceful,1,0,0.000000
2010,Trance Metal,playful,1,1,1.000000
2010,Trance Metal,sad,1,0,0.000000
2010,Trance Metal,sombre,1,0,0.000000
2010,Trance Metal,uplifting,1,1,1.000000
2010,Trap,aggressive,56,11,0.196429
2010,Trap,angry,56,3,0.053571
2010,Trap,anxious,56,0,0.000000
2010,Trap,bittersweet,56,3,0.053571
2010,Trap,calm,56,0,0.000000
2010,Trap,dark,56,6,0.107143
2010,Trap,depressive,56,1,0.017857
2010,Trap,happy,56,1,0.017857
2010,Trap,melancholic,56,2,0.035714
2010,Trap,optimistic,56,2,0.035714
2010,Trap,peaceful,56,0,0.000000
2010,Trap,playful,56,15,0.267857
2010,Trap,sad,56,1,0.017857
2010,Trap,sombre,56,1,0.017857
2010,Trap,uplifting,56,1,0.017857
2010,Trap Metal,aggressive,1,1,1.000000
2010,Trap Metal,angry,1,0,0.000000
2010,Trap Metal,anxious,1,0,0.000000
2010,Trap Metal,bittersweet,1,0,0.000000
2010,Trap Metal,calm,1,0,0.000000
2010,Trap Metal,dark,1,0,0.000000
2010,Trap Metal,depressive,1,0,0.000000
2010,Trap Metal,happy,1,0,0.000000
2010,Trap Metal,melancholic,1,0,0.000000
2010,Trap Metal,optimistic,1,0,0.000000
2010,Trap Metal,peaceful,1,0,0.000000
2010,Trap Metal,playful,1,0,0.000000
2010,Trap Metal,sad,1,0,0.000000
2010,Trap Metal,sombre,1,0,0.000000
2010,Trap Metal,uplifting,1,0,0.000000
2010,Trip Hop,aggressive,1,0,0.000000
2010,Trip Hop,angry,1,0,0.000000
2010,Trip Hop,anxious,1,0,0.000000
2010,Trip Hop,bittersweet,1,0,0.000000
2010,Trip Hop,calm,1,0,0.000000
2010,Trip Hop,dark,1,1,1.000000
2010,Trip Hop,depressive,1,0,0.000000
2010,Trip Hop,happy,1,0,0.000000
2010,Trip Hop,melancholic,1,1,1.000000
2010,Trip Hop,optimistic,1,0,0.000000
2010,Trip Hop,peaceful,1,0,0.000000
2010,Trip Hop,playful,1,0,0.000000
2010,Trip Hop,sad,1,0,0.000000
2010,Trip Hop,sombre,1,0,0.000000
2010,Trip Hop,uplifting,1,0,0.000000
2010,Turntable Music,aggressive,7,0,0.000000
2010,Turntable Music,angry,7,0,0.000000
2010,Turntable Music,anxious,7,0,0.000000
2010,Turntable Music,bittersweet,7,2,0.285714
2010,Turntable Music,calm,7,0,0.000000
2010,Turntable Music,dark,7,3,0.428571
2010,Turntable Music,depressive,7,4,0.571429
2010,Turntable Music,happy,7,0,0.000000
2010,Turntable Music,melancholic,7,3,0.428571
2010,Turntable Music,optimistic,7,0,0.000000
2010,Turntable Music,peaceful,7,0,0.000000
2010,Turntable Music,playful,7,0,0.000000
2010,Turntable Music,sad,7,0,0.000000
2010,Turntable Music,sombre,7,2,0.285714
2010,Turntable Music,uplifting,7,0,0.000000
2010,Twee Pop,aggressive,4,0,0.000000
2010,Twee Pop,angry,4,0,0.000000
2010,Twee Pop,anxious,4,1,0.250000
2010,Twee Pop,bittersweet,4,3,0.750000
2010,Twee Pop,calm,4,0,0.000000
2010,Twee Pop,dark,4,0,0.000000
2010,Twee Pop,depressive,4,0,0.000000
2010,Twee Pop,happy,4,1,0.250000
2010,Twee Pop,melancholic,4,1,0.250000
2010,Twee Pop,optimistic,4,0,0.000000
2010,Twee Pop,peaceful,4,0,0.000000
2010,Twee Pop,playful,4,2,0.500000
2010,Twee Pop,sad,4,0,0.000000
2010,Twee Pop,sombre,4,0,0.000000
2010,Twee Pop,uplifting,4,0,0.000000
2010,UKBass,aggressive,9,1,0.111111
2010,UKBass,angry,9,0,0.000000
2010,UKBass,anxious,9,0,0.000000
2010,UKBass,bittersweet,9,1,0.111111
2010,UKBass,calm,9,0,0.000000
2010,UKBass,dark,9,3,0.333333
2010,UKBass,depressive,9,0,0.000000
2010,UKBass,happy,9,0,0.000000
2010,UKBass,melancholic,9,1,0.111111
2010,UKBass,optimistic,9,0,0.000000
2010,UKBass,peaceful,9,0,0.000000
2010,UKBass,playful,9,1,0.111111
2010,UKBass,sad,9,0,0.000000
2010,UKBass,sombre,9,1,0.111111
2010,UKBass,uplifting,9,1,0.111111
2010,UKGarage,aggressive,1,0,0.000000
2010,UKGarage,angry,1,0,0.000000
2010,UKGarage,anxious,1,0,0.000000
2010,UKGarage,bittersweet,1,0,0.000000
2010,UKGarage,calm,1,0,0.000000
2010,UKGarage,dark,1,0,0.000000
2010,UKGarage,depressive,1,0,0.000000
2010,UKGarage,happy,1,0,0.000000
2010,UKGarage,melancholic,1,0,0.000000
2010,UKGarage,optimistic,1,0,0.000000
2010,UKGarage,peaceful,1,0,0.000000
2010,UKGarage,playful,1,0,0.000000
2010,UKGarage,sad,1,0,0.000000
2010,UKGarage,sombre,1,0,0.000000
2010,UKGarage,uplifting,1,0,0.000000
2010,UKHip Hop,aggressive,6,3,0.500000
2010,UKHip Hop,angry,6,2,0.333333
2010,UKHip Hop,anxious,6,1,0.166667
2010,UKHip Hop,bittersweet,6,0,0.000000
2010,UKHip Hop,calm,6,0,0.000000
2010,UKHip Hop,dark,6,1,0.166667
2010,UKHip Hop,depressive,6,1,0.166667
2010,UKHip Hop,happy,6,0,0.000000
2010,UKHip Hop,melancholic,6,1,0.166667
2010,UKHip Hop,optimistic,6,0,0.000000
2010,UKHip Hop,peaceful,6,0,0.000000
2010,UKHip Hop,playful,6,1,0.166667
2010,UKHip Hop,sad,6,0,0.000000
2010,UKHip Hop,sombre,6,1,0.166667
2010,UKHip Hop,uplifting,6,0,0.000000
2010,Utopian Virtual,aggressive,1,0,0.000000
2010,Utopian Virtual,angry,1,0,0.000000
2010,Utopian Virtual,anxious,1,0,0.000000
2010,Utopian Virtual,bittersweet,1,0,0.000000
2010,Utopian Virtual,calm,1,0,0.000000
2010,Utopian Virtual,dark,1,0,0.000000
2010,Utopian Virtual,depressive,1,0,0.000000
2010,Utopian Virtual,happy,1,0,0.000000
2010,Utopian Virtual,melancholic,1,0,0.000000
2010,Utopian Virtual,optimistic,1,0,0.000000
2010,Utopian Virtual,peaceful,1,0,0.000000
2010,Utopian Virtual,playful,1,1,1.000000
2010,Utopian Virtual,sad,1,0,0.000000
2010,Utopian Virtual,sombre,1,0,0.000000
2010,Utopian Virtual,uplifting,1,0,0.000000
2010,Vaportrap,aggressive,2,0,0.000000
2010,Vaportrap,angry,2,0,0.000000
2010,Vaportrap,anxious,2,0,0.000000
2010,Vaportrap,bittersweet,2,0,0.000000
2010,Vaportrap,calm,2,0,0.000000
2010,Vaportrap,dark,2,0,0.000000
2010,Vaportrap,depressive,2,0,0.000000
2010,Vaportrap,happy,2,0,0.000000
2010,Vaportrap,melancholic,2,0,0.000000
2010,Vaportrap,optimistic,2,0,0.000000
2010,Vaportrap,peaceful,2,0,0.000000
2010,Vaportrap,playful,2,0,0.000000
2010,Vaportrap,sad,2,0,0.000000
2010,Vaportrap,sombre,2,0,0.000000
2010,Vaportrap,uplifting,2,0,0.000000
2010,Vaporwave,aggressive,3,0,0.000000
2010,Vaporwave,angry,3,0,0.000000
2010,Vaporwave,anxious,3,0,0.000000
2010,Vaporwave,bittersweet,3,1,0.333333
2010,Vaporwave,calm,3,0,0.000000
2010,Vaporwave,dark,3,0,0.000000
2010,Vaporwave,depressive,3,0,0.000000
2010,Vaporwave,happy,3,0,0.000000
2010,Vaporwave,melancholic,3,2,0.666667
2010,Vaporwave,optimistic,3,0,0.000000
2010,Vaporwave,peaceful,3,0,0.000000
2010,Vaporwave,playful,3,0,0.000000
2010,Vaporwave,sad,3,0,0.000000
2010,Vaporwave,sombre,3,0,0.000000
2010,Vaporwave,uplifting,3,0,0.000000
2010,Video Game Music,aggressive,4,0,0.000000
2010,Video Game Music,angry,4,0,0.000000
2010,Video Game Music,anxious,4,0,0.000000
2010,Video Game Music,bittersweet,4,3,0.750000
2010,Video Game Music,calm,4,0,0.000000
2010,Video Game Music,dark,4,0,0.000000
2010,Video Game Music,depressive,4,0,0.000000
2010,Video Game Music,happy,4,0,0.000000
2010,Video Game Music,melancholic,4,1,0.250000
2010,Video Game Music,optimistic,4,0,0.000000
2010,Video Game Music,peaceful,4,2,0.500000
2010,Video Game Music,playful,4,1,0.250000
2010,Video Game Music,sad,4,0,0.000000
2010,Video Game Music,sombre,4,0,0.000000
2010,Video Game Music,uplifting,4,2,0.500000
2010,West Coast Hip Hop,aggressive,38,5,0.131579
2010,West Coast Hip Hop,angry,38,3,0.078947
2010,West Coast Hip Hop,anxious,38,4,0.105263
2010,West Coast Hip Hop,bittersweet,38,7,0.184211
2010,West Coast Hip Hop,calm,38,0,0.000000
2010,West Coast Hip Hop,dark,38,7,0.184211
2010,West Coast Hip Hop,depressive,38,1,0.026316
2010,West Coast Hip Hop,happy,38,1,0.026316
2010,West Coast Hip Hop,melancholic,38,2,0.052632
2010,West Coast Hip Hop,optimistic,38,1,0.026316
2010,West Coast Hip Hop,peaceful,38,0,0.000000
2010,West Coast Hip Hop,playful,38,6,0.157895
2010,West Coast Hip Hop,sad,38,0,0.000000
2010,West Coast Hip Hop,sombre,38,1,0.026316
2010,West Coast Hip Hop,uplifting,38,1,0.026316
2010,Witch House,aggressive,3,1,0.333333
2010,Witch House,angry,3,0,0.000000
2010,Witch House,anxious,3,0,0.000000
2010,Witch House,bittersweet,3,0,0.000000
2010,Witch House,calm,3,0,0.000000
2010,Witch House,dark,3,2,0.666667
2010,Witch House,depressive,3,0,0.000000
2010,Witch House,happy,3,0,0.000000
2010,Witch House,melancholic,3,1,0.333333
2010,Witch House,optimistic,3,0,0.000000
2010,Witch House,peaceful,3,0,0.000000
2010,Witch House,playful,3,0,0.000000
2010,Witch House,sad,3,0,0.000000
2010,Witch House,sombre,3,1,0.333333
2010,Witch House,uplifting,3,0,0.000000
2010,Wonky,aggressive,8,0,0.000000
2010,Wonky,angry,8,0,0.000000
2010,Wonky,anxious,8,1,0.125000
2010,Wonky,bittersweet,8,0,0.000000
2010,Wonky,calm,8,0,0.000000
2010,Wonky,dark,8,1,0.125000
2010,Wonky,depressive,8,0,0.000000
2010,Wonky,happy,8,0,0.000000
2010,Wonky,melancholic,8,1,0.125000
2010,Wonky,optimistic,8,0,0.000000
2010,Wonky,peaceful,8,0,0.000000
2010,Wonky,playful,8,3,0.375000
2010,Wonky,sad,8,0,0.000000
2010,Wonky,sombre,8,0,0.000000
2010,Wonky,uplifting,8,1,0.125000
2020,Abstract Hip Hop,aggressive,14,0,0.000000
2020,Abstract Hip Hop,angry,14,0,0.000000
2020,Abstract Hip Hop,anxious,14,1,0.071429
2020,Abstract Hip Hop,bittersweet,14,2,0.142857
2020,Abstract Hip Hop,calm,14,1,0.071429
2020,Abstract Hip Hop,dark,14,4,0.285714
2020,Abstract Hip Hop,depressive,14,1,0.071429
2020,Abstract Hip Hop,happy,14,0,0.000000
2020,Abstract Hip Hop,melancholic,14,2,0.142857
2020,Abstract Hip Hop,optimistic,14,3,0.214286
2020,Abstract Hip Hop,peaceful,14,0,0.000000
2020,Abstract Hip Hop,playful,14,0,0.000000
2020,Abstract Hip Hop,sad,14,0,0.000000
2020,Abstract Hip Hop,sombre,14,0,0.000000
2020,Abstract Hip Hop,uplifting,14,0,0.000000
2020,Afro-Jazz,aggressive,1,0,0.000000
2020,Afro-Jazz,angry,1,0,0.000000
2020,Afro-Jazz,anxious,1,0,0.000000
2020,Afro-Jazz,bittersweet,1,1,1.000000
2020,Afro-Jazz,calm,1,0,0.000000
2020,Afro-Jazz,dark,1,0,0.000000
2020,Afro-Jazz,depressive,1,0,0.000000
2020,Afro-Jazz,happy,1,0,0.000000
2020,Afro-Jazz,melancholic,1,0,0.000000
2020,Afro-Jazz,optimistic,1,0,0.000000
2020,Afro-Jazz,peaceful,1,0,0.000000
2020,Afro-Jazz,playful,1,0,0.000000
2020,Afro-Jazz,sad,1,0,0.000000
2020,Afro-Jazz,sombre,1,0,0.000000
2020,Afro-Jazz,uplifting,1,0,0.000000
2020,Alt-Country,aggressive,2,0,0.000000
2020,Alt-Country,angry,2,0,0.000000
2020,Alt-Country,anxious,2,0,0.000000
2020,Alt-Country,bittersweet,2,2,1.000000
2020,Alt-Country,calm,2,0,0.000000
2020,Alt-Country,dark,2,0,0.000000
2020,Alt-Country,depressive,2,0,0.000000
2020,Alt-Country,happy,2,0,0.000000
2020,Alt-Country,melancholic,2,1,0.500000
2020,Alt-Country,optimistic,2,0,0.000000
2020,Alt-Country,peaceful,2,0,0.000000
2020,Alt-Country,playful,2,0,0.000000
2020,Alt-Country,sad,2,0,0.000000
2020,Alt-Country,sombre,2,0,0.000000
2020,Alt-Country,uplifting,2,0,0.000000
2020,Alt-Pop,aggressive,3,0,0.000000
2020,Alt-Pop,angry,3,0,0.000000
2020,Alt-Pop,anxious,3,0,0.000000
2020,Alt-Pop,bittersweet,3,2,0.666667
2020,Alt-Pop,calm,3,0,0.000000
2020,Alt-Pop,dark,3,0,0.000000
2020,Alt-Pop,depressive,3,0,0.000000
2020,Alt-Pop,happy,3,0,0.000000
2020,Alt-Pop,melancholic,3,2,0.666667
2020,Alt-Pop,optimistic,3,0,0.000000
2020,Alt-Pop,peaceful,3,0,0.000000
2020,Alt-Pop,playful,3,0,0.000000
2020,Alt-Pop,sad,3,1,0.333333
2020,Alt-Pop,sombre,3,0,0.000000
2020,Alt-Pop,uplifting,3,0,0.000000
2020,Alternative Dance,aggressive,1,0,0.000000
2020,Alternative Dance,angry,1,0,0.000000
2020,Alternative Dance,anxious,1,1,1.000000
2020,Alternative Dance,bittersweet,1,1,1.000000
2020,Alternative Dance,calm,1,0,0.000000
2020,Alternative Dance,dark,1,0,0.000000
2020,Alternative Dance,depressive,1,0,0.000000
2020,Alternative Dance,happy,1,0,0.000000
2020,Alternative Dance,melancholic,1,0,0.000000
2020,Alternative Dance,optimistic,1,1,1.000000
2020,Alternative Dance,peaceful,1,0,0.000000
2020,Alternative Dance,playful,1,0,0.000000
2020,Alternative Dance,sad,1,0,0.000000
2020,Alternative Dance,sombre,1,0,0.000000
2020,Alternative Dance,uplifting,1,0,0.000000
2020,Alternative Metal,aggressive,4,1,0.250000
2020,Alternative Metal,angry,4,0,0.000000
2020,Alternative Metal,anxious,4,1,0.250000
2020,Alternative Metal,bittersweet,4,0,0.000000
2020,Alternative Metal,calm,4,0,0.000000
2020,Alternative Metal,dark,4,2,0.500000
2020,Alternative Metal,depressive,4,0,0.000000
2020,Alternative Metal,happy,4,0,0.000000
2020,Alternative Metal,melancholic,4,3,0.750000
2020,Alternative Metal,optimistic,4,0,0.000000
2020,Alternative Metal,peaceful,4,0,0.000000
2020,Alternative Metal,playful,4,1,0.250000
2020,Alternative Metal,sad,4,0,0.000000
2020,Alternative Metal,sombre,4,0,0.000000
2020,Alternative Metal,uplifting,4,0,0.000000
2020,Alternative R&B,aggressive,4,0,0.000000
2020,Alternative R&B,angry,4,0,0.000000
2020,Alternative R&B,anxious,4,0,0.000000
2020,Alternative R&B,bittersweet,4,1,0.250000
2020,Alternative R&B,calm,4,0,0.000000
2020,Alternative R&B,dark,4,1,0.250000
2020,Alternative R&B,depressive,4,0,0.000000
2020,Alternative R&B,happy,4,0,0.000000
2020,Alternative R&B,melancholic,4,2,0.500000
2020,Alternative R&B,optimistic,4,0,0.000000
2020,Alternative R&B,peaceful,4,0,0.000000
2020,Alternative R&B,playful,4,0,0.000000
2020,Alternative R&B,sad,4,0,0.000000
2020,Alternative R&B,sombre,4,0,0.000000
2020,Alternative R&B,uplifting,4,0,0.000000
2020,Alternative Rock,aggressive,5,1,0.200000
2020,Alternative Rock,angry,5,0,0.000000
2020,Alternative Rock,anxious,5,1,0.200000
2020,Alternative Rock,bittersweet,5,1,0.200000
2020,Alternative Rock,calm,5,0,0.000000
2020,Alternative Rock,dark,5,0,0.000000
2020,Alternative Rock,depressive,5,0,0.000000
2020,Alternative Rock,happy,5,1,0.200000
2020,Alternative Rock,melancholic,5,2,0.400000
2020,Alternative Rock,optimistic,5,0,0.000000
2020,Alternative Rock,peaceful,5,0,0.000000
2020,Alternative Rock,playful,5,1,0.200000
2020,Alternative Rock,sad,5,0,0.000000
2020,Alternative Rock,sombre,5,1,0.200000
2020,Alternative Rock,uplifting,5,3,0.600000
2020,Ambient,aggressive,6,0,0.000000
2020,Ambient,angry,6,0,0.000000
2020,Ambient,anxious,6,0,0.000000
2020,Ambient,bittersweet,6,1,0.166667
2020,Ambient,calm,6,2,0.333333
2020,Ambient,dark,6,2,0.333333
2020,Ambient,depressive,6,0,0.000000
2020,Ambient,happy,6,0,0.000000
2020,Ambient,melancholic,6,2,0.333333
2020,Ambient,optimistic,6,0,0.000000
2020,Ambient,peaceful,6,0,0.000000
2020,Ambient,playful,6,0,0.000000
2020,Ambient,sad,6,0,0.000000
2020,Ambient,sombre,6,3,0.500000
2020,Ambient,uplifting,6,0,0.000000
2020,Ambient Pop,aggressive,2,0,0.000000
2020,Ambient Pop,angry,2,0,0.000000
2020,Ambient Pop,anxious,2,0,0.000000
2020,Ambient Pop,bittersweet,2,0,0.000000
2020,Ambient Pop,calm,2,0,0.000000
2020,Ambient Pop,dark,2,0,0.000000
2020,Ambient Pop,depressive,2,0,0.000000
2020,Ambient Pop,happy,2,0,0.000000
2020,Ambient Pop,melancholic,2,1,0.500000
2020,Ambient Pop,optimistic,2,0,0.000000
2020,Ambient Pop,peaceful,2,0,0.000000
2020,Ambient Pop,playful,2,0,0.000000
2020,Ambient Pop,sad,2,0,0.000000
2020,Ambient Pop,sombre,2,0,0.000000
2020,Ambient Pop,uplifting,2,0,0.000000
2020,Americana,aggressive,1,0,0.000000
2020,Americana,angry,1,0,0.000000
2020,Americana,anxious,1,0,0.000000
2020,Americana,bittersweet,1,1,1.000000
2020,Americana,calm,1,0,0.000000
2020,Americana,dark,1,0,0.000000
2020,Americana,depressive,1,0,0.000000
2020,Americana,happy,1,0,0.000000
2020,Americana,melancholic,1,1,1.000000
2020,Americana,optimistic,1,0,0.000000
2020,Americana,peaceful,1,0,0.000000
2020,Americana,playful,1,0,0.000000
2020,Americana,sad,1,0,0.000000
2020,Americana,sombre,1,0,0.000000
2020,Americana,uplifting,1,0,0.000000
2020,Art Pop,aggressive,21,0,0.000000
2020,Art Pop,angry,21,1,0.047619
2020,Art Pop,anxious,21,4,0.190476
2020,Art Pop,bittersweet,21,4,0.190476
2020,Art Pop,calm,21,2,0.095238
2020,Art Pop,dark,21,3,0.142857
2020,Art Pop,depressive,21,2,0.095238
2020,Art Pop,happy,21,0,0.000000
2020,Art Pop,melancholic,21,8,0.380952
2020,Art Pop,optimistic,21,2,0.095238
2020,Art Pop,peaceful,21,0,0.000000
2020,Art Pop,playful,21,5,0.238095
2020,Art Pop,sad,21,0,0.000000
2020,Art Pop,sombre,21,2,0.095238
2020,Art Pop,uplifting,21,0,0.000000
2020,Art Punk,aggressive,7,4,0.571429
2020,Art Punk,angry,7,1,0.142857
2020,Art Punk,anxious,7,3,0.428571
2020,Art Punk,bittersweet,7,0,0.000000
2020,Art Punk,calm,7,0,0.000000
2020,Art Punk,dark,7,2,0.285714
2020,Art Punk,depressive,7,0,0.000000
2020,Art Punk,happy,7,0,0.000000
2020,Art Punk,melancholic,7,0,0.000000
2020,Art Punk,optimistic,7,0,0.000000
2020,Art Punk,peaceful,7,0,0.000000
2020,Art Punk,playful,7,2,0.285714
2020,Art Punk,sad,7,0,0.000000
2020,Art Punk,sombre,7,1,0.142857
2020,Art Punk,uplifting,7,0,0.000000
2020,Art Rock,aggressive,7,0,0.000000
2020,Art Rock,angry,7,0,0.000000
2020,Art Rock,anxious,7,1,0.142857
2020,Art Rock,bittersweet,7,1,0.142857
2020,Art Rock,calm,7,0,0.000000
2020,Art Rock,dark,7,0,0.000000
2020,Art Rock,depressive,7,1,0.142857
2020,Art Rock,happy,7,0,0.000000
2020,Art Rock,melancholic,7,3,0.428571
2020,Art Rock,optimistic,7,0,0.000000
2020,Art Rock,peaceful,7,0,0.000000
2020,Art Rock,playful,7,1,0.142857
2020,Art Rock,sad,7,0,0.000000
2020,Art Rock,sombre,7,1,0.142857
2020,Art Rock,uplifting,7,1,0.142857
2020,Atmospheric Black Metal,aggressive,3,1,0.333333
2020,Atmospheric Black Metal,angry,3,0,0.000000
2020,Atmospheric Black Metal,anxious,3,0,0.000000
2020,Atmospheric Black Metal,bittersweet,3,1,0.333333
2020,Atmospheric Black Metal,calm,3,0,0.000000
2020,Atmospheric Black Metal,dark,3,1,0.333333
2020,Atmospheric Black Metal,depressive,3,0,0.000000
2020,Atmospheric Black Metal,happy,3,0,0.000000
2020,Atmospheric Black Metal,melancholic,3,1,0.333333
2020,Atmospheric Black Metal,optimistic,3,0,0.000000
2020,Atmospheric Black Metal,peaceful,3,0,0.000000
2020,Atmospheric Black Metal,playful,3,0,0.000000
2020,Atmospheric Black Metal,sad,3,0,0.000000
2020,Atmospheric Black Metal,sombre,3,0,0.000000
2020,Atmospheric Black Metal,uplifting,3,0,0.000000
2020,Atmospheric Drumand Bass,aggressive,1,0,0.000000
2020,Atmospheric Drumand Bass,angry,1,0,0.000000
2020,Atmospheric Drumand Bass,anxious,1,0,0.000000
2020,Atmospheric Drumand Bass,bittersweet,1,0,0.000000
2020,Atmospheric Drumand Bass,calm,1,0,0.000000
2020,Atmospheric Drumand Bass,dark,1,1,1.000000
2020,Atmospheric Drumand Bass,depressive,1,1,1.000000
2020,Atmospheric Drumand Bass,happy,1,0,0.000000
2020,Atmospheric Drumand Bass,melancholic,1,1,1.000000
2020,Atmospheric Drumand Bass,optimistic,1,0,0.000000
2020,Atmospheric Drumand Bass,peaceful,1,0,0.000000
2020,Atmospheric Drumand Bass,playful,1,0,0.000000
2020,Atmospheric Drumand Bass,sad,1,0,0.000000
2020,Atmospheric Drumand Bass,sombre,1,0,0.000000
2020,Atmospheric Drumand Bass,uplifting,1,0,0.000000
2020,Atmospheric Sludge Metal,aggressive,1,0,0.000000
2020,Atmospheric Sludge Metal,angry,1,0,0.000000
2020,Atmospheric Sludge Metal,anxious,1,0,0.000000
2020,Atmospheric Sludge Metal,bittersweet,1,0,0.000000
2020,Atmospheric Sludge Metal,calm,1,0,0.000000
2020,Atmospheric Sludge Metal,dark,1,1,1.000000
2020,Atmospheric Sludge Metal,depressive,1,0,0.000000
2020,Atmospheric Sludge Metal,happy,1,0,0.000000
2020,Atmospheric Sludge Metal,melancholic,1,0,0.000000
2020,Atmospheric Sludge Metal,optimistic,1,0,0.000000
2020,Atmospheric Sludge Metal,peaceful,1,0,0.000000
2020,Atmospheric Sludge Metal,playful,1,0,0.000000
2020,Atmospheric Sludge Metal,sad,1,0,0.000000
2020,Atmospheric Sludge Metal,sombre,1,1,1.000000
2020,Atmospheric Sludge Metal,uplifting,1,0,0.000000
2020,Avant-Folk,aggressive,3,0,0.000000
2020,Avant-Folk,angry,3,0,0.000000
2020,Avant-Folk,anxious,3,0,0.000000
2020,Avant-Folk,bittersweet,3,1,0.333333
2020,Avant-Folk,calm,3,0,0.000000
2020,Avant-Folk,dark,3,0,0.000000
2020,Avant-Folk,depressive,3,0,0.000000
2020,Avant-Folk,happy,3,0,0.000000
2020,Avant-Folk,melancholic,3,1,0.333333
2020,Avant-Folk,optimistic,3,0,0.000000
2020,Avant-Folk,peaceful,3,0,0.000000
2020,Avant-Folk,playful,3,0,0.000000
2020,Avant-Folk,sad,3,0,0.000000
2020,Avant-Folk,sombre,3,1,0.333333
2020,Avant-Folk,uplifting,3,0,0.000000
2020,Avant-Garde Jazz,aggressive,2,0,0.000000
2020,Avant-Garde Jazz,angry,2,0,0.000000
2020,Avant-Garde Jazz,anxious,2,0,0.000000
2020,Avant-Garde Jazz,bittersweet,2,0,0.000000
2020,Avant-Garde Jazz,calm,2,1,0.500000
2020,Avant-Garde Jazz,dark,2,0,0.000000
2020,Avant-Garde Jazz,depressive,2,0,0.000000
2020,Avant-Garde Jazz,happy,2,0,0.000000
2020,Avant-Garde Jazz,melancholic,2,0,0.000000
2020,Avant-Garde Jazz,optimistic,2,0,0.000000
2020,Avant-Garde Jazz,peaceful,2,0,0.000000
2020,Avant-Garde Jazz,playful,2,0,0.000000
2020,Avant-Garde Jazz,sad,2,0,0.000000
2020,Avant-Garde Jazz,sombre,2,0,0.000000
2020,Avant-Garde Jazz,uplifting,2,0,0.000000
2020,Avant-Garde Metal,aggressive,4,1,0.250000
2020,Avant-Garde Metal,angry,4,0,0.000000
2020,Avant-Garde Metal,anxious,4,0,0.000000
2020,Avant-Garde Metal,bittersweet,4,0,0.000000
2020,Avant-Garde Metal,calm,4,0,0.000000
2020,Avant-Garde Metal,dark,4,1,0.250000
2020,Avant-Garde Metal,depressive,4,0,0.000000
2020,Avant-Garde Metal,happy,4,0,0.000000
2020,Avant-Garde Metal,melancholic,4,0,0.000000
2020,Avant-Garde Metal,optimistic,4,0,0.000000
2020,Avant-Garde Metal,peaceful,4,0,0.000000
2020,Avant-Garde Metal,playful,4,0,0.000000
2020,Avant-Garde Metal,sad,4,0,0.000000
2020,Avant-Garde Metal,sombre,4,0,0.000000
2020,Avant-Garde Metal,uplifting,4,0,0.000000
2020,Avant-Prog,aggressive,1,0,0.000000
2020,Avant-Prog,angry,1,0,0.000000
2020,Avant-Prog,anxious,1,0,0.000000
2020,Avant-Prog,bittersweet,1,0,0.000000
2020,Avant-Prog,calm,1,0,0.000000
2020,Avant-Prog,dark,1,0,0.000000
2020,Avant-Prog,depressive,1,0,0.000000
2020,Avant-Prog,happy,1,0,0.000000
2020,Avant-Prog,melancholic,1,0,0.000000
2020,Avant-Prog,optimistic,1,0,0.000000
2020,Avant-Prog,peaceful,1,0,0.000000
2020,Avant-Prog,playful,1,0,0.000000
2020,Avant-Prog,sad,1,0,0.000000
2020,Avant-Prog,sombre,1,0,0.000000
2020,Avant-Prog,uplifting,1,0,0.000000
2020,Baroque Pop,aggressive,2,0,0.000000
2020,Baroque Pop,angry,2,0,0.000000
2020,Baroque Pop,anxious,2,0,0.000000
2020,Baroque Pop,bittersweet,2,1,0.500000
2020,Baroque Pop,calm,2,0,0.000000
2020,Baroque Pop,dark,2,0,0.000000
2020,Baroque Pop,depressive,2,0,0.000000
2020,Baroque Pop,happy,2,0,0.000000
2020,Baroque Pop,melancholic,2,0,0.000000
2020,Baroque Pop,optimistic,2,0,0.000000
2020,Baroque Pop,peaceful,2,0,0.000000
2020,Baroque Pop,playful,2,1,0.500000
2020,Baroque Pop,sad,2,0,0.000000
2020,Baroque Pop,sombre,2,0,0.000000
2020,Baroque Pop,uplifting,2,0,0.000000
2020,Bedroom Pop,aggressive,2,0,0.000000
2020,Bedroom Pop,angry,2,0,0.000000
2020,Bedroom Pop,anxious,2,0,0.000000
2020,Bedroom Pop,bittersweet,2,2,1.000000
2020,Bedroom Pop,calm,2,1,0.500000
2020,Bedroom Pop,dark,2,0,0.000000
2020,Bedroom Pop,depressive,2,1,0.500000
2020,Bedroom Pop,happy,2,0,0.000000
2020,Bedroom Pop,melancholic,2,1,0.500000
2020,Bedroom Pop,optimistic,2,0,0.000000
2020,Bedroom Pop,peaceful,2,0,0.000000
2020,Bedroom Pop,playful,2,0,0.000000
2020,Bedroom Pop,sad,2,1,0.500000
2020,Bedroom Pop,sombre,2,0,0.000000
2020,Bedroom Pop,uplifting,2,1,0.500000
2020,Black Metal,aggressive,3,1,0.333333
2020,Black Metal,angry,3,0,0.000000
2020,Black Metal,anxious,3,0,0.000000
2020,Black Metal,bittersweet,3,0,0.000000
2020,Black Metal,calm,3,0,0.000000
2020,Black Metal,dark,3,1,0.333333
2020,Black Metal,depressive,3,0,0.000000
2020,Black Metal,happy,3,0,0.000000
2020,Black Metal,melancholic,3,0,0.000000
2020,Black Metal,optimistic,3,0,0.000000
2020,Black Metal,peaceful,3,0,0.000000
2020,Black Metal,playful,3,0,0.000000
2020,Black Metal,sad,3,0,0.000000
2020,Black Metal,sombre,3,0,0.000000
2020,Black Metal,uplifting,3,0,0.000000
2020,Boom Bap,aggressive,4,0,0.000000
2020,Boom Bap,angry,4,0,0.000000
2020,Boom Bap,anxious,4,0,0.000000
2020,Boom Bap,bittersweet,4,0,0.000000
2020,Boom Bap,calm,4,0,0.000000
2020,Boom Bap,dark,4,0,0.000000
2020,Boom Bap,depressive,4,0,0.000000
2020,Boom Bap,happy,4,0,0.000000
2020,Boom Bap,melancholic,4,0,0.000000
2020,Boom Bap,optimistic,4,0,0.000000
2020,Boom Bap,peaceful,4,0,0.000000
2020,Boom Bap,playful,4,1,0.250000
2020,Boom Bap,sad,4,0,0.000000
2020,Boom Bap,sombre,4,0,0.000000
2020,Boom Bap,uplifting,4,1,0.250000
2020,Breakbeat,aggressive,1,0,0.000000
2020,Breakbeat,angry,1,0,0.000000
2020,Breakbeat,anxious,1,0,0.000000
2020,Breakbeat,bittersweet,1,0,0.000000
2020,Breakbeat,calm,1,0,0.000000
2020,Breakbeat,dark,1,0,0.000000
2020,Breakbeat,depressive,1,0,0.000000
2020,Breakbeat,happy,1,0,0.000000
2020,Breakbeat,melancholic,1,0,0.000000
2020,Breakbeat,optimistic,1,0,0.000000
2020,Breakbeat,peaceful,1,0,0.000000
2020,Breakbeat,playful,1,0,0.000000
2020,Breakbeat,sad,1,0,0.000000
2020,Breakbeat,sombre,1,0,0.000000
2020,Breakbeat,uplifting,1,0,0.000000
2020,Bubblegum Bass,aggressive,2,0,0.000000
2020,Bubblegum Bass,angry,2,0,0.000000
2020,Bubblegum Bass,anxious,2,0,0.000000
2020,Bubblegum Bass,bittersweet,2,1,0.500000
2020,Bubblegum Bass,calm,2,0,0.000000
2020,Bubblegum Bass,dark,2,0,0.000000
2020,Bubblegum Bass,depressive,2,0,0.000000
2020,Bubblegum Bass,happy,2,0,0.000000
2020,Bubblegum Bass,melancholic,2,0,0.000000
2020,Bubblegum Bass,optimistic,2,0,0.000000
2020,Bubblegum Bass,peaceful,2,0,0.000000
2020,Bubblegum Bass,playful,2,1,0.500000
2020,Bubblegum Bass,sad,2,0,0.000000
2020,Bubblegum Bass,sombre,2,0,0.000000
2020,Bubblegum Bass,uplifting,2,0,0.000000
2020,Chamber Folk,aggressive,4,0,0.000000
2020,Chamber Folk,angry,4,0,0.000000
2020,Chamber Folk,anxious,4,0,0.000000
2020,Chamber Folk,bittersweet,4,1,0.250000
2020,Chamber Folk,calm,4,3,0.750000
2020,Chamber Folk,dark,4,0,0.000000
2020,Chamber Folk,depressive,4,0,0.000000
2020,Chamber Folk,happy,4,0,0.000000
2020,Chamber Folk,melancholic,4,2,0.500000
2020,Chamber Folk,optimistic,4,0,0.000000
2020,Chamber Folk,peaceful,4,1,0.250000
2020,Chamber Folk,playful,4,0,0.000000
2020,Chamber Folk,sad,4,0,0.000000
2020,Chamber Folk,sombre,4,0,0.000000
2020,Chamber Folk,uplifting,4,0,0.000000
2020,Chamber Music,aggressive,1,0,0.000000
2020,Chamber Music,angry,1,0,0.000000
2020,Chamber Music,anxious,1,0,0.000000
2020,Chamber Music,bittersweet,1,0,0.000000
2020,Chamber Music,calm,1,0,0.000000
2020,Chamber Music,dark,1,0,0.000000
2020,Chamber Music,depressive,1,0,0.000000
2020,Chamber Music,happy,1,0,0.000000
2020,Chamber Music,melancholic,1,0,0.000000
2020,Chamber Music,optimistic,1,0,0.000000
2020,Chamber Music,peaceful,1,0,0.000000
2020,Chamber Music,playful,1,0,0.000000
2020,Chamber Music,sad,1,0,0.000000
2020,Chamber Music,sombre,1,0,0.000000
2020,Chamber Music,uplifting,1,0,0.000000
2020,Chamber Pop,aggressive,5,0,0.000000
2020,Chamber Pop,angry,5,0,0.000000
2020,Chamber Pop,anxious,5,0,0.000000
2020,Chamber Pop,bittersweet,5,5,1.000000
2020,Chamber Pop,calm,5,1,0.200000
2020,Chamber Pop,dark,5,0,0.000000
2020,Chamber Pop,depressive,5,0,0.000000
2020,Chamber Pop,happy,5,0,0.000000
2020,Chamber Pop,melancholic,5,3,0.600000
2020,Chamber Pop,optimistic,5,2,0.400000
2020,Chamber Pop,peaceful,5,1,0.200000
2020,Chamber Pop,playful,5,1,0.200000
2020,Chamber Pop,sad,5,0,0.000000
2020,Chamber Pop,sombre,5,0,0.000000
2020,Chamber Pop,uplifting,5,1,0.200000
2020,Christian Hip Hop,aggressive,1,0,0.000000
2020,Christian Hip Hop,angry,1,0,0.000000
2020,Christian Hip Hop,anxious,1,0,0.000000
2020,Christian Hip Hop,bittersweet,1,0,0.000000
2020,Christian Hip Hop,calm,1,0,0.000000
2020,Christian Hip Hop,dark,1,1,1.000000
2020,Christian Hip Hop,depressive,1,0,0.000000
2020,Christian Hip Hop,happy,1,0,0.000000
2020,Christian Hip Hop,melancholic,1,0,0.000000
2020,Christian Hip Hop,optimistic,1,0,0.000000
2020,Christian Hip Hop,peaceful,1,0,0.000000
2020,Christian Hip Hop,playful,1,0,0.000000
2020,Christian Hip Hop,sad,1,0,0.000000
2020,Christian Hip Hop,sombre,1,0,0.000000
2020,Christian Hip Hop,uplifting,1,0,0.000000
2020,City Pop,aggressive,1,0,0.000000
2020,City Pop,angry,1,0,0.000000
2020,City Pop,anxious,1,0,0.000000
2020,City Pop,bittersweet,1,1,1.000000
2020,City Pop,calm,1,0,0.000000
2020,City Pop,dark,1,0,0.000000
2020,City Pop,depressive,1,0,0.000000
2020,City Pop,happy,1,1,1.000000
2020,City Pop,melancholic,1,0,0.000000
2020,City Pop,optimistic,1,0,0.000000
2020,City Pop,peaceful,1,0,0.000000
2020,City Pop,playful,1,0,0.000000
2020,City Pop,sad,1,0,0.000000
2020,City Pop,sombre,1,0,0.000000
2020,City Pop,uplifting,1,0,0.000000
2020,Cloud Rap,aggressive,4,0,0.000000
2020,Cloud Rap,angry,4,0,0.000000
2020,Cloud Rap,anxious,4,0,0.000000
2020,Cloud Rap,bittersweet,4,2,0.500000
2020,Cloud Rap,calm,4,0,0.000000
2020,Cloud Rap,dark,4,0,0.000000
2020,Cloud Rap,depressive,4,0,0.000000
2020,Cloud Rap,happy,4,1,0.250000
2020,Cloud Rap,melancholic,4,0,0.000000
2020,Cloud Rap,optimistic,4,0,0.000000
2020,Cloud Rap,peaceful,4,0,0.000000
2020,Cloud Rap,playful,4,0,0.000000
2020,Cloud Rap,sad,4,1,0.250000
2020,Cloud Rap,sombre,4,0,0.000000
2020,Cloud Rap,uplifting,4,0,0.000000
2020,Conscious Hip Hop,aggressive,8,0,0.000000
2020,Conscious Hip Hop,angry,8,0,0.000000
2020,Conscious Hip Hop,anxious,8,1,0.125000
2020,Conscious Hip Hop,bittersweet,8,3,0.375000
2020,Conscious Hip Hop,calm,8,0,0.000000
2020,Conscious Hip Hop,dark,8,1,0.125000
2020,Conscious Hip Hop,depressive,8,0,0.000000
2020,Conscious Hip Hop,happy,8,0,0.000000
2020,Conscious Hip Hop,melancholic,8,0,0.000000
2020,Conscious Hip Hop,optimistic,8,1,0.125000
2020,Conscious Hip Hop,peaceful,8,0,0.000000
2020,Conscious Hip Hop,playful,8,2,0.250000
2020,Conscious Hip Hop,sad,8,0,0.000000
2020,Conscious Hip Hop,sombre,8,0,0.000000
2020,Conscious Hip Hop,uplifting,8,1,0.125000
2020,Contemporary Folk,aggressive,4,0,0.000000
2020,Contemporary Folk,angry,4,0,0.000000
2020,Contemporary Folk,anxious,4,0,0.000000
2020,Contemporary Folk,bittersweet,4,2,0.500000
2020,Contemporary Folk,calm,4,2,0.500000
2020,Contemporary Folk,dark,4,0,0.000000
2020,Contemporary Folk,depressive,4,0,0.000000
2020,Contemporary Folk,happy,4,0,0.000000
2020,Contemporary Folk,melancholic,4,3,0.750000
2020,Contemporary Folk,optimistic,4,0,0.000000
2020,Contemporary Folk,peaceful,4,2,0.500000
2020,Contemporary Folk,playful,4,0,0.000000
2020,Contemporary Folk,sad,4,0,0.000000
2020,Contemporary Folk,sombre,4,0,0.000000
2020,Contemporary Folk,uplifting,4,0,0.000000
2020,Contemporary R&B,aggressive,9,0,0.000000
2020,Contemporary R&B,angry,9,0,0.000000
2020,Contemporary R&B,anxious,9,0,0.000000
2020,Contemporary R&B,bittersweet,9,0,0.000000
2020,Contemporary R&B,calm,9,0,0.000000
2020,Contemporary R&B,dark,9,0,0.000000
2020,Contemporary R&B,depressive,9,0,0.000000
2020,Contemporary R&B,happy,9,0,0.000000
2020,Contemporary R&B,melancholic,9,2,0.222222
2020,Contemporary R&B,optimistic,9,0,0.000000
2020,Contemporary R&B,peaceful,9,1,0.111111
2020,Contemporary R&B,playful,9,2,0.222222
2020,Contemporary R&B,sad,9,0,0.000000
2020,Contemporary R&B,sombre,9,0,0.000000
2020,Contemporary R&B,uplifting,9,1,0.111111
2020,Country Pop,aggressive,1,0,0.000000
2020,Country Pop,angry,1,0,0.000000
2020,Country Pop,anxious,1,0,0.000000
2020,Country Pop,bittersweet,1,0,0.000000
2020,Country Pop,calm,1,0,0.000000
2020,Country Pop,dark,1,0,0.000000
2020,Country Pop,depressive,1,0,0.000000
2020,Country Pop,happy,1,0,0.000000
2020,Country Pop,melancholic,1,0,0.000000
2020,Country Pop,optimistic,1,0,0.000000
2020,Country Pop,peaceful,1,0,0.000000
2020,Country Pop,playful,1,1,1.000000
2020,Country Pop,sad,1,0,0.000000
2020,Country Pop,sombre,1,0,0.000000
2020,Country Pop,uplifting,1,1,1.000000
2020,Crust Punk,aggressive,1,1,1.000000
2020,Crust Punk,angry,1,1,1.000000
2020,Crust Punk,anxious,1,0,0.000000
2020,Crust Punk,bittersweet,1,0,0.000000
2020,Crust Punk,calm,1,0,0.000000
2020,Crust Punk,dark,1,0,0.000000
2020,Crust Punk,depressive,1,0,0.000000
2020,Crust Punk,happy,1,0,0.000000
2020,Crust Punk,melancholic,1,0,0.000000
2020,Crust Punk,optimistic,1,0,0.000000
2020,Crust Punk,peaceful,1,0,0.000000
2020,Crust Punk,playful,1,0,0.000000
2020,Crust Punk,sad,1,0,0.000000
2020,Crust Punk,sombre,1,0,0.000000
2020,Crust Punk,uplifting,1,0,0.000000
2020,Dance-Pop,aggressive,10,0,0.000000
2020,Dance-Pop,angry,10,0,0.000000
2020,Dance-Pop,anxious,10,0,0.000000
2020,Dance-Pop,bittersweet,10,3,0.300000
2020,Dance-Pop,calm,10,0,0.000000
2020,Dance-Pop,dark,10,0,0.000000
2020,Dance-Pop,depressive,10,0,0.000000
2020,Dance-Pop,happy,10,2,0.200000
2020,Dance-Pop,melancholic,10,0,0.000000
2020,Dance-Pop,optimistic,10,2,0.200000
2020,Dance-Pop,peaceful,10,0,0.000000
2020,Dance-Pop,playful,10,7,0.700000
2020,Dance-Pop,sad,10,0,0.000000
2020,Dance-Pop,sombre,10,0,0.000000
2020,Dance-Pop,uplifting,10,3,0.300000
2020,Dark Ambient,aggressive,1,0,0.000000
2020,Dark Ambient,angry,1,0,0.000000
2020,Dark Ambient,anxious,1,1,1.000000
2020,Dark Ambient,bittersweet,1,0,0.000000
2020,Dark Ambient,calm,1,0,0.000000
2020,Dark Ambient,dark,1,1,1.000000
2020,Dark Ambient,depressive,1,0,0.000000
2020,Dark Ambient,happy,1,0,0.000000
2020,Dark Ambient,melancholic,1,0,0.000000
2020,Dark Ambient,optimistic,1,0,0.000000
2020,Dark Ambient,peaceful,1,0,0.000000
2020,Dark Ambient,playful,1,0,0.000000
2020,Dark Ambient,sad,1,0,0.000000
2020,Dark Ambient,sombre,1,1,1.000000
2020,Dark Ambient,uplifting,1,0,0.000000
2020,Deconstructed Club,aggressive,2,0,0.000000
2020,Deconstructed Club,angry,2,0,0.000000
2020,Deconstructed Club,anxious,2,0,0.000000
2020,Deconstructed Club,bittersweet,2,0,0.000000
2020,Deconstructed Club,calm,2,0,0.000000
2020,Deconstructed Club,dark,2,0,0.000000
2020,Deconstructed Club,depressive,2,0,0.000000
2020,Deconstructed Club,happy,2,0,0.000000
2020,Deconstructed Club,melancholic,2,0,0.000000
2020,Deconstructed Club,optimistic,2,0,0.000000
2020,Deconstructed Club,peaceful,2,0,0.000000
2020,Deconstructed Club,playful,2,0,0.000000
2020,Deconstructed Club,sad,2,0,0.000000
2020,Deconstructed Club,sombre,2,0,0.000000
2020,Deconstructed Club,uplifting,2,0,0.000000
2020,Digital Hardcore,aggressive,1,1,1.000000
2020,Digital Hardcore,angry,1,1,1.000000
2020,Digital Hardcore,anxious,1,0,0.000000
2020,Digital Hardcore,bittersweet,1,0,0.000000
2020,Digital Hardcore,calm,1,0,0.000000
2020,Digital Hardcore,dark,1,0,0.000000
2020,Digital Hardcore,depressive,1,0,0.000000
2020,Digital Hardcore,happy,1,0,0.000000
2020,Digital Hardcore,melancholic,1,0,0.000000
2020,Digital Hardcore,optimistic,1,0,0.000000
2020,Digital Hardcore,peaceful,1,0,0.000000
2020,Digital Hardcore,playful,1,0,0.000000
2020,Digital Hardcore,sad,1,0,0.000000
2020,Digital Hardcore,sombre,1,0,0.000000
2020,Digital Hardcore,uplifting,1,0,0.000000
2020,Disco,aggressive,2,0,0.000000
2020,Disco,angry,2,0,0.000000
2020,Disco,anxious,2,0,0.000000
2020,Disco,bittersweet,2,0,0.000000
2020,Disco,calm,2,0,0.000000
2020,Disco,dark,2,0,0.000000
2020,Disco,depressive,2,0,0.000000
2020,Disco,happy,2,0,0.000000
2020,Disco,melancholic,2,0,0.000000
2020,Disco,optimistic,2,0,0.000000
2020,Disco,peaceful,2,0,0.000000
2020,Disco,playful,2,1,0.500000
2020,Disco,sad,2,0,0.000000
2020,Disco,sombre,2,0,0.000000
2020,Disco,uplifting,2,1,0.500000
2020,Dream Pop,aggressive,3,0,0.000000
2020,Dream Pop,angry,3,0,0.000000
2020,Dream Pop,anxious,3,0,0.000000
2020,Dream Pop,bittersweet,3,2,0.666667
2020,Dream Pop,calm,3,0,0.000000
2020,Dream Pop,dark,3,0,0.000000
2020,Dream Pop,depressive,3,0,0.000000
2020,Dream Pop,happy,3,0,0.000000
2020,Dream Pop,melancholic,3,2,0.666667
2020,Dream Pop,optimistic,3,0,0.000000
2020,Dream Pop,peaceful,3,0,0.000000
2020,Dream Pop,playful,3,0,0.000000
2020,Dream Pop,sad,3,0,0.000000
2020,Dream Pop,sombre,3,0,0.000000
2020,Dream Pop,uplifting,3,1,0.333333
2020,Drone,aggressive,1,0,0.000000
2020,Drone,angry,1,0,0.000000
2020,Drone,anxious,1,0,0.000000
2020,Drone,bittersweet,1,0,0.000000
2020,Drone,calm,1,1,1.000000
2020,Drone,dark,1,1,1.000000
2020,Drone,depressive,1,0,0.000000
2020,Drone,happy,1,0,0.000000
2020,Drone,melancholic,1,0,0.000000
2020,Drone,optimistic,1,0,0.000000
2020,Drone,peaceful,1,0,0.000000
2020,Drone,playful,1,0,0.000000
2020,Drone,sad,1,0,0.000000
2020,Drone,sombre,1,0,0.000000
2020,Drone,uplifting,1,0,0.000000
2020,Drone Metal,aggressive,2,1,0.500000
2020,Drone Metal,angry,2,0,0.000000
2020,Drone Metal,anxious,2,0,0.000000
2020,Drone Metal,bittersweet,2,0,0.000000
2020,Drone Metal,calm,2,0,0.000000
2020,Drone Metal,dark,2,1,0.500000
2020,Drone Metal,depressive,2,0,0.000000
2020,Drone Metal,happy,2,0,0.000000
2020,Drone Metal,melancholic,2,0,0.000000
2020,Drone Metal,optimistic,2,0,0.000000
2020,Drone Metal,peaceful,2,0,0.000000
2020,Drone Metal,playful,2,0,0.000000
2020,Drone Metal,sad,2,0,0.000000
2020,Drone Metal,sombre,2,0,0.000000
2020,Drone Metal,uplifting,2,0,0.000000
2020,Drumless,aggressive,2,0,0.000000
2020,Drumless,angry,2,0,0.000000
2020,Drumless,anxious,2,0,0.000000
2020,Drumless,bittersweet,2,0,0.000000
2020,Drumless,calm,2,0,0.000000
2020,Drumless,dark,2,1,0.500000
2020,Drumless,depressive,2,0,0.000000
2020,Drumless,happy,2,0,0.000000
2020,Drumless,melancholic,2,0,0.000000
2020,Drumless,optimistic,2,0,0.000000
2020,Drumless,peaceful,2,0,0.000000
2020,Drumless,playful,2,0,0.000000
2020,Drumless,sad,2,0,0.000000
2020,Drumless,sombre,2,0,0.000000
2020,Drumless,uplifting,2,1,0.500000
2020,East Coast Hip Hop,aggressive,18,3,0.166667
2020,East Coast Hip Hop,angry,18,0,0.000000
2020,East Coast Hip Hop,anxious,18,1,0.055556
2020,East Coast Hip Hop,bittersweet,18,3,0.166667
2020,East Coast Hip Hop,calm,18,0,0.000000
2020,East Coast Hip Hop,dark,18,4,0.222222
2020,East Coast Hip Hop,depressive,18,0,0.000000
2020,East Coast Hip Hop,happy,18,0,0.000000
2020,East Coast Hip Hop,melancholic,18,1,0.055556
2020,East Coast Hip Hop,optimistic,18,3,0.166667
2020,East Coast Hip Hop,peaceful,18,0,0.000000
2020,East Coast Hip Hop,playful,18,1,0.055556
2020,East Coast Hip Hop,sad,18,0,0.000000
2020,East Coast Hip Hop,sombre,18,0,0.000000
2020,East Coast Hip Hop,uplifting,18,2,0.111111
2020,Electro-Industrial,aggressive,2,2,1.000000
2020,Electro-Industrial,angry,2,0,0.000000
2020,Electro-Industrial,anxious,2,2,1.000000
2020,Electro-Industrial,bittersweet,2,0,0.000000
2020,Electro-Industrial,calm,2,0,0.000000
2020,Electro-Industrial,dark,2,1,0.500000
2020,Electro-Industrial,depressive,2,0,0.000000
2020,Electro-Industrial,happy,2,0,0.000000
2020,Electro-Industrial,melancholic,2,0,0.000000
2020,Electro-Industrial,optimistic,2,0,0.000000
2020,Electro-Industrial,peaceful,2,0,0.000000
2020,Electro-Industrial,playful,2,0,0.000000
2020,Electro-Industrial,sad,2,0,0.000000
2020,Electro-Industrial,sombre,2,0,0.000000
2020,Electro-Industrial,uplifting,2,0,0.000000
2020,Electronic,aggressive,8,0,0.000000
2020,Electronic,angry,8,0,0.000000
2020,Electronic,anxious,8,0,0.000000
2020,Electronic,bittersweet,8,1,0.125000
2020,Electronic,calm,8,0,0.000000
2020,Electronic,dark,8,2,0.250000
2020,Electronic,depressive,8,0,0.000000
2020,Electronic,happy,8,0,0.000000
2020,Electronic,melancholic,8,2,0.250000
2020,Electronic,optimistic,8,0,0.000000
2020,Electronic,peaceful,8,0,0.000000
2020,Electronic,playful,8,2,0.250000
2020,Electronic,sad,8,0,0.000000
2020,Electronic,sombre,8,2,0.250000
2020,Electronic,uplifting,8,0,0.000000
2020,Electronic Dance Music,aggressive,2,1,0.500000
2020,Electronic Dance Music,angry,2,0,0.000000
2020,Electronic Dance Music,anxious,2,0,0.000000
2020,Electronic Dance Music,bittersweet,2,0,0.000000
2020,Electronic Dance Music,calm,2,0,0.000000
2020,Electronic Dance Music,dark,2,0,0.000000
2020,Electronic Dance Music,depressive,2,0,0.000000
2020,Electronic Dance Music,happy,2,0,0.000000
2020,Electronic Dance Music,melancholic,2,0,0.000000
2020,Electronic Dance Music,optimistic,2,0,0.000000
2020,Electronic Dance Music,peaceful,2,0,0.000000
2020,Electronic Dance Music,playful,2,1,0.500000
2020,Electronic Dance Music,sad,2,0,0.000000
2020,Electronic Dance Music,sombre,2,0,0.000000
2020,Electronic Dance Music,uplifting,2,0,0.000000
2020,Electropop,aggressive,5,0,0.000000
2020,Electropop,angry,5,0,0.000000
2020,Electropop,anxious,5,0,0.000000
2020,Electropop,bittersweet,5,2,0.400000
2020,Electropop,calm,5,0,0.000000
2020,Electropop,dark,5,0,0.000000
2020,Electropop,depressive,5,0,0.000000
2020,Electropop,happy,5,0,0.000000
2020,Electropop,melancholic,5,0,0.000000
2020,Electropop,optimistic,5,1,0.200000
2020,Electropop,peaceful,5,0,0.000000
2020,Electropop,playful,5,1,0.200000
2020,Electropop,sad,5,1,0.200000
2020,Electropop,sombre,5,0,0.000000
2020,Electropop,uplifting,5,1,0.200000
2020,Emo,aggressive,3,0,0.000000
2020,Emo,angry,3,1,0.333333
2020,Emo,anxious,3,1,0.333333
2020,Emo,bittersweet,3,0,0.000000
2020,Emo,calm,3,0,0.000000
2020,Emo,dark,3,0,0.000000
2020,Emo,depressive,3,2,0.666667
2020,Emo,happy,3,0,0.000000
2020,Emo,melancholic,3,2,0.666667
2020,Emo,optimistic,3,0,0.000000
2020,Emo,peaceful,3,0,0.000000
2020,Emo,playful,3,0,0.000000
2020,Emo,sad,3,0,0.000000
2020,Emo,sombre,3,0,0.000000
2020,Emo,uplifting,3,0,0.000000
2020,Emo Rap,aggressive,1,0,0.000000
2020,Emo Rap,angry,1,0,0.000000
2020,Emo Rap,anxious,1,0,0.000000
2020,Emo Rap,bittersweet,1,0,0.000000
2020,Emo Rap,calm,1,0,0.000000
2020,Emo Rap,dark,1,0,0.000000
2020,Emo Rap,depressive,1,0,0.000000
2020,Emo Rap,happy,1,0,0.000000
2020,Emo Rap,melancholic,1,1,1.000000
2020,Emo Rap,optimistic,1,0,0.000000
2020,Emo Rap,peaceful,1,0,0.000000
2020,Emo Rap,playful,1,0,0.000000
2020,Emo Rap,sad,1,1,1.000000
2020,Emo Rap,sombre,1,0,0.000000
2020,Emo Rap,uplifting,1,0,0.000000
2020,Euro House,aggressive,1,0,0.000000
2020,Euro House,angry,1,0,0.000000
2020,Euro House,anxious,1,0,0.000000
2020,Euro House,bittersweet,1,0,0.000000
2020,Euro House,calm,1,0,0.000000
2020,Euro House,dark,1,0,0.000000
2020,Euro House,depressive,1,0,0.000000
2020,Euro House,happy,1,1,1.000000
2020,Euro House,melancholic,1,0,0.000000
2020,Euro House,optimistic,1,1,1.000000
2020,Euro House,peaceful,1,0,0.000000
2020,Euro House,playful,1,1,1.000000
2020,Euro House,sad,1,0,0.000000
2020,Euro House,sombre,1,0,0.000000
2020,Euro House,uplifting,1,1,1.000000
2020,Experimental,aggressive,1,0,0.000000
2020,Experimental,angry,1,0,0.000000
2020,Experimental,anxious,1,0,0.000000
2020,Experimental,bittersweet,1,0,0.000000
2020,Experimental,calm,1,0,0.000000
2020,Experimental,dark,1,1,1.000000
2020,Experimental,depressive,1,0,0.000000
2020,Experimental,happy,1,0,0.000000
2020,Experimental,melancholic,1,0,0.000000
2020,Experimental,optimistic,1,0,0.000000
2020,Experimental,peaceful,1,0,0.000000
2020,Experimental,playful,1,0,0.000000
2020,Experimental,sad,1,0,0.000000
2020,Experimental,sombre,1,0,0.000000
2020,Experimental,uplifting,1,0,0.000000
2020,Experimental Hip Hop,aggressive,10,3,0.300000
2020,Experimental Hip Hop,angry,10,0,0.000000
2020,Experimental Hip Hop,anxious,10,0,0.000000
2020,Experimental Hip Hop,bittersweet,10,1,0.100000
2020,Experimental Hip Hop,calm,10,0,0.000000
2020,Experimental Hip Hop,dark,10,4,0.400000
2020,Experimental Hip Hop,depressive,10,0,0.000000
2020,Experimental Hip Hop,happy,10,0,0.000000
2020,Experimental Hip Hop,melancholic,10,1,0.100000
2020,Experimental Hip Hop,optimistic,10,2,0.200000
2020,Experimental Hip Hop,peaceful,10,0,0.000000
2020,Experimental Hip Hop,playful,10,1,0.100000
2020,Experimental Hip Hop,sad,10,0,0.000000
2020,Experimental Hip Hop,sombre,10,0,0.000000
2020,Experimental Hip Hop,uplifting,10,0,0.000000
2020,Experimental Rock,aggressive,7,1,0.142857
2020,Experimental Rock,angry,7,0,0.000000
2020,Experimental Rock,anxious,7,3,0.428571
2020,Experimental Rock,bittersweet,7,0,0.000000
2020,Experimental Rock,calm,7,0,0.000000
2020,Experimental Rock,dark,7,1,0.142857
2020,Experimental Rock,depressive,7,1,0.142857
2020,Experimental Rock,happy,7,0,0.000000
2020,Experimental Rock,melancholic,7,1,0.142857
2020,Experimental Rock,optimistic,7,0,0.000000
2020,Experimental Rock,peaceful,7,0,0.000000
2020,Experimental Rock,playful,7,2,0.285714
2020,Experimental Rock,sad,7,0,0.000000
2020,Experimental Rock,sombre,7,0,0.000000
2020,Experimental Rock,uplifting,7,0,0.000000
2020,Film Soundtrack,aggressive,1,0,0.000000
2020,Film Soundtrack,angry,1,0,0.000000
2020,Film Soundtrack,anxious,1,0,0.000000
2020,Film Soundtrack,bittersweet,1,0,0.000000
2020,Film Soundtrack,calm,1,0,0.000000
2020,Film Soundtrack,dark,1,0,0.000000
2020,Film Soundtrack,depressive,1,1,1.000000
2020,Film Soundtrack,happy,1,0,0.000000
2020,Film Soundtrack,melancholic,1,0,0.000000
2020,Film Soundtrack,optimistic,1,0,0.000000
2020,Film Soundtrack,peaceful,1,0,0.000000
2020,Film Soundtrack,playful,1,0,0.000000
2020,Film Soundtrack,sad,1,0,0.000000
2020,Film Soundtrack,sombre,1,0,0.000000
2020,Film Soundtrack,uplifting,1,0,0.000000
2020,Folk Pop,aggressive,3,0,0.000000
2020,Folk Pop,angry,3,0,0.000000
2020,Folk Pop,anxious,3,0,0.000000
2020,Folk Pop,bittersweet,3,3,1.000000
2020,Folk Pop,calm,3,2,0.666667
2020,Folk Pop,dark,3,0,0.000000
2020,Folk Pop,depressive,3,0,0.000000
2020,Folk Pop,happy,3,0,0.000000
2020,Folk Pop,melancholic,3,1,0.333333
2020,Folk Pop,optimistic,3,0,0.000000
2020,Folk Pop,peaceful,3,0,0.000000
2020,Folk Pop,playful,3,0,0.000000
2020,Folk Pop,sad,3,0,0.000000
2020,Folk Pop,sombre,3,0,0.000000
2020,Folk Pop,uplifting,3,0,0.000000
2020,Folk Rock,aggressive,1,0,0.000000
2020,Folk Rock,angry,1,0,0.000000
2020,Folk Rock,anxious,1,0,0.000000
2020,Folk Rock,bittersweet,1,1,1.000000
2020,Folk Rock,calm,1,0,0.000000
2020,Folk Rock,dark,1,0,0.000000
2020,Folk Rock,depressive,1,0,0.000000
2020,Folk Rock,happy,1,0,0.000000
2020,Folk Rock,melancholic,1,0,0.000000
2020,Folk Rock,optimistic,1,0,0.000000
2020,Folk Rock,peaceful,1,1,1.000000
2020,Folk Rock,playful,1,0,0.000000
2020,Folk Rock,sad,1,0,0.000000
2020,Folk Rock,sombre,1,0,0.000000
2020,Folk Rock,uplifting,1,0,0.000000
2020,Future Garage,aggressive,1,0,0.000000
2020,Future Garage,angry,1,0,0.000000
2020,Future Garage,anxious,1,0,0.000000
2020,Future Garage,bittersweet,1,0,0.000000
2020,Future Garage,calm,1,0,0.000000
2020,Future Garage,dark,1,0,0.000000
2020,Future Garage,depressive,1,0,0.000000
2020,Future Garage,happy,1,0,0.000000
2020,Future Garage,melancholic,1,0,0.000000
2020,Future Garage,optimistic,1,0,0.000000
2020,Future Garage,peaceful,1,0,0.000000
2020,Future Garage,playful,1,0,0.000000
2020,Future Garage,sad,1,0,0.000000
2020,Future Garage,sombre,1,0,0.000000
2020,Future Garage,uplifting,1,0,0.000000
2020,Gangsta Rap,aggressive,8,2,0.250000
2020,Gangsta Rap,angry,8,0,0.000000
2020,Gangsta Rap,anxious,8,0,0.000000
2020,Gangsta Rap,bittersweet,8,0,0.000000
2020,Gangsta Rap,calm,8,0,0.000000
2020,Gangsta Rap,dark,8,2,0.250000
2020,Gangsta Rap,depressive,8,0,0.000000
2020,Gangsta Rap,happy,8,0,0.000000
2020,Gangsta Rap,melancholic,8,0,0.000000
2020,Gangsta Rap,optimistic,8,0,0.000000
2020,Gangsta Rap,peaceful,8,0,0.000000
2020,Gangsta Rap,playful,8,0,0.000000
2020,Gangsta Rap,sad,8,0,0.000000
2020,Gangsta Rap,sombre,8,1,0.125000
2020,Gangsta Rap,uplifting,8,0,0.000000
2020,Garage Rock Revival,aggressive,1,0,0.000000
2020,Garage Rock Revival,angry,1,0,0.000000
2020,Garage Rock Revival,anxious,1,0,0.000000
2020,Garage Rock Revival,bittersweet,1,0,0.000000
2020,Garage Rock Revival,calm,1,0,0.000000
2020,Garage Rock Revival,dark,1,0,0.000000
2020,Garage Rock Revival,depressive,1,0,0.000000
2020,Garage Rock Revival,happy,1,0,0.000000
2020,Garage Rock Revival,melancholic,1,0,0.000000
2020,Garage Rock Revival,optimistic,1,0,0.000000
2020,Garage Rock Revival,peaceful,1,0,0.000000
2020,Garage Rock Revival,playful,1,1,1.000000
2020,Garage Rock Revival,sad,1,0,0.000000
2020,Garage Rock Revival,sombre,1,0,0.000000
2020,Garage Rock Revival,uplifting,1,0,0.000000
2020,Ghazal,aggressive,1,0,0.000000
2020,Ghazal,angry,1,0,0.000000
2020,Ghazal,anxious,1,0,0.000000
2020,Ghazal,bittersweet,1,1,1.000000
2020,Ghazal,calm,1,1,1.000000
2020,Ghazal,dark,1,0,0.000000
2020,Ghazal,depressive,1,0,0.000000
2020,Ghazal,happy,1,0,0.000000
2020,Ghazal,melancholic,1,1,1.000000
2020,Ghazal,optimistic,1,0,0.000000
2020,Ghazal,peaceful,1,0,0.000000
2020,Ghazal,playful,1,0,0.000000
2020,Ghazal,sad,1,0,0.000000
2020,Ghazal,sombre,1,0,0.000000
2020,Ghazal,uplifting,1,0,0.000000
2020,Glam Punk,aggressive,1,0,0.000000
2020,Glam Punk,angry,1,0,0.000000
2020,Glam Punk,anxious,1,1,1.000000
2020,Glam Punk,bittersweet,1,0,0.000000
2020,Glam Punk,calm,1,0,0.000000
2020,Glam Punk,dark,1,0,0.000000
2020,Glam Punk,depressive,1,0,0.000000
2020,Glam Punk,happy,1,0,0.000000
2020,Glam Punk,melancholic,1,0,0.000000
2020,Glam Punk,optimistic,1,0,0.000000
2020,Glam Punk,peaceful,1,0,0.000000
2020,Glam Punk,playful,1,1,1.000000
2020,Glam Punk,sad,1,0,0.000000
2020,Glam Punk,sombre,1,0,0.000000
2020,Glam Punk,uplifting,1,0,0.000000
2020,Glitch,aggressive,1,0,0.000000
2020,Glitch,angry,1,0,0.000000
2020,Glitch,anxious,1,0,0.000000
2020,Glitch,bittersweet,1,0,0.000000
2020,Glitch,calm,1,0,0.000000
2020,Glitch,dark,1,0,0.000000
2020,Glitch,depressive,1,0,0.000000
2020,Glitch,happy,1,0,0.000000
2020,Glitch,melancholic,1,0,0.000000
2020,Glitch,optimistic,1,0,0.000000
2020,Glitch,peaceful,1,0,0.000000
2020,Glitch,playful,1,0,0.000000
2020,Glitch,sad,1,0,0.000000
2020,Glitch,sombre,1,1,1.000000
2020,Glitch,uplifting,1,0,0.000000
2020,Glitch Hop,aggressive,2,0,0.000000
2020,Glitch Hop,angry,2,0,0.000000
2020,Glitch Hop,anxious,2,0,0.000000
2020,Glitch Hop,bittersweet,2,0,0.000000
2020,Glitch Hop,calm,2,0,0.000000
2020,Glitch Hop,dark,2,1,0.500000
2020,Glitch Hop,depressive,2,0,0.000000
2020,Glitch Hop,happy,2,0,0.000000
2020,Glitch Hop,melancholic,2,0,0.000000
2020,Glitch Hop,optimistic,2,0,0.000000
2020,Glitch Hop,peaceful,2,0,0.000000
2020,Glitch Hop,playful,2,0,0.000000
2020,Glitch Hop,sad,2,0,0.000000
2020,Glitch Hop,sombre,2,0,0.000000
2020,Glitch Hop,uplifting,2,0,0.000000
2020,Glitch Pop,aggressive,3,0,0.000000
2020,Glitch Pop,angry,3,0,0.000000
2020,Glitch Pop,anxious,3,0,0.000000
2020,Glitch Pop,bittersweet,3,2,0.666667
2020,Glitch Pop,calm,3,0,0.000000
2020,Glitch Pop,dark,3,0,0.000000
2020,Glitch Pop,depressive,3,1,0.333333
2020,Glitch Pop,happy,3,0,0.000000
2020,Glitch Pop,melancholic,3,2,0.666667
2020,Glitch Pop,optimistic,3,0,0.000000
2020,Glitch Pop,peaceful,3,0,0.000000
2020,Glitch Pop,playful,3,1,0.333333
2020,Glitch Pop,sad,3,0,0.000000
2020,Glitch Pop,sombre,3,0,0.000000
2020,Glitch Pop,uplifting,3,0,0.000000
2020,Gothic Metal,aggressive,1,0,0.000000
2020,Gothic Metal,angry,1,0,0.000000
2020,Gothic Metal,anxious,1,0,0.000000
2020,Gothic Metal,bittersweet,1,0,0.000000
2020,Gothic Metal,calm,1,0,0.000000
2020,Gothic Metal,dark,1,1,1.000000
2020,Gothic Metal,depressive,1,0,0.000000
2020,Gothic Metal,happy,1,0,0.000000
2020,Gothic Metal,melancholic,1,0,0.000000
2020,Gothic Metal,optimistic,1,0,0.000000
2020,Gothic Metal,peaceful,1,0,0.000000
2020,Gothic Metal,playful,1,0,0.000000
2020,Gothic Metal,sad,1,0,0.000000
2020,Gothic Metal,sombre,1,1,1.000000
2020,Gothic Metal,uplifting,1,0,0.000000
2020,Groove Metal,aggressive,1,1,1.000000
2020,Groove Metal,angry,1,1,1.000000
2020,Groove Metal,anxious,1,0,0.000000
2020,Groove Metal,bittersweet,1,0,0.000000
2020,Groove Metal,calm,1,0,0.000000
2020,Groove Metal,dark,1,0,0.000000
2020,Groove Metal,depressive,1,0,0.000000
2020,Groove Metal,happy,1,0,0.000000
2020,Groove Metal,melancholic,1,0,0.000000
2020,Groove Metal,optimistic,1,0,0.000000
2020,Groove Metal,peaceful,1,0,0.000000
2020,Groove Metal,playful,1,0,0.000000
2020,Groove Metal,sad,1,0,0.000000
2020,Groove Metal,sombre,1,1,1.000000
2020,Groove Metal,uplifting,1,0,0.000000
2020,Hardcore Breaks,aggressive,1,1,1.000000
2020,Hardcore Breaks,angry,1,0,0.000000
2020,Hardcore Breaks,anxious,1,0,0.000000
2020,Hardcore Breaks,bittersweet,1,0,0.000000
2020,Hardcore Breaks,calm,1,0,0.000000
2020,Hardcore Breaks,dark,1,0,0.000000
2020,Hardcore Breaks,depressive,1,0,0.000000
2020,Hardcore Breaks,happy,1,0,0.000000
2020,Hardcore Breaks,melancholic,1,0,0.000000
2020,Hardcore Breaks,optimistic,1,0,0.000000
2020,Hardcore Breaks,peaceful,1,0,0.000000
2020,Hardcore Breaks,playful,1,1,1.000000
2020,Hardcore Breaks,sad,1,0,0.000000
2020,Hardcore Breaks,sombre,1,0,0.000000
2020,Hardcore Breaks,uplifting,1,0,0.000000
2020,Hardcore Hip Hop,aggressive,7,4,0.571429
2020,Hardcore Hip Hop,angry,7,1,0.142857
2020,Hardcore Hip Hop,anxious,7,0,0.000000
2020,Hardcore Hip Hop,bittersweet,7,0,0.000000
2020,Hardcore Hip Hop,calm,7,0,0.000000
2020,Hardcore Hip Hop,dark,7,1,0.142857
2020,Hardcore Hip Hop,depressive,7,0,0.000000
2020,Hardcore Hip Hop,happy,7,0,0.000000
2020,Hardcore Hip Hop,melancholic,7,0,0.000000
2020,Hardcore Hip Hop,optimistic,7,0,0.000000
2020,Hardcore Hip Hop,peaceful,7,0,0.000000
2020,Hardcore Hip Hop,playful,7,1,0.142857
2020,Hardcore Hip Hop,sad,7,0,0.000000
2020,Hardcore Hip Hop,sombre,7,0,0.000000
2020,Hardcore Hip Hop,uplifting,7,1,0.142857
2020,Heartland Rock,aggressive,2,0,0.000000
2020,Heartland Rock,angry,2,0,0.000000
2020,Heartland Rock,anxious,2,0,0.000000
2020,Heartland Rock,bittersweet,2,1,0.500000
2020,Heartland Rock,calm,2,0,0.000000
2020,Heartland Rock,dark,2,0,0.000000
2020,Heartland Rock,depressive,2,0,0.000000
2020,Heartland Rock,happy,2,0,0.000000
2020,Heartland Rock,melancholic,2,0,0.000000
2020,Heartland Rock,optimistic,2,0,0.000000
2020,Heartland Rock,peaceful,2,0,0.000000
2020,Heartland Rock,playful,2,0,0.000000
2020,Heartland Rock,sad,2,0,0.000000
2020,Heartland Rock,sombre,2,0,0.000000
2020,Heartland Rock,uplifting,2,1,0.500000
2020,Heavy Metal,aggressive,1,0,0.000000
2020,Heavy Metal,angry,1,0,0.000000
2020,Heavy Metal,anxious,1,0,0.000000
2020,Heavy Metal,bittersweet,1,0,0.000000
2020,Heavy Metal,calm,1,0,0.000000
2020,Heavy Metal,dark,1,0,0.000000
2020,Heavy Metal,depressive,1,0,0.000000
2020,Heavy Metal,happy,1,0,0.000000
2020,Heavy Metal,melancholic,1,0,0.000000
2020,Heavy Metal,optimistic,1,0,0.000000
2020,Heavy Metal,peaceful,1,0,0.000000
2020,Heavy Metal,playful,1,0,0.000000
2020,Heavy Metal,sad,1,0,0.000000
2020,Heavy Metal,sombre,1,0,0.000000
2020,Heavy Metal,uplifting,1,0,0.000000
2020,Hex D,aggressive,1,0,0.000000
2020,Hex D,angry,1,0,0.000000
2020,Hex D,anxious,1,0,0.000000
2020,Hex D,bittersweet,1,0,0.000000
2020,Hex D,calm,1,0,0.000000
2020,Hex D,dark,1,0,0.000000
2020,Hex D,depressive,1,0,0.000000
2020,Hex D,happy,1,0,0.000000
2020,Hex D,melancholic,1,0,0.000000
2020,Hex D,optimistic,1,0,0.000000
2020,Hex D,peaceful,1,0,0.000000
2020,Hex D,playful,1,0,0.000000
2020,Hex D,sad,1,1,1.000000
2020,Hex D,sombre,1,0,0.000000
2020,Hex D,uplifting,1,0,0.000000
2020,Horrorcore,aggressive,3,2,0.666667
2020,Horrorcore,angry,3,1,0.333333
2020,Horrorcore,anxious,3,0,0.000000
2020,Horrorcore,bittersweet,3,0,0.000000
2020,Horrorcore,calm,3,0,0.000000
2020,Horrorcore,dark,3,3,1.000000
2020,Horrorcore,depressive,3,0,0.000000
2020,Horrorcore,happy,3,0,0.000000
2020,Horrorcore,melancholic,3,0,0.000000
2020,Horrorcore,optimistic,3,0,0.000000
2020,Horrorcore,peaceful,3,0,0.000000
2020,Horrorcore,playful,3,0,0.000000
2020,Horrorcore,sad,3,0,0.000000
2020,Horrorcore,sombre,3,0,0.000000
2020,Horrorcore,uplifting,3,0,0.000000
2020,House,aggressive,2,0,0.000000
2020,House,angry,2,0,0.000000
2020,House,anxious,2,0,0.000000
2020,House,bittersweet,2,0,0.000000
2020,House,calm,2,0,0.000000
2020,House,dark,2,0,0.000000
2020,House,depressive,2,0,0.000000
2020,House,happy,2,1,0.500000
2020,House,melancholic,2,0,0.000000
2020,House,optimistic,2,0,0.000000
2020,House,peaceful,2,0,0.000000
2020,House,playful,2,0,0.000000
2020,House,sad,2,0,0.000000
2020,House,sombre,2,0,0.000000
2020,House,uplifting,2,1,0.500000
2020,Hyperpop,aggressive,5,1,0.200000
2020,Hyperpop,angry,5,0,0.000000
2020,Hyperpop,anxious,5,0,0.000000
2020,Hyperpop,bittersweet,5,2,0.400000
2020,Hyperpop,calm,5,0,0.000000
2020,Hyperpop,dark,5,0,0.000000
2020,Hyperpop,depressive,5,0,0.000000
2020,Hyperpop,happy,5,0,0.000000
2020,Hyperpop,melancholic,5,0,0.000000
2020,Hyperpop,optimistic,5,0,0.000000
2020,Hyperpop,peaceful,5,0,0.000000
2020,Hyperpop,playful,5,2,0.400000
2020,Hyperpop,sad,5,0,0.000000
2020,Hyperpop,sombre,5,0,0.000000
2020,Hyperpop,uplifting,5,0,0.000000
2020,Hypnagogic Pop,aggressive,2,0,0.000000
2020,Hypnagogic Pop,angry,2,0,0.000000
2020,Hypnagogic Pop,anxious,2,0,0.000000
2020,Hypnagogic Pop,bittersweet,2,1,0.500000
2020,Hypnagogic Pop,calm,2,0,0.000000
2020,Hypnagogic Pop,dark,2,1,0.500000
2020,Hypnagogic Pop,depressive,2,1,0.500000
2020,Hypnagogic Pop,happy,2,0,0.000000
2020,Hypnagogic Pop,melancholic,2,1,0.500000
2020,Hypnagogic Pop,optimistic,2,0,0.000000
2020,Hypnagogic Pop,peaceful,2,0,0.000000
2020,Hypnagogic Pop,playful,2,0,0.000000
2020,Hypnagogic Pop,sad,2,0,0.000000
2020,Hypnagogic Pop,sombre,2,0,0.000000
2020,Hypnagogic Pop,uplifting,2,0,0.000000
2020,IDM,aggressive,3,0,0.000000
2020,IDM,angry,3,0,0.000000
2020,IDM,anxious,3,0,0.000000
2020,IDM,bittersweet,3,0,0.000000
2020,IDM,calm,3,0,0.000000
2020,IDM,dark,3,0,0.000000
2020,IDM,depressive,3,0,0.000000
2020,IDM,happy,3,0,0.000000
2020,IDM,melancholic,3,0,0.000000
2020,IDM,optimistic,3,0,0.000000
2020,IDM,peaceful,3,0,0.000000
2020,IDM,playful,3,0,0.000000
2020,IDM,sad,3,0,0.000000
2020,IDM,sombre,3,0,0.000000
2020,IDM,uplifting,3,0,0.000000
2020,Indie Folk,aggressive,5,0,0.000000
2020,Indie Folk,angry,5,0,0.000000
2020,Indie Folk,anxious,5,0,0.000000
2020,Indie Folk,bittersweet,5,4,0.800000
2020,Indie Folk,calm,5,0,0.000000
2020,Indie Folk,dark,5,0,0.000000
2020,Indie Folk,depressive,5,0,0.000000
2020,Indie Folk,happy,5,0,0.000000
2020,Indie Folk,melancholic,5,2,0.400000
2020,Indie Folk,optimistic,5,1,0.200000
2020,Indie Folk,peaceful,5,2,0.400000
2020,Indie Folk,playful,5,0,0.000000
2020,Indie Folk,sad,5,1,0.200000
2020,Indie Folk,sombre,5,0,0.000000
2020,Indie Folk,uplifting,5,1,0.200000
2020,Indie Pop,aggressive,9,0,0.000000
2020,Indie Pop,angry,9,0,0.000000
2020,Indie Pop,anxious,9,0,0.000000
2020,Indie Pop,bittersweet,9,5,0.555556
2020,Indie Pop,calm,9,0,0.000000
2020,Indie Pop,dark,9,0,0.000000
2020,Indie Pop,depressive,9,1,0.111111
2020,Indie Pop,happy,9,0,0.000000
2020,Indie Pop,melancholic,9,2,0.222222
2020,Indie Pop,optimistic,9,1,0.111111
2020,Indie Pop,peaceful,9,0,0.000000
2020,Indie Pop,playful,9,2,0.222222
2020,Indie Pop,sad,9,1,0.111111
2020,Indie Pop,sombre,9,0,0.000000
2020,Indie Pop,uplifting,9,2,0.222222
2020,Indie Rock,aggressive,6,0,0.000000
2020,Indie Rock,angry,6,0,0.000000
2020,Indie Rock,anxious,6,0,0.000000
2020,Indie Rock,bittersweet,6,4,0.666667
2020,Indie Rock,calm,6,0,0.000000
2020,Indie Rock,dark,6,0,0.000000
2020,Indie Rock,depressive,6,0,0.000000
2020,Indie Rock,happy,6,0,0.000000
2020,Indie Rock,melancholic,6,1,0.166667
2020,Indie Rock,optimistic,6,0,0.000000
2020,Indie Rock,peaceful,6,0,0.000000
2020,Indie Rock,playful,6,1,0.166667
2020,Indie Rock,sad,6,1,0.166667
2020,Indie Rock,sombre,6,1,0.166667
2020,Indie Rock,uplifting,6,0,0.000000
2020,Indietronica,aggressive,6,0,0.000000
2020,Indietronica,angry,6,0,0.000000
2020,Indietronica,anxious,6,1,0.166667
2020,Indietronica,bittersweet,6,2,0.333333
2020,Indietronica,calm,6,1,0.166667
2020,Indietronica,dark,6,0,0.000000
2020,Indietronica,depressive,6,0,0.000000
2020,Indietronica,happy,6,0,0.000000
2020,Indietronica,melancholic,6,2,0.333333
2020,Indietronica,optimistic,6,1,0.166667
2020,Indietronica,peaceful,6,0,0.000000
2020,Indietronica,playful,6,4,0.666667
2020,Indietronica,sad,6,0,0.000000
2020,Indietronica,sombre,6,0,0.000000
2020,Indietronica,uplifting,6,2,0.333333
2020,Industrial,aggressive,1,0,0.000000
2020,Industrial,angry,1,1,1.000000
2020,Industrial,anxious,1,0,0.000000
2020,Industrial,bittersweet,1,0,0.000000
2020,Industrial,calm,1,0,0.000000
2020,Industrial,dark,1,0,0.000000
2020,Industrial,depressive,1,0,0.000000
2020,Industrial,happy,1,0,0.000000
2020,Industrial,melancholic,1,0,0.000000
2020,Industrial,optimistic,1,0,0.000000
2020,Industrial,peaceful,1,0,0.000000
2020,Industrial,playful,1,0,0.000000
2020,Industrial,sad,1,0,0.000000
2020,Industrial,sombre,1,0,0.000000
2020,Industrial,uplifting,1,0,0.000000
2020,Industrial Hip Hop,aggressive,3,2,0.666667
2020,Industrial Hip Hop,angry,3,1,0.333333
2020,Industrial Hip Hop,anxious,3,0,0.000000
2020,Industrial Hip Hop,bittersweet,3,0,0.000000
2020,Industrial Hip Hop,calm,3,0,0.000000
2020,Industrial Hip Hop,dark,3,3,1.000000
2020,Industrial Hip Hop,depressive,3,0,0.000000
2020,Industrial Hip Hop,happy,3,0,0.000000
2020,Industrial Hip Hop,melancholic,3,0,0.000000
2020,Industrial Hip Hop,optimistic,3,0,0.000000
2020,Industrial Hip Hop,peaceful,3,0,0.000000
2020,Industrial Hip Hop,playful,3,0,0.000000
2020,Industrial Hip Hop,sad,3,0,0.000000
2020,Industrial Hip Hop,sombre,3,0,0.000000
2020,Industrial Hip Hop,uplifting,3,0,0.000000
2020,Industrial Metal,aggressive,1,1,1.000000
2020,Industrial Metal,angry,1,1,1.000000
2020,Industrial Metal,anxious,1,0,0.000000
2020,Industrial Metal,bittersweet,1,0,0.000000
2020,Industrial Metal,calm,1,0,0.000000
2020,Industrial Metal,dark,1,1,1.000000
2020,Industrial Metal,depressive,1,0,0.000000
2020,Industrial Metal,happy,1,0,0.000000
2020,Industrial Metal,melancholic,1,0,0.000000
2020,Industrial Metal,optimistic,1,0,0.000000
2020,Industrial Metal,peaceful,1,0,0.000000
2020,Industrial Metal,playful,1,0,0.000000
2020,Industrial Metal,sad,1,0,0.000000
2020,Industrial Metal,sombre,1,0,0.000000
2020,Industrial Metal,uplifting,1,0,0.000000
2020,Industrial Rock,aggressive,2,2,1.000000
2020,Industrial Rock,angry,2,0,0.000000
2020,Industrial Rock,anxious,2,2,1.000000
2020,Industrial Rock,bittersweet,2,0,0.000000
2020,Industrial Rock,calm,2,0,0.000000
2020,Industrial Rock,dark,2,1,0.500000
2020,Industrial Rock,depressive,2,0,0.000000
2020,Industrial Rock,happy,2,0,0.000000
2020,Industrial Rock,melancholic,2,0,0.000000
2020,Industrial Rock,optimistic,2,0,0.000000
2020,Industrial Rock,peaceful,2,0,0.000000
2020,Industrial Rock,playful,2,0,0.000000
2020,Industrial Rock,sad,2,0,0.000000
2020,Industrial Rock,sombre,2,0,0.000000
2020,Industrial Rock,uplifting,2,0,0.000000
2020,Instrumental Hip Hop,aggressive,1,0,0.000000
2020,Instrumental Hip Hop,angry,1,0,0.000000
2020,Instrumental Hip Hop,anxious,1,0,0.000000
2020,Instrumental Hip Hop,bittersweet,1,0,0.000000
2020,Instrumental Hip Hop,calm,1,1,1.000000
2020,Instrumental Hip Hop,dark,1,0,0.000000
2020,Instrumental Hip Hop,depressive,1,0,0.000000
2020,Instrumental Hip Hop,happy,1,0,0.000000
2020,Instrumental Hip Hop,melancholic,1,0,0.000000
2020,Instrumental Hip Hop,optimistic,1,0,0.000000
2020,Instrumental Hip Hop,peaceful,1,0,0.000000
2020,Instrumental Hip Hop,playful,1,0,0.000000
2020,Instrumental Hip Hop,sad,1,0,0.000000
2020,Instrumental Hip Hop,sombre,1,0,0.000000
2020,Instrumental Hip Hop,uplifting,1,0,0.000000
2020,J-Pop,aggressive,1,0,0.000000
2020,J-Pop,angry,1,0,0.000000
2020,J-Pop,anxious,1,0,0.000000
2020,J-Pop,bittersweet,1,0,0.000000
2020,J-Pop,calm,1,0,0.000000
2020,J-Pop,dark,1,0,0.000000
2020,J-Pop,depressive,1,0,0.000000
2020,J-Pop,happy,1,0,0.000000
2020,J-Pop,melancholic,1,0,0.000000
2020,J-Pop,optimistic,1,0,0.000000
2020,J-Pop,peaceful,1,0,0.000000
2020,J-Pop,playful,1,0,0.000000
2020,J-Pop,sad,1,0,0.000000
2020,J-Pop,sombre,1,0,0.000000
2020,J-Pop,uplifting,1,0,0.000000
2020,J-Rock,aggressive,1,0,0.000000
2020,J-Rock,angry,1,0,0.000000
2020,J-Rock,anxious,1,0,0.000000
2020,J-Rock,bittersweet,1,1,1.000000
2020,J-Rock,calm,1,0,0.000000
2020,J-Rock,dark,1,0,0.000000
2020,J-Rock,depressive,1,0,0.000000
2020,J-Rock,happy,1,0,0.000000
2020,J-Rock,melancholic,1,0,0.000000
2020,J-Rock,optimistic,1,0,0.000000
2020,J-Rock,peaceful,1,0,0.000000
2020,J-Rock,playful,1,0,0.000000
2020,J-Rock,sad,1,0,0.000000
2020,J-Rock,sombre,1,0,0.000000
2020,J-Rock,uplifting,1,0,0.000000
2020,Jazz Fusion,aggressive,1,0,0.000000
2020,Jazz Fusion,angry,1,0,0.000000
2020,Jazz Fusion,anxious,1,0,0.000000
2020,Jazz Fusion,bittersweet,1,1,1.000000
2020,Jazz Fusion,calm,1,0,0.000000
2020,Jazz Fusion,dark,1,0,0.000000
2020,Jazz Fusion,depressive,1,0,0.000000
2020,Jazz Fusion,happy,1,0,0.000000
2020,Jazz Fusion,melancholic,1,0,0.000000
2020,Jazz Fusion,optimistic,1,0,0.000000
2020,Jazz Fusion,peaceful,1,0,0.000000
2020,Jazz Fusion,playful,1,0,0.000000
2020,Jazz Fusion,sad,1,0,0.000000
2020,Jazz Fusion,sombre,1,0,0.000000
2020,Jazz Fusion,uplifting,1,1,1.000000
2020,Jazz Rap,aggressive,6,0,0.000000
2020,Jazz Rap,angry,6,0,0.000000
2020,Jazz Rap,anxious,6,0,0.000000
2020,Jazz Rap,bittersweet,6,1,0.166667
2020,Jazz Rap,calm,6,1,0.166667
2020,Jazz Rap,dark,6,1,0.166667
2020,Jazz Rap,depressive,6,0,0.000000
2020,Jazz Rap,happy,6,0,0.000000
2020,Jazz Rap,melancholic,6,0,0.000000
2020,Jazz Rap,optimistic,6,2,0.333333
2020,Jazz Rap,peaceful,6,0,0.000000
2020,Jazz Rap,playful,6,2,0.333333
2020,Jazz Rap,sad,6,0,0.000000
2020,Jazz Rap,sombre,6,0,0.000000
2020,Jazz Rap,uplifting,6,0,0.000000
2020,Jazz-Funk,aggressive,1,0,0.000000
2020,Jazz-Funk,angry,1,0,0.000000
2020,Jazz-Funk,anxious,1,0,0.000000
2020,Jazz-Funk,bittersweet,1,0,0.000000
2020,Jazz-Funk,calm,1,0,0.000000
2020,Jazz-Funk,dark,1,0,0.000000
2020,Jazz-Funk,depressive,1,0,0.000000
2020,Jazz-Funk,happy,1,0,0.000000
2020,Jazz-Funk,melancholic,1,0,0.000000
2020,Jazz-Funk,optimistic,1,0,0.000000
2020,Jazz-Funk,peaceful,1,0,0.000000
2020,Jazz-Funk,playful,1,1,1.000000
2020,Jazz-Funk,sad,1,0,0.000000
2020,Jazz-Funk,sombre,1,0,0.000000
2020,Jazz-Funk,uplifting,1,0,0.000000
2020,K-Pop,aggressive,2,0,0.000000
2020,K-Pop,angry,2,0,0.000000
2020,K-Pop,anxious,2,0,0.000000
2020,K-Pop,bittersweet,2,1,0.500000
2020,K-Pop,calm,2,0,0.000000
2020,K-Pop,dark,2,0,0.000000
2020,K-Pop,depressive,2,0,0.000000
2020,K-Pop,happy,2,1,0.500000
2020,K-Pop,melancholic,2,0,0.000000
2020,K-Pop,optimistic,2,0,0.000000
2020,K-Pop,peaceful,2,0,0.000000
2020,K-Pop,playful,2,1,0.500000
2020,K-Pop,sad,2,0,0.000000
2020,K-Pop,sombre,2,0,0.000000
2020,K-Pop,uplifting,2,1,0.500000
2020,Latin Electronic,aggressive,1,0,0.000000
2020,Latin Electronic,angry,1,0,0.000000
2020,Latin Electronic,anxious,1,0,0.000000
2020,Latin Electronic,bittersweet,1,0,0.000000
2020,Latin Electronic,calm,1,0,0.000000
2020,Latin Electronic,dark,1,0,0.000000
2020,Latin Electronic,depressive,1,0,0.000000
2020,Latin Electronic,happy,1,0,0.000000
2020,Latin Electronic,melancholic,1,0,0.000000
2020,Latin Electronic,optimistic,1,0,0.000000
2020,Latin Electronic,peaceful,1,0,0.000000
2020,Latin Electronic,playful,1,0,0.000000
2020,Latin Electronic,sad,1,0,0.000000
2020,Latin Electronic,sombre,1,0,0.000000
2020,Latin Electronic,uplifting,1,0,0.000000
2020,Math Rock,aggressive,2,0,0.000000
2020,Math Rock,angry,2,0,0.000000
2020,Math Rock,anxious,2,0,0.000000
2020,Math Rock,bittersweet,2,1,0.500000
2020,Math Rock,calm,2,0,0.000000
2020,Math Rock,dark,2,0,0.000000
2020,Math Rock,depressive,2,0,0.000000
2020,Math Rock,happy,2,0,0.000000
2020,Math Rock,melancholic,2,0,0.000000
2020,Math Rock,optimistic,2,0,0.000000
2020,Math Rock,peaceful,2,0,0.000000
2020,Math Rock,playful,2,0,0.000000
2020,Math Rock,sad,2,0,0.000000
2020,Math Rock,sombre,2,0,0.000000
2020,Math Rock,uplifting,2,0,0.000000
2020,Metalcore,aggressive,3,2,0.666667
2020,Metalcore,angry,3,1,0.333333
2020,Metalcore,anxious,3,0,0.000000
2020,Metalcore,bittersweet,3,0,0.000000
2020,Metalcore,calm,3,0,0.000000
2020,Metalcore,dark,3,2,0.666667
2020,Metalcore,depressive,3,0,0.000000
2020,Metalcore,happy,3,0,0.000000
2020,Metalcore,melancholic,3,1,0.333333
2020,Metalcore,optimistic,3,0,0.000000
2020,Metalcore,peaceful,3,0,0.000000
2020,Metalcore,playful,3,0,0.000000
2020,Metalcore,sad,3,0,0.000000
2020,Metalcore,sombre,3,0,0.000000
2020,Metalcore,uplifting,3,0,0.000000
2020,Mexican Folk Music,aggressive,1,0,0.000000
2020,Mexican Folk Music,angry,1,0,0.000000
2020,Mexican Folk Music,anxious,1,0,0.000000
2020,Mexican Folk Music,bittersweet,1,0,0.000000
2020,Mexican Folk Music,calm,1,0,0.000000
2020,Mexican Folk Music,dark,1,0,0.000000
2020,Mexican Folk Music,depressive,1,0,0.000000
2020,Mexican Folk Music,happy,1,0,0.000000
2020,Mexican Folk Music,melancholic,1,0,0.000000
2020,Mexican Folk Music,optimistic,1,0,0.000000
2020,Mexican Folk Music,peaceful,1,0,0.000000
2020,Mexican Folk Music,playful,1,0,0.000000
2020,Mexican Folk Music,sad,1,0,0.000000
2020,Mexican Folk Music,sombre,1,0,0.000000
2020,Mexican Folk Music,uplifting,1,1,1.000000
2020,Microhouse,aggressive,1,0,0.000000
2020,Microhouse,angry,1,0,0.000000
2020,Microhouse,anxious,1,0,0.000000
2020,Microhouse,bittersweet,1,0,0.000000
2020,Microhouse,calm,1,1,1.000000
2020,Microhouse,dark,1,0,0.000000
2020,Microhouse,depressive,1,0,0.000000
2020,Microhouse,happy,1,1,1.000000
2020,Microhouse,melancholic,1,0,0.000000
2020,Microhouse,optimistic,1,0,0.000000
2020,Microhouse,peaceful,1,1,1.000000
2020,Microhouse,playful,1,0,0.000000
2020,Microhouse,sad,1,0,0.000000
2020,Microhouse,sombre,1,0,0.000000
2020,Microhouse,uplifting,1,1,1.000000
2020,Minimalism,aggressive,1,0,0.000000
2020,Minimalism,angry,1,0,0.000000
2020,Minimalism,anxious,1,0,0.000000
2020,Minimalism,bittersweet,1,0,0.000000
2020,Minimalism,calm,1,1,1.000000
2020,Minimalism,dark,1,1,1.000000
2020,Minimalism,depressive,1,0,0.000000
2020,Minimalism,happy,1,0,0.000000
2020,Minimalism,melancholic,1,0,0.000000
2020,Minimalism,optimistic,1,0,0.000000
2020,Minimalism,peaceful,1,0,0.000000
2020,Minimalism,playful,1,0,0.000000
2020,Minimalism,sad,1,0,0.000000
2020,Minimalism,sombre,1,0,0.000000
2020,Minimalism,uplifting,1,0,0.000000
2020,Modern Classical,aggressive,1,0,0.000000
2020,Modern Classical,angry,1,0,0.000000
2020,Modern Classical,anxious,1,0,0.000000
2020,Modern Classical,bittersweet,1,1,1.000000
2020,Modern Classical,calm,1,0,0.000000
2020,Modern Classical,dark,1,0,0.000000
2020,Modern Classical,depressive,1,0,0.000000
2020,Modern Classical,happy,1,0,0.000000
2020,Modern Classical,melancholic,1,1,1.000000
2020,Modern Classical,optimistic,1,0,0.000000
2020,Modern Classical,peaceful,1,0,0.000000
2020,Modern Classical,playful,1,0,0.000000
2020,Modern Classical,sad,1,0,0.000000
2020,Modern Classical,sombre,1,0,0.000000
2020,Modern Classical,uplifting,1,0,0.000000
2020,Musical Comedy,aggressive,1,0,0.000000
2020,Musical Comedy,angry,1,0,0.000000
2020,Musical Comedy,anxious,1,0,0.000000
2020,Musical Comedy,bittersweet,1,0,0.000000
2020,Musical Comedy,calm,1,0,0.000000
2020,Musical Comedy,dark,1,0,0.000000
2020,Musical Comedy,depressive,1,1,1.000000
2020,Musical Comedy,happy,1,0,0.000000
2020,Musical Comedy,melancholic,1,0,0.000000
2020,Musical Comedy,optimistic,1,0,0.000000
2020,Musical Comedy,peaceful,1,0,0.000000
2020,Musical Comedy,playful,1,0,0.000000
2020,Musical Comedy,sad,1,0,0.000000
2020,Musical Comedy,sombre,1,0,0.000000
2020,Musical Comedy,uplifting,1,0,0.000000
2020,Neo-Psychedelia,aggressive,14,0,0.000000
2020,Neo-Psychedelia,angry,14,0,0.000000
2020,Neo-Psychedelia,anxious,14,0,0.000000
2020,Neo-Psychedelia,bittersweet,14,5,0.357143
2020,Neo-Psychedelia,calm,14,0,0.000000
2020,Neo-Psychedelia,dark,14,0,0.000000
2020,Neo-Psychedelia,depressive,14,2,0.142857
2020,Neo-Psychedelia,happy,14,1,0.071429
2020,Neo-Psychedelia,melancholic,14,3,0.214286
2020,Neo-Psychedelia,optimistic,14,0,0.000000
2020,Neo-Psychedelia,peaceful,14,0,0.000000
2020,Neo-Psychedelia,playful,14,3,0.214286
2020,Neo-Psychedelia,sad,14,0,0.000000
2020,Neo-Psychedelia,sombre,14,1,0.071429
2020,Neo-Psychedelia,uplifting,14,3,0.214286
2020,Neo-Soul,aggressive,7,0,0.000000
2020,Neo-Soul,angry,7,0,0.000000
2020,Neo-Soul,anxious,7,0,0.000000
2020,Neo-Soul,bittersweet,7,2,0.285714
2020,Neo-Soul,calm,7,2,0.285714
2020,Neo-Soul,dark,7,0,0.000000
2020,Neo-Soul,depressive,7,1,0.142857
2020,Neo-Soul,happy,7,0,0.000000
2020,Neo-Soul,melancholic,7,2,0.285714
2020,Neo-Soul,optimistic,7,0,0.000000
2020,Neo-Soul,peaceful,7,0,0.000000
2020,Neo-Soul,playful,7,2,0.285714
2020,Neo-Soul,sad,7,1,0.142857
2020,Neo-Soul,sombre,7,0,0.000000
2020,Neo-Soul,uplifting,7,1,0.142857
2020,Neoclassical Darkwave,aggressive,1,0,0.000000
2020,Neoclassical Darkwave,angry,1,0,0.000000
2020,Neoclassical Darkwave,anxious,1,0,0.000000
2020,Neoclassical Darkwave,bittersweet,1,0,0.000000
2020,Neoclassical Darkwave,calm,1,0,0.000000
2020,Neoclassical Darkwave,dark,1,0,0.000000
2020,Neoclassical Darkwave,depressive,1,0,0.000000
2020,Neoclassical Darkwave,happy,1,0,0.000000
2020,Neoclassical Darkwave,melancholic,1,0,0.000000
2020,Neoclassical Darkwave,optimistic,1,0,0.000000
2020,Neoclassical Darkwave,peaceful,1,0,0.000000
2020,Neoclassical Darkwave,playful,1,0,0.000000
2020,Neoclassical Darkwave,sad,1,0,0.000000
2020,Neoclassical Darkwave,sombre,1,1,1.000000
2020,Neoclassical Darkwave,uplifting,1,0,0.000000
2020,New Wave,aggressive,2,0,0.000000
2020,New Wave,angry,2,0,0.000000
2020,New Wave,anxious,2,0,0.000000
2020,New Wave,bittersweet,2,0,0.000000
2020,New Wave,calm,2,0,0.000000
2020,New Wave,dark,2,0,0.000000
2020,New Wave,depressive,2,0,0.000000
2020,New Wave,happy,2,0,0.000000
2020,New Wave,melancholic,2,0,0.000000
2020,New Wave,optimistic,2,0,0.000000
2020,New Wave,peaceful,2,0,0.000000
2020,New Wave,playful,2,0,0.000000
2020,New Wave,sad,2,0,0.000000
2020,New Wave,sombre,2,1,0.500000
2020,New Wave,uplifting,2,1,0.500000
2020,Noise,aggressive,1,0,0.000000
2020,Noise,angry,1,0,0.000000
2020,Noise,anxious,1,0,0.000000
2020,Noise,bittersweet,1,0,0.000000
2020,Noise,calm,1,0,0.000000
2020,Noise,dark,1,0,0.000000
2020,Noise,depressive,1,0,0.000000
2020,Noise,happy,1,0,0.000000
2020,Noise,melancholic,1,0,0.000000
2020,Noise,optimistic,1,0,0.000000
2020,Noise,peaceful,1,0,0.000000
2020,Noise,playful,1,0,0.000000
2020,Noise,sad,1,0,0.000000
2020,Noise,sombre,1,0,0.000000
2020,Noise,uplifting,1,0,0.000000
2020,Noise Pop,aggressive,3,0,0.000000
2020,Noise Pop,angry,3,0,0.000000
2020,Noise Pop,anxious,3,0,0.000000
2020,Noise Pop,bittersweet,3,1,0.333333
2020,Noise Pop,calm,3,0,0.000000
2020,Noise Pop,dark,3,0,0.000000
2020,Noise Pop,depressive,3,1,0.333333
2020,Noise Pop,happy,3,0,0.000000
2020,Noise Pop,melancholic,3,2,0.666667
2020,Noise Pop,optimistic,3,0,0.000000
2020,Noise Pop,peaceful,3,0,0.000000
2020,Noise Pop,playful,3,1,0.333333
2020,Noise Pop,sad,3,0,0.000000
2020,Noise Pop,sombre,3,0,0.000000
2020,Noise Pop,uplifting,3,0,0.000000
2020,Noise Rock,aggressive,1,0,0.000000
2020,Noise Rock,angry,1,1,1.000000
2020,Noise Rock,anxious,1,0,0.000000
2020,Noise Rock,bittersweet,1,0,0.000000
2020,Noise Rock,calm,1,0,0.000000
2020,Noise Rock,dark,1,0,0.000000
2020,Noise Rock,depressive,1,0,0.000000
2020,Noise Rock,happy,1,0,0.000000
2020,Noise Rock,melancholic,1,0,0.000000
2020,Noise Rock,optimistic,1,0,0.000000
2020,Noise Rock,peaceful,1,0,0.000000
2020,Noise Rock,playful,1,0,0.000000
2020,Noise Rock,sad,1,0,0.000000
2020,Noise Rock,sombre,1,0,0.000000
2020,Noise Rock,uplifting,1,0,0.000000
2020,Nu Jazz,aggressive,1,0,0.000000
2020,Nu Jazz,angry,1,0,0.000000
2020,Nu Jazz,anxious,1,0,0.000000
2020,Nu Jazz,bittersweet,1,0,0.000000
2020,Nu Jazz,calm,1,1,1.000000
2020,Nu Jazz,dark,1,0,0.000000
2020,Nu Jazz,depressive,1,0,0.000000
2020,Nu Jazz,happy,1,0,0.000000
2020,Nu Jazz,melancholic,1,0,0.000000
2020,Nu Jazz,optimistic,1,0,0.000000
2020,Nu Jazz,peaceful,1,0,0.000000
2020,Nu Jazz,playful,1,0,0.000000
2020,Nu Jazz,sad,1,0,0.000000
2020,Nu Jazz,sombre,1,0,0.000000
2020,Nu Jazz,uplifting,1,0,0.000000
2020,Nu-Disco,aggressive,2,0,0.000000
2020,Nu-Disco,angry,2,0,0.000000
2020,Nu-Disco,anxious,2,0,0.000000
2020,Nu-Disco,bittersweet,2,1,0.500000
2020,Nu-Disco,calm,2,0,0.000000
2020,Nu-Disco,dark,2,0,0.000000
2020,Nu-Disco,depressive,2,0,0.000000
2020,Nu-Disco,happy,2,0,0.000000
2020,Nu-Disco,melancholic,2,0,0.000000
2020,Nu-Disco,optimistic,2,0,0.000000
2020,Nu-Disco,peaceful,2,0,0.000000
2020,Nu-Disco,playful,2,1,0.500000
2020,Nu-Disco,sad,2,0,0.000000
2020,Nu-Disco,sombre,2,0,0.000000
2020,Nu-Disco,uplifting,2,1,0.500000
2020,Opera,aggressive,1,0,0.000000
2020,Opera,angry,1,0,0.000000
2020,Opera,anxious,1,0,0.000000
2020,Opera,bittersweet,1,0,0.000000
2020,Opera,calm,1,0,0.000000
2020,Opera,dark,1,0,0.000000
2020,Opera,depressive,1,0,0.000000
2020,Opera,happy,1,0,0.000000
2020,Opera,melancholic,1,0,0.000000
2020,Opera,optimistic,1,0,0.000000
2020,Opera,peaceful,1,0,0.000000
2020,Opera,playful,1,0,0.000000
2020,Opera,sad,1,0,0.000000
2020,Opera,sombre,1,0,0.000000
2020,Opera,uplifting,1,0,0.000000
2020,Political Hip Hop,aggressive,1,1,1.000000
2020,Political Hip Hop,angry,1,0,0.000000
2020,Political Hip Hop,anxious,1,0,0.000000
2020,Political Hip Hop,bittersweet,1,0,0.000000
2020,Political Hip Hop,calm,1,0,0.000000
2020,Political Hip Hop,dark,1,0,0.000000
2020,Political Hip Hop,depressive,1,0,0.000000
2020,Political Hip Hop,happy,1,0,0.000000
2020,Political Hip Hop,melancholic,1,0,0.000000
2020,Political Hip Hop,optimistic,1,0,0.000000
2020,Political Hip Hop,peaceful,1,0,0.000000
2020,Political Hip Hop,playful,1,0,0.000000
2020,Political Hip Hop,sad,1,0,0.000000
2020,Political Hip Hop,sombre,1,0,0.000000
2020,Political Hip Hop,uplifting,1,0,0.000000
2020,Pop,aggressive,4,0,0.000000
2020,Pop,angry,4,1,0.250000
2020,Pop,anxious,4,0,0.000000
2020,Pop,bittersweet,4,2,0.500000
2020,Pop,calm,4,0,0.000000
2020,Pop,dark,4,0,0.000000
2020,Pop,depressive,4,0,0.000000
2020,Pop,happy,4,1,0.250000
2020,Pop,melancholic,4,0,0.000000
2020,Pop,optimistic,4,0,0.000000
2020,Pop,peaceful,4,0,0.000000
2020,Pop,playful,4,0,0.000000
2020,Pop,sad,4,0,0.000000
2020,Pop,sombre,4,0,0.000000
2020,Pop,uplifting,4,1,0.250000
2020,Pop Punk,aggressive,2,0,0.000000
2020,Pop Punk,angry,2,1,0.500000
2020,Pop Punk,anxious,2,0,0.000000
2020,Pop Punk,bittersweet,2,2,1.000000
2020,Pop Punk,calm,2,0,0.000000
2020,Pop Punk,dark,2,0,0.000000
2020,Pop Punk,depressive,2,0,0.000000
2020,Pop Punk,happy,2,0,0.000000
2020,Pop Punk,melancholic,2,0,0.000000
2020,Pop Punk,optimistic,2,0,0.000000
2020,Pop Punk,peaceful,2,0,0.000000
2020,Pop Punk,playful,2,0,0.000000
2020,Pop Punk,sad,2,0,0.000000
2020,Pop Punk,sombre,2,0,0.000000
2020,Pop Punk,uplifting,2,0,0.000000
2020,Pop Rap,aggressive,15,2,0.133333
2020,Pop Rap,angry,15,1,0.066667
2020,Pop Rap,anxious,15,0,0.000000
2020,Pop Rap,bittersweet,15,3,0.200000
2020,Pop Rap,calm,15,1,0.066667
2020,Pop Rap,dark,15,0,0.000000
2020,Pop Rap,depressive,15,0,0.000000
2020,Pop Rap,happy,15,1,0.066667
2020,Pop Rap,melancholic,15,0,0.000000
2020,Pop Rap,optimistic,15,0,0.000000
2020,Pop Rap,peaceful,15,0,0.000000
2020,Pop Rap,playful,15,3,0.200000
2020,Pop Rap,sad,15,0,0.000000
2020,Pop Rap,sombre,15,0,0.000000
2020,Pop Rap,uplifting,15,2,0.133333
2020,Pop Rock,aggressive,9,0,0.000000
2020,Pop Rock,angry,9,0,0.000000
2020,Pop Rock,anxious,9,0,0.000000
2020,Pop Rock,bittersweet,9,3,0.333333
2020,Pop Rock,calm,9,0,0.000000
2020,Pop Rock,dark,9,0,0.000000
2020,Pop Rock,depressive,9,0,0.000000
2020,Pop Rock,happy,9,1,0.111111
2020,Pop Rock,melancholic,9,2,0.222222
2020,Pop Rock,optimistic,9,0,0.000000
2020,Pop Rock,peaceful,9,0,0.000000
2020,Pop Rock,playful,9,2,0.222222
2020,Pop Rock,sad,9,1,0.111111
2020,Pop Rock,sombre,9,0,0.000000
2020,Pop Rock,uplifting,9,3,0.333333
2020,Pop Soul,aggressive,1,0,0.000000
2020,Pop Soul,angry,1,0,0.000000
2020,Pop Soul,anxious,1,1,1.000000
2020,Pop Soul,bittersweet,1,1,1.000000
2020,Pop Soul,calm,1,0,0.000000
2020,Pop Soul,dark,1,0,0.000000
2020,Pop Soul,depressive,1,0,0.000000
2020,Pop Soul,happy,1,0,0.000000
2020,Pop Soul,melancholic,1,1,1.000000
2020,Pop Soul,optimistic,1,0,0.000000
2020,Pop Soul,peaceful,1,0,0.000000
2020,Pop Soul,playful,1,0,0.000000
2020,Pop Soul,sad,1,0,0.000000
2020,Pop Soul,sombre,1,0,0.000000
2020,Pop Soul,uplifting,1,0,0.000000
2020,Post-Hardcore,aggressive,4,1,0.250000
2020,Post-Hardcore,angry,4,3,0.750000
2020,Post-Hardcore,anxious,4,2,0.500000
2020,Post-Hardcore,bittersweet,4,0,0.000000
2020,Post-Hardcore,calm,4,0,0.000000
2020,Post-Hardcore,dark,4,0,0.000000
2020,Post-Hardcore,depressive,4,0,0.000000
2020,Post-Hardcore,happy,4,0,0.000000
2020,Post-Hardcore,melancholic,4,0,0.000000
2020,Post-Hardcore,optimistic,4,0,0.000000
2020,Post-Hardcore,peaceful,4,0,0.000000
2020,Post-Hardcore,playful,4,0,0.000000
2020,Post-Hardcore,sad,4,1,0.250000
2020,Post-Hardcore,sombre,4,0,0.000000
2020,Post-Hardcore,uplifting,4,1,0.250000
2020,Post-Industrial,aggressive,3,0,0.000000
2020,Post-Industrial,angry,3,0,0.000000
2020,Post-Industrial,anxious,3,0,0.000000
2020,Post-Industrial,bittersweet,3,0,0.000000
2020,Post-Industrial,calm,3,0,0.000000
2020,Post-Industrial,dark,3,0,0.000000
2020,Post-Industrial,depressive,3,0,0.000000
2020,Post-Industrial,happy,3,0,0.000000
2020,Post-Industrial,melancholic,3,0,0.000000
2020,Post-Industrial,optimistic,3,0,0.000000
2020,Post-Industrial,peaceful,3,0,0.000000
2020,Post-Industrial,playful,3,0,0.000000
2020,Post-Industrial,sad,3,0,0.000000
2020,Post-Industrial,sombre,3,0,0.000000
2020,Post-Industrial,uplifting,3,0,0.000000
2020,Post-Metal,aggressive,1,0,0.000000
2020,Post-Metal,angry,1,0,0.000000
2020,Post-Metal,anxious,1,0,0.000000
2020,Post-Metal,bittersweet,1,0,0.000000
2020,Post-Metal,calm,1,0,0.000000
2020,Post-Metal,dark,1,0,0.000000
2020,Post-Metal,depressive,1,0,0.000000
2020,Post-Metal,happy,1,0,0.000000
2020,Post-Metal,melancholic,1,0,0.000000
2020,Post-Metal,optimistic,1,0,0.000000
2020,Post-Metal,peaceful,1,0,0.000000
2020,Post-Metal,playful,1,0,0.000000
2020,Post-Metal,sad,1,0,0.000000
2020,Post-Metal,sombre,1,0,0.000000
2020,Post-Metal,uplifting,1,0,0.000000
2020,Post-Minimalism,aggressive,1,0,0.000000
2020,Post-Minimalism,angry,1,0,0.000000
2020,Post-Minimalism,anxious,1,0,0.000000
2020,Post-Minimalism,bittersweet,1,0,0.000000
2020,Post-Minimalism,calm,1,0,0.000000
2020,Post-Minimalism,dark,1,0,0.000000
2020,Post-Minimalism,depressive,1,0,0.000000
2020,Post-Minimalism,happy,1,0,0.000000
2020,Post-Minimalism,melancholic,1,0,0.000000
2020,Post-Minimalism,optimistic,1,0,0.000000
2020,Post-Minimalism,peaceful,1,0,0.000000
2020,Post-Minimalism,playful,1,0,0.000000
2020,Post-Minimalism,sad,1,0,0.000000
2020,Post-Minimalism,sombre,1,0,0.000000
2020,Post-Minimalism,uplifting,1,0,0.000000
2020,Post-Punk,aggressive,10,3,0.300000
2020,Post-Punk,angry,10,1,0.100000
2020,Post-Punk,anxious,10,4,0.400000
2020,Post-Punk,bittersweet,10,0,0.000000
2020,Post-Punk,calm,10,0,0.000000
2020,Post-Punk,dark,10,3,0.300000
2020,Post-Punk,depressive,10,1,0.100000
2020,Post-Punk,happy,10,0,0.000000
2020,Post-Punk,melancholic,10,1,0.100000
2020,Post-Punk,optimistic,10,0,0.000000
2020,Post-Punk,peaceful,10,0,0.000000
2020,Post-Punk,playful,10,1,0.100000
2020,Post-Punk,sad,10,0,0.000000
2020,Post-Punk,sombre,10,3,0.300000
2020,Post-Punk,uplifting,10,0,0.000000
2020,Post-Rock,aggressive,4,0,0.000000
2020,Post-Rock,angry,4,0,0.000000
2020,Post-Rock,anxious,4,1,0.250000
2020,Post-Rock,bittersweet,4,1,0.250000
2020,Post-Rock,calm,4,0,0.000000
2020,Post-Rock,dark,4,1,0.250000
2020,Post-Rock,depressive,4,0,0.000000
2020,Post-Rock,happy,4,0,0.000000
2020,Post-Rock,melancholic,4,2,0.500000
2020,Post-Rock,optimistic,4,0,0.000000
2020,Post-Rock,peaceful,4,0,0.000000
2020,Post-Rock,playful,4,0,0.000000
2020,Post-Rock,sad,4,0,0.000000
2020,Post-Rock,sombre,4,0,0.000000
2020,Post-Rock,uplifting,4,0,0.000000
2020,Power Electronics,aggressive,1,1,1.000000
2020,Power Electronics,angry,1,0,0.000000
2020,Power Electronics,anxious,1,0,0.000000
2020,Power Electronics,bittersweet,1,0,0.000000
2020,Power Electronics,calm,1,0,0.000000
2020,Power Electronics,dark,1,1,1.000000
2020,Power Electronics,depressive,1,0,0.000000
2020,Power Electronics,happy,1,0,0.000000
2020,Power Electronics,melancholic,1,0,0.000000
2020,Power Electronics,optimistic,1,0,0.000000
2020,Power Electronics,peaceful,1,0,0.000000
2020,Power Electronics,playful,1,0,0.000000
2020,Power Electronics,sad,1,0,0.000000
2020,Power Electronics,sombre,1,0,0.000000
2020,Power Electronics,uplifting,1,0,0.000000
2020,Power Pop,aggressive,3,0,0.000000
2020,Power Pop,angry,3,1,0.333333
2020,Power Pop,anxious,3,0,0.000000
2020,Power Pop,bittersweet,3,3,1.000000
2020,Power Pop,calm,3,0,0.000000
2020,Power Pop,dark,3,0,0.000000
2020,Power Pop,depressive,3,0,0.000000
2020,Power Pop,happy,3,1,0.333333
2020,Power Pop,melancholic,3,0,0.000000
2020,Power Pop,optimistic,3,0,0.000000
2020,Power Pop,peaceful,3,0,0.000000
2020,Power Pop,playful,3,1,0.333333
2020,Power Pop,sad,3,0,0.000000
2020,Power Pop,sombre,3,0,0.000000
2020,Power Pop,uplifting,3,1,0.333333
2020,Progressive Breaks,aggressive,1,0,0.000000
2020,Progressive Breaks,angry,1,0,0.000000
2020,Progressive Breaks,anxious,1,0,0.000000
2020,Progressive Breaks,bittersweet,1,0,0.000000
2020,Progressive Breaks,calm,1,0,0.000000
2020,Progressive Breaks,dark,1,0,0.000000
2020,Progressive Breaks,depressive,1,0,0.000000
2020,Progressive Breaks,happy,1,0,0.000000
2020,Progressive Breaks,melancholic,1,0,0.000000
2020,Progressive Breaks,optimistic,1,0,0.000000
2020,Progressive Breaks,peaceful,1,0,0.000000
2020,Progressive Breaks,playful,1,0,0.000000
2020,Progressive Breaks,sad,1,0,0.000000
2020,Progressive Breaks,sombre,1,0,0.000000
2020,Progressive Breaks,uplifting,1,0,0.000000
2020,Progressive Electronic,aggressive,2,0,0.000000
2020,Progressive Electronic,angry,2,0,0.000000
2020,Progressive Electronic,anxious,2,0,0.000000
2020,Progressive Electronic,bittersweet,2,0,0.000000
2020,Progressive Electronic,calm,2,0,0.000000
2020,Progressive Electronic,dark,2,0,0.000000
2020,Progressive Electronic,depressive,2,0,0.000000
2020,Progressive Electronic,happy,2,0,0.000000
2020,Progressive Electronic,melancholic,2,0,0.000000
2020,Progressive Electronic,optimistic,2,0,0.000000
2020,Progressive Electronic,peaceful,2,0,0.000000
2020,Progressive Electronic,playful,2,0,0.000000
2020,Progressive Electronic,sad,2,0,0.000000
2020,Progressive Electronic,sombre,2,0,0.000000
2020,Progressive Electronic,uplifting,2,0,0.000000
2020,Progressive Metal,aggressive,2,1,0.500000
2020,Progressive Metal,angry,2,1,0.500000
2020,Progressive Metal,anxious,2,0,0.000000
2020,Progressive Metal,bittersweet,2,0,0.000000
2020,Progressive Metal,calm,2,0,0.000000
2020,Progressive Metal,dark,2,0,0.000000
2020,Progressive Metal,depressive,2,0,0.000000
2020,Progressive Metal,happy,2,0,0.000000
2020,Progressive Metal,melancholic,2,0,0.000000
2020,Progressive Metal,optimistic,2,0,0.000000
2020,Progressive Metal,peaceful,2,0,0.000000
2020,Progressive Metal,playful,2,0,0.000000
2020,Progressive Metal,sad,2,0,0.000000
2020,Progressive Metal,sombre,2,1,0.500000
2020,Progressive Metal,uplifting,2,0,0.000000
2020,Progressive Pop,aggressive,3,0,0.000000
2020,Progressive Pop,angry,3,1,0.333333
2020,Progressive Pop,anxious,3,0,0.000000
2020,Progressive Pop,bittersweet,3,1,0.333333
2020,Progressive Pop,calm,3,0,0.000000
2020,Progressive Pop,dark,3,0,0.000000
2020,Progressive Pop,depressive,3,0,0.000000
2020,Progressive Pop,happy,3,0,0.000000
2020,Progressive Pop,melancholic,3,0,0.000000
2020,Progressive Pop,optimistic,3,0,0.000000
2020,Progressive Pop,peaceful,3,0,0.000000
2020,Progressive Pop,playful,3,2,0.666667
2020,Progressive Pop,sad,3,0,0.000000
2020,Progressive Pop,sombre,3,0,0.000000
2020,Progressive Pop,uplifting,3,1,0.333333
2020,Psychedelic Pop,aggressive,5,0,0.000000
2020,Psychedelic Pop,angry,5,0,0.000000
2020,Psychedelic Pop,anxious,5,0,0.000000
2020,Psychedelic Pop,bittersweet,5,1,0.200000
2020,Psychedelic Pop,calm,5,0,0.000000
2020,Psychedelic Pop,dark,5,0,0.000000
2020,Psychedelic Pop,depressive,5,0,0.000000
2020,Psychedelic Pop,happy,5,1,0.200000
2020,Psychedelic Pop,melancholic,5,1,0.200000
2020,Psychedelic Pop,optimistic,5,0,0.000000
2020,Psychedelic Pop,peaceful,5,0,0.000000
2020,Psychedelic Pop,playful,5,2,0.400000
2020,Psychedelic Pop,sad,5,0,0.000000
2020,Psychedelic Pop,sombre,5,0,0.000000
2020,Psychedelic Pop,uplifting,5,3,0.600000
2020,Psychedelic Rock,aggressive,4,0,0.000000
2020,Psychedelic Rock,angry,4,0,0.000000
2020,Psychedelic Rock,anxious,4,0,0.000000
2020,Psychedelic Rock,bittersweet,4,0,0.000000
2020,Psychedelic Rock,calm,4,0,0.000000
2020,Psychedelic Rock,dark,4,0,0.000000
2020,Psychedelic Rock,depressive,4,0,0.000000
2020,Psychedelic Rock,happy,4,0,0.000000
2020,Psychedelic Rock,melancholic,4,0,0.000000
2020,Psychedelic Rock,optimistic,4,0,0.000000
2020,Psychedelic Rock,peaceful,4,0,0.000000
2020,Psychedelic Rock,playful,4,0,0.000000
2020,Psychedelic Rock,sad,4,0,0.000000
2020,Psychedelic Rock,sombre,4,0,0.000000
2020,Psychedelic Rock,uplifting,4,0,0.000000
2020,Psychedelic Soul,aggressive,2,0,0.000000
2020,Psychedelic Soul,angry,2,0,0.000000
2020,Psychedelic Soul,anxious,2,0,0.000000
2020,Psychedelic Soul,bittersweet,2,0,0.000000
2020,Psychedelic Soul,calm,2,0,0.000000
2020,Psychedelic Soul,dark,2,0,0.000000
2020,Psychedelic Soul,depressive,2,0,0.000000
2020,Psychedelic Soul,happy,2,0,0.000000
2020,Psychedelic Soul,melancholic,2,0,0.000000
2020,Psychedelic Soul,optimistic,2,0,0.000000
2020,Psychedelic Soul,peaceful,2,0,0.000000
2020,Psychedelic Soul,playful,2,1,0.500000
2020,Psychedelic Soul,sad,2,0,0.000000
2020,Psychedelic Soul,sombre,2,0,0.000000
2020,Psychedelic Soul,uplifting,2,0,0.000000
2020,Rage,aggressive,1,1,1.000000
2020,Rage,angry,1,0,0.000000
2020,Rage,anxious,1,0,0.000000
2020,Rage,bittersweet,1,0,0.000000
2020,Rage,calm,1,0,0.000000
2020,Rage,dark,1,0,0.000000
2020,Rage,depressive,1,0,0.000000
2020,Rage,happy,1,0,0.000000
2020,Rage,melancholic,1,0,0.000000
2020,Rage,optimistic,1,0,0.000000
2020,Rage,peaceful,1,0,0.000000
2020,Rage,playful,1,0,0.000000
2020,Rage,sad,1,0,0.000000
2020,Rage,sombre,1,0,0.000000
2020,Rage,uplifting,1,0,0.000000
2020,Ranchera,aggressive,1,0,0.000000
2020,Ranchera,angry,1,0,0.000000
2020,Ranchera,anxious,1,0,0.000000
2020,Ranchera,bittersweet,1,0,0.000000
2020,Ranchera,calm,1,0,0.000000
2020,Ranchera,dark,1,0,0.000000
2020,Ranchera,depressive,1,0,0.000000
2020,Ranchera,happy,1,0,0.000000
2020,Ranchera,melancholic,1,0,0.000000
2020,Ranchera,optimistic,1,0,0.000000
2020,Ranchera,peaceful,1,0,0.000000
2020,Ranchera,playful,1,0,0.000000
2020,Ranchera,sad,1,0,0.000000
2020,Ranchera,sombre,1,0,0.000000
2020,Ranchera,uplifting,1,1,1.000000
2020,Reggaetón,aggressive,1,0,0.000000
2020,Reggaetón,angry,1,0,0.000000
2020,Reggaetón,anxious,1,0,0.000000
2020,Reggaetón,bittersweet,1,0,0.000000
2020,Reggaetón,calm,1,0,0.000000
2020,Reggaetón,dark,1,0,0.000000
2020,Reggaetón,depressive,1,0,0.000000
2020,Reggaetón,happy,1,0,0.000000
2020,Reggaetón,melancholic,1,0,0.000000
2020,Reggaetón,optimistic,1,0,0.000000
2020,Reggaetón,peaceful,1,0,0.000000
2020,Reggaetón,playful,1,0,0.000000
2020,Reggaetón,sad,1,0,0.000000
2020,Reggaetón,sombre,1,0,0.000000
2020,Reggaetón,uplifting,1,0,0.000000
2020,Screamo,aggressive,1,0,0.000000
2020,Screamo,angry,1,1,1.000000
2020,Screamo,anxious,1,1,1.000000
2020,Screamo,bittersweet,1,0,0.000000
2020,Screamo,calm,1,0,0.000000
2020,Screamo,dark,1,0,0.000000
2020,Screamo,depressive,1,0,0.000000
2020,Screamo,happy,1,0,0.000000
2020,Screamo,melancholic,1,0,0.000000
2020,Screamo,optimistic,1,0,0.000000
2020,Screamo,peaceful,1,0,0.000000
2020,Screamo,playful,1,0,0.000000
2020,Screamo,sad,1,1,1.000000
2020,Screamo,sombre,1,0,0.000000
2020,Screamo,uplifting,1,0,0.000000
2020,Shoegaze,aggressive,4,0,0.000000
2020,Shoegaze,angry,4,0,0.000000
2020,Shoegaze,anxious,4,0,0.000000
2020,Shoegaze,bittersweet,4,0,0.000000
2020,Shoegaze,calm,4,0,0.000000
2020,Shoegaze,dark,4,0,0.000000
2020,Shoegaze,depressive,4,2,0.500000
2020,Shoegaze,happy,4,0,0.000000
2020,Shoegaze,melancholic,4,4,1.000000
2020,Shoegaze,optimistic,4,0,0.000000
2020,Shoegaze,peaceful,4,0,0.000000
2020,Shoegaze,playful,4,0,0.000000
2020,Shoegaze,sad,4,0,0.000000
2020,Shoegaze,sombre,4,0,0.000000
2020,Shoegaze,uplifting,4,1,0.250000
2020,Singer-Songwriter,aggressive,24,0,0.000000
2020,Singer-Songwriter,angry,24,2,0.083333
2020,Singer-Songwriter,anxious,24,0,0.000000
2020,Singer-Songwriter,bittersweet,24,15,0.625000
2020,Singer-Songwriter,calm,24,8,0.333333
2020,Singer-Songwriter,dark,24,0,0.000000
2020,Singer-Songwriter,depressive,24,1,0.041667
2020,Singer-Songwriter,happy,24,0,0.000000
2020,Singer-Songwriter,melancholic,24,14,0.583333
2020,Singer-Songwriter,optimistic,24,0,0.000000
2020,Singer-Songwriter,peaceful,24,4,0.166667
2020,Singer-Songwriter,playful,24,1,0.041667
2020,Singer-Songwriter,sad,24,3,0.125000
2020,Singer-Songwriter,sombre,24,0,0.000000
2020,Singer-Songwriter,uplifting,24,0,0.000000
2020,Ska Punk,aggressive,1,0,0.000000
2020,Ska Punk,angry,1,0,0.000000
2020,Ska Punk,anxious,1,0,0.000000
2020,Ska Punk,bittersweet,1,0,0.000000
2020,Ska Punk,calm,1,0,0.000000
2020,Ska Punk,dark,1,0,0.000000
2020,Ska Punk,depressive,1,0,0.000000
2020,Ska Punk,happy,1,0,0.000000
2020,Ska Punk,melancholic,1,0,0.000000
2020,Ska Punk,optimistic,1,0,0.000000
2020,Ska Punk,peaceful,1,0,0.000000
2020,Ska Punk,playful,1,1,1.000000
2020,Ska Punk,sad,1,0,0.000000
2020,Ska Punk,sombre,1,0,0.000000
2020,Ska Punk,uplifting,1,0,0.000000
2020,Sludge Metal,aggressive,1,1,1.000000
2020,Sludge Metal,angry,1,1,1.000000
2020,Sludge Metal,anxious,1,0,0.000000
2020,Sludge Metal,bittersweet,1,0,0.000000
2020,Sludge Metal,calm,1,0,0.000000
2020,Sludge Metal,dark,1,0,0.000000
2020,Sludge Metal,depressive,1,0,0.000000
2020,Sludge Metal,happy,1,0,0.000000
2020,Sludge Metal,melancholic,1,0,0.000000
2020,Sludge Metal,optimistic,1,0,0.000000
2020,Sludge Metal,peaceful,1,0,0.000000
2020,Sludge Metal,playful,1,0,0.000000
2020,Sludge Metal,sad,1,0,0.000000
2020,Sludge Metal,sombre,1,0,0.000000
2020,Sludge Metal,uplifting,1,0,0.000000
2020,Smooth Soul,aggressive,1,0,0.000000
2020,Smooth Soul,angry,1,0,0.000000
2020,Smooth Soul,anxious,1,0,0.000000
2020,Smooth Soul,bittersweet,1,0,0.000000
2020,Smooth Soul,calm,1,0,0.000000
2020,Smooth Soul,dark,1,0,0.000000
2020,Smooth Soul,depressive,1,0,0.000000
2020,Smooth Soul,happy,1,0,0.000000
2020,Smooth Soul,melancholic,1,0,0.000000
2020,Smooth Soul,optimistic,1,0,0.000000
2020,Smooth Soul,peaceful,1,0,0.000000
2020,Smooth Soul,playful,1,1,1.000000
2020,Smooth Soul,sad,1,0,0.000000
2020,Smooth Soul,sombre,1,0,0.000000
2020,Smooth Soul,uplifting,1,1,1.000000
2020,Soft Rock,aggressive,1,0,0.000000
2020,Soft Rock,angry,1,0,0.000000
2020,Soft Rock,anxious,1,0,0.000000
2020,Soft Rock,bittersweet,1,0,0.000000
2020,Soft Rock,calm,1,0,0.000000
2020,Soft Rock,dark,1,0,0.000000
2020,Soft Rock,depressive,1,0,0.000000
2020,Soft Rock,happy,1,0,0.000000
2020,Soft Rock,melancholic,1,0,0.000000
2020,Soft Rock,optimistic,1,0,0.000000
2020,Soft Rock,peaceful,1,0,0.000000
2020,Soft Rock,playful,1,0,0.000000
2020,Soft Rock,sad,1,0,0.000000
2020,Soft Rock,sombre,1,0,0.000000
2020,Soft Rock,uplifting,1,0,0.000000
2020,Sophisti-Pop,aggressive,1,0,0.000000
2020,Sophisti-Pop,angry,1,0,0.000000
2020,Sophisti-Pop,anxious,1,0,0.000000
2020,Sophisti-Pop,bittersweet,1,1,1.000000
2020,Sophisti-Pop,calm,1,0,0.000000
2020,Sophisti-Pop,dark,1,0,0.000000
2020,Sophisti-Pop,depressive,1,0,0.000000
2020,Sophisti-Pop,happy,1,0,0.000000
2020,Sophisti-Pop,melancholic,1,0,0.000000
2020,Sophisti-Pop,optimistic,1,1,1.000000
2020,Sophisti-Pop,peaceful,1,0,0.000000
2020,Sophisti-Pop,playful,1,0,0.000000
2020,Sophisti-Pop,sad,1,0,0.000000
2020,Sophisti-Pop,sombre,1,0,0.000000
2020,Sophisti-Pop,uplifting,1,0,0.000000
2020,Sound Collage,aggressive,1,0,0.000000
2020,Sound Collage,angry,1,1,1.000000
2020,Sound Collage,anxious,1,0,0.000000
2020,Sound Collage,bittersweet,1,0,0.000000
2020,Sound Collage,calm,1,0,0.000000
2020,Sound Collage,dark,1,0,0.000000
2020,Sound Collage,depressive,1,0,0.000000
2020,Sound Collage,happy,1,0,0.000000
2020,Sound Collage,melancholic,1,0,0.000000
2020,Sound Collage,optimistic,1,0,0.000000
2020,Sound Collage,peaceful,1,0,0.000000
2020,Sound Collage,playful,1,0,0.000000
2020,Sound Collage,sad,1,0,0.000000
2020,Sound Collage,sombre,1,0,0.000000
2020,Sound Collage,uplifting,1,0,0.000000
2020,Southern Hip Hop,aggressive,6,3,0.500000
2020,Southern Hip Hop,angry,6,1,0.166667
2020,Southern Hip Hop,anxious,6,0,0.000000
2020,Southern Hip Hop,bittersweet,6,1,0.166667
2020,Southern Hip Hop,calm,6,2,0.333333
2020,Southern Hip Hop,dark,6,1,0.166667
2020,Southern Hip Hop,depressive,6,0,0.000000
2020,Southern Hip Hop,happy,6,0,0.000000
2020,Southern Hip Hop,melancholic,6,0,0.000000
2020,Southern Hip Hop,optimistic,6,0,0.000000
2020,Southern Hip Hop,peaceful,6,0,0.000000
2020,Southern Hip Hop,playful,6,0,0.000000
2020,Southern Hip Hop,sad,6,0,0.000000
2020,Southern Hip Hop,sombre,6,0,0.000000
2020,Southern Hip Hop,uplifting,6,0,0.000000
2020,Spiritual Jazz,aggressive,1,0,0.000000
2020,Spiritual Jazz,angry,1,0,0.000000
2020,Spiritual Jazz,anxious,1,0,0.000000
2020,Spiritual Jazz,bittersweet,1,1,1.000000
2020,Spiritual Jazz,calm,1,0,0.000000
2020,Spiritual Jazz,dark,1,0,0.000000
2020,Spiritual Jazz,depressive,1,0,0.000000
2020,Spiritual Jazz,happy,1,0,0.000000
2020,Spiritual Jazz,melancholic,1,0,0.000000
2020,Spiritual Jazz,optimistic,1,0,0.000000
2020,Spiritual Jazz,peaceful,1,0,0.000000
2020,Spiritual Jazz,playful,1,0,0.000000
2020,Spiritual Jazz,sad,1,0,0.000000
2020,Spiritual Jazz,sombre,1,0,0.000000
2020,Spiritual Jazz,uplifting,1,0,0.000000
2020,Synthpop,aggressive,12,0,0.000000
2020,Synthpop,angry,12,0,0.000000
2020,Synthpop,anxious,12,0,0.000000
2020,Synthpop,bittersweet,12,5,0.416667
2020,Synthpop,calm,12,0,0.000000
2020,Synthpop,dark,12,2,0.166667
2020,Synthpop,depressive,12,1,0.083333
2020,Synthpop,happy,12,0,0.000000
2020,Synthpop,melancholic,12,1,0.083333
2020,Synthpop,optimistic,12,0,0.000000
2020,Synthpop,peaceful,12,0,0.000000
2020,Synthpop,playful,12,3,0.250000
2020,Synthpop,sad,12,0,0.000000
2020,Synthpop,sombre,12,1,0.083333
2020,Synthpop,uplifting,12,1,0.083333
2020,Tech House,aggressive,1,0,0.000000
2020,Tech House,angry,1,0,0.000000
2020,Tech House,anxious,1,0,0.000000
2020,Tech House,bittersweet,1,0,0.000000
2020,Tech House,calm,1,1,1.000000
2020,Tech House,dark,1,0,0.000000
2020,Tech House,depressive,1,0,0.000000
2020,Tech House,happy,1,0,0.000000
2020,Tech House,melancholic,1,0,0.000000
2020,Tech House,optimistic,1,0,0.000000
2020,Tech House,peaceful,1,0,0.000000
2020,Tech House,playful,1,0,0.000000
2020,Tech House,sad,1,0,0.000000
2020,Tech House,sombre,1,0,0.000000
2020,Tech House,uplifting,1,0,0.000000
2020,Technical Death Metal,aggressive,3,1,0.333333
2020,Technical Death Metal,angry,3,0,0.000000
2020,Technical Death Metal,anxious,3,0,0.000000
2020,Technical Death Metal,bittersweet,3,0,0.000000
2020,Technical Death Metal,calm,3,0,0.000000
2020,Technical Death Metal,dark,3,2,0.666667
2020,Technical Death Metal,depressive,3,0,0.000000
2020,Technical Death Metal,happy,3,0,0.000000
2020,Technical Death Metal,melancholic,3,1,0.333333
2020,Technical Death Metal,optimistic,3,0,0.000000
2020,Technical Death Metal,peaceful,3,0,0.000000
2020,Technical Death Metal,playful,3,0,0.000000
2020,Technical Death Metal,sad,3,0,0.000000
2020,Technical Death Metal,sombre,3,0,0.000000
2020,Technical Death Metal,uplifting,3,0,0.000000
2020,Techno,aggressive,1,0,0.000000
2020,Techno,angry,1,0,0.000000
2020,Techno,anxious,1,0,0.000000
2020,Techno,bittersweet,1,0,0.000000
2020,Techno,calm,1,0,0.000000
2020,Techno,dark,1,0,0.000000
2020,Techno,depressive,1,0,0.000000
2020,Techno,happy,1,0,0.000000
2020,Techno,melancholic,1,0,0.000000
2020,Techno,optimistic,1,0,0.000000
2020,Techno,peaceful,1,0,0.000000
2020,Techno,playful,1,0,0.000000
2020,Techno,sad,1,0,0.000000
2020,Techno,sombre,1,0,0.000000
2020,Techno,uplifting,1,0,0.000000
2020,Third Stream,aggressive,1,0,0.000000
2020,Third Stream,angry,1,0,0.000000
2020,Third Stream,anxious,1,0,0.000000
2020,Third Stream,bittersweet,1,0,0.000000
2020,Third Stream,calm,1,0,0.000000
2020,Third Stream,dark,1,0,0.000000
2020,Third Stream,depressive,1,0,0.000000
2020,Third Stream,happy,1,0,0.000000
2020,Third Stream,melancholic,1,0,0.000000
2020,Third Stream,optimistic,1,0,0.000000
2020,Third Stream,peaceful,1,0,0.000000
2020,Third Stream,playful,1,0,0.000000
2020,Third Stream,sad,1,0,0.000000
2020,Third Stream,sombre,1,0,0.000000
2020,Third Stream,uplifting,1,0,0.000000
2020,Tishoumaren,aggressive,1,0,0.000000
2020,Tishoumaren,angry,1,0,0.000000
2020,Tishoumaren,anxious,1,0,0.000000
2020,Tishoumaren,bittersweet,1,0,0.000000
2020,Tishoumaren,calm,1,0,0.000000
2020,Tishoumaren,dark,1,0,0.000000
2020,Tishoumaren,depressive,1,0,0.000000
2020,Tishoumaren,happy,1,0,0.000000
2020,Tishoumaren,melancholic,1,0,0.000000
2020,Tishoumaren,optimistic,1,0,0.000000
2020,Tishoumaren,peaceful,1,0,0.000000
2020,Tishoumaren,playful,1,0,0.000000
2020,Tishoumaren,sad,1,0,0.000000
2020,Tishoumaren,sombre,1,0,0.000000
2020,Tishoumaren,uplifting,1,0,0.000000
2020,Totalism,aggressive,1,0,0.000000
2020,Totalism,angry,1,0,0.000000
2020,Totalism,anxious,1,0,0.000000
2020,Totalism,bittersweet,1,0,0.000000
2020,Totalism,calm,1,0,0.000000
2020,Totalism,dark,1,0,0.000000
2020,Totalism,depressive,1,0,0.000000
2020,Totalism,happy,1,0,0.000000
2020,Totalism,melancholic,1,0,0.000000
2020,Totalism,optimistic,1,0,0.000000
2020,Totalism,peaceful,1,0,0.000000
2020,Totalism,playful,1,0,0.000000
2020,Totalism,sad,1,0,0.000000
2020,Totalism,sombre,1,0,0.000000
2020,Totalism,uplifting,1,0,0.000000
2020,Trap,aggressive,18,5,0.277778
2020,Trap,angry,18,1,0.055556
2020,Trap,anxious,18,0,0.000000
2020,Trap,bittersweet,18,2,0.111111
2020,Trap,calm,18,0,0.000000
2020,Trap,dark,18,2,0.111111
2020,Trap,depressive,18,0,0.000000
2020,Trap,happy,18,1,0.055556
2020,Trap,melancholic,18,2,0.111111
2020,Trap,optimistic,18,0,0.000000
2020,Trap,peaceful,18,0,0.000000
2020,Trap,playful,18,4,0.222222
2020,Trap,sad,18,1,0.055556
2020,Trap,sombre,18,0,0.000000
2020,Trap,uplifting,18,1,0.055556
2020,UKBass,aggressive,1,0,0.000000
2020,UKBass,angry,1,0,0.000000
2020,UKBass,anxious,1,0,0.000000
2020,UKBass,bittersweet,1,0,0.000000
2020,UKBass,calm,1,0,0.000000
2020,UKBass,dark,1,0,0.000000
2020,UKBass,depressive,1,0,0.000000
2020,UKBass,happy,1,0,0.000000
2020,UKBass,melancholic,1,0,0.000000
2020,UKBass,optimistic,1,0,0.000000
2020,UKBass,peaceful,1,0,0.000000
2020,UKBass,playful,1,0,0.000000
2020,UKBass,sad,1,0,0.000000
2020,UKBass,sombre,1,0,0.000000
2020,UKBass,uplifting,1,0,0.000000
2020,UKHip Hop,aggressive,2,0,0.000000
2020,UKHip Hop,angry,2,0,0.000000
2020,UKHip Hop,anxious,2,0,0.000000
2020,UKHip Hop,bittersweet,2,1,0.500000
2020,UKHip Hop,calm,2,0,0.000000
2020,UKHip Hop,dark,2,1,0.500000
2020,UKHip Hop,depressive,2,0,0.000000
2020,UKHip Hop,happy,2,0,0.000000
2020,UKHip Hop,melancholic,2,0,0.000000
2020,UKHip Hop,optimistic,2,0,0.000000
2020,UKHip Hop,peaceful,2,0,0.000000
2020,UKHip Hop,playful,2,1,0.500000
2020,UKHip Hop,sad,2,0,0.000000
2020,UKHip Hop,sombre,2,0,0.000000
2020,UKHip Hop,uplifting,2,1,0.500000
2020,Vaporwave,aggressive,1,0,0.000000
2020,Vaporwave,angry,1,0,0.000000
2020,Vaporwave,anxious,1,0,0.000000
2020,Vaporwave,bittersweet,1,1,1.000000
2020,Vaporwave,calm,1,0,0.000000
2020,Vaporwave,dark,1,0,0.000000
2020,Vaporwave,depressive,1,0,0.000000
2020,Vaporwave,happy,1,0,0.000000
2020,Vaporwave,melancholic,1,0,0.000000
2020,Vaporwave,optimistic,1,0,0.000000
2020,Vaporwave,peaceful,1,0,0.000000
2020,Vaporwave,playful,1,0,0.000000
2020,Vaporwave,sad,1,0,0.000000
2020,Vaporwave,sombre,1,0,0.000000
2020,Vaporwave,uplifting,1,0,0.000000
2020,West Coast Hip Hop,aggressive,8,0,0.000000
2020,West Coast Hip Hop,angry,8,0,0.000000
2020,West Coast Hip Hop,anxious,8,0,0.000000
2020,West Coast Hip Hop,bittersweet,8,2,0.250000
2020,West Coast Hip Hop,calm,8,0,0.000000
2020,West Coast Hip Hop,dark,8,0,0.000000
2020,West Coast Hip Hop,depressive,8,0,0.000000
2020,West Coast Hip Hop,happy,8,0,0.000000
2020,West Coast Hip Hop,melancholic,8,1,0.125000
2020,West Coast Hip Hop,optimistic,8,1,0.125000
2020,West Coast Hip Hop,peaceful,8,0,0.000000
2020,West Coast Hip Hop,playful,8,3,0.375000
2020,West Coast Hip Hop,sad,8,0,0.000000
2020,West Coast Hip Hop,sombre,8,0,0.000000
2020,West Coast Hip Hop,uplifting,8,0,0.000000
